frame,time_sec,player_id,team,player_x,player_y,speed_mps,ball_x,ball_y,occluded
43,1.435,P05,TEAM_B,1.551,9.867,0.0,,,False
222,7.407,P02,TEAM_A,21.874,2.442,0.0,,,False
234,7.808,P02,TEAM_A,21.681,2.343,0.0,,,False
246,8.208,P02,TEAM_A,21.862,2.45,2.757,,,False
258,8.609,P02,TEAM_A,22.738,2.638,0.0,,,False
270,9.009,P02,TEAM_A,24.148,2.739,3.168,,,False
282,9.409,P02,TEAM_A,25.237,2.882,4.08,,,False
294,9.81,P02,TEAM_A,25.895,2.992,0.0,,,False
306,10.21,P02,TEAM_A,26.85,3.236,0.0,,,False
318,10.611,P02,TEAM_A,27.955,3.688,4.121,,,False
330,11.011,P02,TEAM_A,27.848,3.744,0.0,,,False
342,11.411,P02,TEAM_A,28.964,4.18,0.0,,,False
354,11.812,P02,TEAM_A,29.788,4.539,0.0,,,False
366,12.212,P02,TEAM_A,29.61,4.41,2.892,,,False
378,12.613,P02,TEAM_A,28.624,3.788,0.0,,,False
390,13.013,P02,TEAM_A,27.679,3.363,2.92,,,False
402,13.413,P02,TEAM_A,26.043,2.794,4.395,,,False
414,13.814,P02,TEAM_A,24.645,2.385,3.328,,,False
426,14.214,P02,TEAM_A,24.418,2.38,0.0,,,False
429,14.314,P09,TEAM_B,13.206,10.41,0.0,,,False
438,14.615,P02,TEAM_A,24.24,2.455,0.0,,,False
441,14.715,P09,TEAM_B,12.762,10.996,4.052,,,False
450,15.015,P02,TEAM_A,23.904,2.497,0.0,,,False
453,15.115,P09,TEAM_B,12.55,11.548,0.0,,,False
462,15.415,P02,TEAM_A,23.432,2.772,0.0,,,False
465,15.515,P09,TEAM_B,12.25,12.353,0.0,,,False
474,15.816,P02,TEAM_A,22.829,3.185,0.0,,,False
477,15.916,P09,TEAM_B,11.897,12.946,0.0,,,False
486,16.216,P02,TEAM_A,22.462,3.507,0.0,,,False
489,16.316,P09,TEAM_B,11.638,13.373,0.0,,,False
498,16.617,P02,TEAM_A,21.909,3.896,0.0,,,False
501,16.717,P09,TEAM_B,11.199,13.787,0.0,,,False
510,17.017,P02,TEAM_A,21.396,4.213,0.0,,,False
513,17.117,P09,TEAM_B,10.743,14.221,0.0,,,False
522,17.417,P02,TEAM_A,20.847,4.215,0.0,,,False
525,17.518,P09,TEAM_B,10.139,14.598,3.831,,,False
534,17.818,P02,TEAM_A,20.476,4.446,0.0,,,False
537,17.918,P09,TEAM_B,9.524,15.003,0.0,,,False
546,18.218,P02,TEAM_A,20.188,4.353,0.0,,,False
549,18.318,P09,TEAM_B,9.107,15.268,0.0,,,False
558,18.619,P02,TEAM_A,20.244,4.002,0.0,,,False
561,18.719,P09,TEAM_B,8.323,15.537,0.0,,,False
562,18.752,P11,TEAM_B,26.039,6.137,0.0,,,False
570,19.019,P02,TEAM_A,20.476,4.022,0.0,,,False
573,19.119,P09,TEAM_B,7.661,15.778,0.0,,,False
574,19.152,P11,TEAM_B,25.599,6.424,2.578,,,False
582,19.419,P02,TEAM_A,20.754,3.921,0.0,,,False
585,19.52,P09,TEAM_B,6.87,16.055,0.0,,,False
586,19.553,P11,TEAM_B,25.304,6.842,0.0,,,False
594,19.82,P02,TEAM_A,21.122,3.739,0.0,,,False
597,19.92,P09,TEAM_B,6.143,16.455,0.0,,,False
598,19.953,P11,TEAM_B,24.889,7.043,0.0,,,False
606,20.22,P02,TEAM_A,21.452,3.707,0.0,,,False
609,20.32,P09,TEAM_B,5.798,16.43,3.874,,,False
610,20.354,P11,TEAM_B,24.706,7.381,0.0,,,False
618,20.621,P02,TEAM_A,21.833,3.49,0.0,,,False
621,20.721,P09,TEAM_B,5.102,16.865,0.0,,,False
622,20.754,P11,TEAM_B,24.521,7.813,2.588,,,False
630,21.021,P02,TEAM_A,22.158,3.271,0.0,,,False
634,21.154,P11,TEAM_B,24.274,7.939,0.0,,,False
642,21.421,P02,TEAM_A,22.538,3.21,0.0,,,False
646,21.555,P11,TEAM_B,24.137,8.353,0.0,,,False
654,21.822,P02,TEAM_A,23.104,3.03,0.0,,,False
658,21.955,P11,TEAM_B,24.039,8.616,0.0,,,False
666,22.222,P02,TEAM_A,23.671,2.851,0.0,,,False
670,22.356,P11,TEAM_B,23.924,9.055,2.655,,,False
678,22.623,P02,TEAM_A,24.07,2.83,0.0,,,False
682,22.756,P11,TEAM_B,23.793,9.183,0.0,,,False
690,23.023,P02,TEAM_A,24.529,2.818,0.0,,,False
694,23.156,P11,TEAM_B,23.832,9.597,0.0,,,False
702,23.423,P02,TEAM_A,25.106,2.778,0.0,,,False
706,23.557,P11,TEAM_B,23.965,9.945,0.0,,,False
714,23.824,P02,TEAM_A,25.482,2.811,0.0,,,False
718,23.957,P11,TEAM_B,23.979,10.228,0.0,,,False
726,24.224,P02,TEAM_A,25.929,2.9,0.0,,,False
730,24.358,P11,TEAM_B,23.971,10.269,0.0,,,False
738,24.625,P02,TEAM_A,26.448,2.928,0.0,,,False
742,24.758,P11,TEAM_B,23.975,10.314,0.0,,,False
750,25.025,P02,TEAM_A,26.652,2.962,0.0,,,False
754,25.158,P11,TEAM_B,24.051,10.378,0.0,,,False
762,25.425,P02,TEAM_A,27.2,3.227,0.0,,,False
766,25.559,P11,TEAM_B,24.301,10.312,0.0,,,False
774,25.826,P02,TEAM_A,27.495,3.36,0.0,,,False
778,25.959,P11,TEAM_B,24.814,10.198,0.0,,,False
786,26.226,P02,TEAM_A,28.035,3.468,0.0,,,False
790,26.36,P11,TEAM_B,25.281,10.087,0.0,,,False
798,26.627,P02,TEAM_A,28.338,3.584,0.0,,,False
802,26.76,P11,TEAM_B,25.593,9.957,0.0,,,False
810,27.027,P02,TEAM_A,27.805,3.605,7.865,,,False
814,27.16,P11,TEAM_B,26.134,9.756,0.0,,,False
822,27.427,P02,TEAM_A,27.945,3.575,0.0,,,False
826,27.561,P11,TEAM_B,26.519,9.43,0.0,,,False
834,27.828,P02,TEAM_A,28.131,3.228,2.789,,,False
838,27.961,P11,TEAM_B,26.829,9.218,0.0,,,False
843,28.128,P10,TEAM_B,23.812,0.0,0.0,,,False
846,28.228,P02,TEAM_A,27.475,2.864,0.0,,,False
850,28.362,P11,TEAM_B,27.023,8.987,0.0,,,False
855,28.529,P10,TEAM_B,22.662,0.0,4.459,,,False
858,28.629,P02,TEAM_A,26.499,2.812,0.0,,,False
862,28.762,P11,TEAM_B,27.106,8.657,0.0,,,False
867,28.929,P10,TEAM_B,21.425,0.225,3.526,,,False
870,29.029,P02,TEAM_A,25.045,2.49,3.341,,,False
874,29.162,P11,TEAM_B,27.694,8.176,0.0,,,True
879,29.329,P10,TEAM_B,19.747,0.398,3.472,,,False
882,29.429,P02,TEAM_A,23.281,2.505,4.818,,,False
886,29.563,P11,TEAM_B,28.107,7.782,0.0,,,True
891,29.73,P10,TEAM_B,18.996,0.271,0.0,,,False
894,29.83,P02,TEAM_A,21.614,2.932,4.333,,,False
898,29.963,P11,TEAM_B,28.458,7.047,0.0,,,True
903,30.13,P10,TEAM_B,18.959,0.295,0.0,,,False
906,30.23,P02,TEAM_A,20.936,3.558,0.0,,,False
910,30.364,P11,TEAM_B,28.003,6.898,2.511,,,False
915,30.53,P10,TEAM_B,18.017,0.338,5.835,,,False
918,30.631,P02,TEAM_A,20.045,3.572,3.495,,,False
922,30.764,P11,TEAM_B,26.961,8.146,6.311,,,False
927,30.931,P10,TEAM_B,16.387,0.223,3.47,,,False
930,31.031,P02,TEAM_A,19.267,3.361,2.459,,,False
934,31.164,P11,TEAM_B,25.639,9.944,7.298,,,False
939,31.331,P10,TEAM_B,14.495,0.493,3.623,,,False
942,31.431,P02,TEAM_A,17.988,3.325,0.0,,,False
946,31.565,P11,TEAM_B,24.565,12.455,6.127,,,False
951,31.732,P10,TEAM_B,12.527,0.584,4.104,,,False
954,31.832,P02,TEAM_A,17.145,3.462,2.769,,,False
958,31.965,P11,TEAM_B,23.508,14.89,8.348,,,False
963,32.132,P10,TEAM_B,11.818,1.024,0.0,,,False
966,32.232,P02,TEAM_A,16.833,3.656,7.99,,,False
970,32.366,P11,TEAM_B,22.491,16.376,2.688,,,False
975,32.532,P10,TEAM_B,11.385,1.721,0.0,,,False
978,32.633,P02,TEAM_A,17.474,4.12,3.267,,,False
982,32.766,P11,TEAM_B,21.417,16.889,3.691,,,False
987,32.933,P10,TEAM_B,11.386,2.35,3.338,,,False
990,33.033,P02,TEAM_A,18.049,4.307,0.0,,,False
994,33.166,P11,TEAM_B,19.497,16.289,4.76,,,False
999,33.333,P10,TEAM_B,11.337,3.335,3.851,,,False
1002,33.433,P02,TEAM_A,18.237,4.169,0.0,,,False
1006,33.567,P11,TEAM_B,17.372,14.86,7.007,,,False
1011,33.734,P10,TEAM_B,10.222,5.072,6.226,,,False
1014,33.834,P02,TEAM_A,17.712,3.78,3.522,,,False
1018,33.967,P11,TEAM_B,14.582,14.103,0.0,,,False
1023,34.134,P10,TEAM_B,9.253,7.25,7.385,,,False
1026,34.234,P02,TEAM_A,17.169,3.468,0.0,,,False
1030,34.368,P11,TEAM_B,12.915,13.069,3.972,,,False
1035,34.535,P10,TEAM_B,9.34,8.087,0.0,,,False
1038,34.635,P02,TEAM_A,16.366,3.086,0.0,,,False
1042,34.768,P11,TEAM_B,10.038,11.879,7.463,,,False
1047,34.935,P10,TEAM_B,8.215,8.177,0.0,,,False
1050,35.035,P02,TEAM_A,15.804,2.593,0.0,,,False
1054,35.168,P11,TEAM_B,8.525,10.915,4.935,,,False
1059,35.335,P10,TEAM_B,7.539,7.295,4.883,,,False
1062,35.435,P02,TEAM_A,15.189,2.422,0.0,,,False
1066,35.569,P11,TEAM_B,8.252,9.875,0.0,,,False
1071,35.736,P10,TEAM_B,8.067,6.764,2.453,,,False
1074,35.836,P02,TEAM_A,14.254,3.356,6.497,,,False
1079,36.003,P11,TEAM_B,8.081,10.687,0.0,,,False
1083,36.136,P10,TEAM_B,8.92,6.42,0.0,,,False
1086,36.236,P02,TEAM_A,14.116,3.646,2.727,,,False
1092,36.436,P11,TEAM_B,8.717,11.585,4.493,,,False
1095,36.537,P10,TEAM_B,8.794,6.2,0.0,,,False
1098,36.637,P02,TEAM_A,14.607,4.265,2.728,,,False
1105,36.87,P11,TEAM_B,9.05,13.607,0.0,,,False
1107,36.937,P10,TEAM_B,7.894,7.148,0.0,,,False
1110,37.037,P02,TEAM_A,15.785,5.488,4.277,,,False
1117,37.271,P11,TEAM_B,8.909,15.527,3.819,,,False
1119,37.337,P10,TEAM_B,7.486,7.855,3.28,,,False
1122,37.437,P02,TEAM_A,15.51,6.54,4.298,,,False
1131,37.738,P10,TEAM_B,7.643,8.592,2.955,,,False
1134,37.838,P02,TEAM_A,15.654,7.682,2.618,,,False
1143,38.138,P10,TEAM_B,7.773,9.202,3.906,,,False
1146,38.238,P02,TEAM_A,15.582,8.571,0.0,,,False
1155,38.538,P10,TEAM_B,7.877,9.7,0.0,,,False
1158,38.639,P02,TEAM_A,15.546,9.193,0.0,,,False
1167,38.939,P10,TEAM_B,7.731,9.898,0.0,,,False
1170,39.039,P02,TEAM_A,15.021,9.65,3.467,,,False
1179,39.339,P10,TEAM_B,7.17,10.547,0.0,,,False
1182,39.439,P02,TEAM_A,14.55,9.185,0.0,,,False
1191,39.74,P10,TEAM_B,6.58,10.801,3.241,,,False
1194,39.84,P02,TEAM_A,13.971,8.683,3.34,,,False
1203,40.14,P10,TEAM_B,5.97,10.831,2.727,,,False
1206,40.24,P02,TEAM_A,14.215,8.093,0.0,,,False
1215,40.541,P10,TEAM_B,5.858,10.669,0.0,,,False
1218,40.641,P02,TEAM_A,14.903,7.387,3.093,,,False
1227,40.941,P10,TEAM_B,6.527,10.022,6.438,,,False
1230,41.041,P02,TEAM_A,15.281,7.209,0.0,,,False
1239,41.341,P10,TEAM_B,6.373,9.47,3.175,,,False
1242,41.441,P02,TEAM_A,15.188,7.505,0.0,,,False
1251,41.742,P10,TEAM_B,6.569,8.282,3.356,,,False
1254,41.842,P02,TEAM_A,14.176,8.24,0.0,,,False
1263,42.142,P10,TEAM_B,6.402,7.515,2.99,,,False
1266,42.242,P02,TEAM_A,13.519,7.31,3.584,,,False
1275,42.543,P10,TEAM_B,7.019,6.415,0.0,,,False
1278,42.643,P02,TEAM_A,12.895,8.071,5.283,,,False
1287,42.943,P10,TEAM_B,6.693,6.76,3.323,,,False
1290,43.043,P02,TEAM_A,12.513,9.095,0.0,,,False
1299,43.343,P10,TEAM_B,6.073,6.867,0.0,,,False
1302,43.443,P02,TEAM_A,12.974,8.802,0.0,,,False
1311,43.744,P10,TEAM_B,5.428,7.087,0.0,,,False
1314,43.844,P02,TEAM_A,13.432,7.932,2.451,,,False
1323,44.144,P10,TEAM_B,4.372,7.445,3.166,,,False
1326,44.244,P02,TEAM_A,13.331,7.122,3.744,,,False
1335,44.544,P10,TEAM_B,3.453,7.714,3.649,,,False
1338,44.645,P02,TEAM_A,13.044,6.094,4.166,,,False
1347,44.945,P10,TEAM_B,2.999,7.427,0.0,,,False
1350,45.045,P02,TEAM_A,12.523,5.405,5.889,,,False
1359,45.345,P10,TEAM_B,3.062,6.424,5.007,,,False
1362,45.445,P02,TEAM_A,11.475,5.276,2.97,,,False
1371,45.746,P10,TEAM_B,3.005,5.779,3.261,,,False
1374,45.846,P02,TEAM_A,10.276,4.973,4.558,,,False
1383,46.146,P10,TEAM_B,3.604,5.133,0.0,,,False
1386,46.246,P02,TEAM_A,9.328,4.55,3.283,,,False
1395,46.547,P10,TEAM_B,3.423,5.865,5.604,,,False
1398,46.647,P02,TEAM_A,7.471,4.631,2.619,,,True
1407,46.947,P10,TEAM_B,3.582,6.404,3.992,,,True
1410,47.047,P02,TEAM_A,8.185,3.853,2.757,,,False
1422,47.447,P02,TEAM_A,7.75,3.356,0.0,,,False
1434,47.848,P02,TEAM_A,8.499,3.047,0.0,,,False
1447,48.282,P02,TEAM_A,7.865,2.807,0.0,,,False
1459,48.682,P02,TEAM_A,7.76,2.234,0.0,,,False
1471,49.082,P02,TEAM_A,7.82,1.787,0.0,,,False
1483,49.483,P02,TEAM_A,8.175,1.387,0.0,,,False
1495,49.883,P02,TEAM_A,7.863,0.882,0.0,,,False
1507,50.284,P02,TEAM_A,7.393,0.43,0.0,,,False
1519,50.684,P02,TEAM_A,7.049,0.045,0.0,,,False
1788,59.66,P01,TEAM_A,8.173,7.453,0.0,,,True
1818,60.661,P01,TEAM_A,8.06,8.488,0.0,,,False
1830,61.061,P01,TEAM_A,8.825,8.881,2.674,,,False
1842,61.461,P01,TEAM_A,8.774,9.75,2.598,,,False
1854,61.862,P01,TEAM_A,9.513,10.242,0.0,,,False
1866,62.262,P01,TEAM_A,10.117,11.255,0.0,,,False
1878,62.663,P01,TEAM_A,11.023,12.175,3.532,,,False
1890,63.063,P01,TEAM_A,11.77,13.189,4.568,,,False
1902,63.463,P01,TEAM_A,12.448,14.112,4.068,,,False
1914,63.864,P01,TEAM_A,12.621,14.757,0.0,,,False
1926,64.264,P01,TEAM_A,13.371,15.123,0.0,,,False
1929,64.364,P02,TEAM_A,12.239,3.314,0.0,,,False
1938,64.665,P01,TEAM_A,13.984,15.305,2.633,,,False
1941,64.765,P02,TEAM_A,12.77,3.289,0.0,,,False
1950,65.065,P01,TEAM_A,14.472,15.755,0.0,,,False
1953,65.165,P02,TEAM_A,13.362,3.254,3.185,,,False
1962,65.465,P01,TEAM_A,14.601,16.085,0.0,,,False
1965,65.566,P02,TEAM_A,13.894,3.263,0.0,,,False
1974,65.866,P01,TEAM_A,14.885,16.357,0.0,,,False
1977,65.966,P02,TEAM_A,15.012,3.211,5.343,,,False
1986,66.266,P01,TEAM_A,15.382,16.603,0.0,15.382,16.603,False
1989,66.366,P02,TEAM_A,15.586,3.323,2.616,,,False
1998,66.667,P01,TEAM_A,15.84,16.55,0.0,,,False
2001,66.767,P02,TEAM_A,16.497,3.378,0.0,,,False
2010,67.067,P01,TEAM_A,16.558,16.725,2.762,16.558,16.725,False
2013,67.167,P02,TEAM_A,16.912,3.337,0.0,,,False
2023,67.501,P01,TEAM_A,17.595,17.12,3.986,,,False
2025,67.567,P02,TEAM_A,17.219,3.313,2.721,,,False
2035,67.901,P01,TEAM_A,18.698,17.564,4.15,,,False
2037,67.968,P02,TEAM_A,17.483,3.25,0.0,,,False
2047,68.302,P01,TEAM_A,20.263,17.046,8.182,,,False
2049,68.368,P02,TEAM_A,18.133,3.797,0.0,,,False
2059,68.702,P01,TEAM_A,21.153,16.929,0.0,,,False
2061,68.769,P02,TEAM_A,19.069,4.254,0.0,,,False
2071,69.102,P01,TEAM_A,21.699,16.554,0.0,,,False
2073,69.169,P02,TEAM_A,19.919,4.818,3.648,,,False
2083,69.503,P01,TEAM_A,22.043,16.271,3.638,,,False
2085,69.57,P02,TEAM_A,20.835,5.233,0.0,,,False
2095,69.903,P01,TEAM_A,23.524,16.412,7.11,,,False
2097,69.97,P02,TEAM_A,21.773,5.21,0.0,,,False
2107,70.304,P01,TEAM_A,24.471,16.028,0.0,,,False
2109,70.37,P02,TEAM_A,22.645,5.481,0.0,,,False
2120,70.737,P01,TEAM_A,24.426,16.532,7.065,,,False
2121,70.771,P02,TEAM_A,23.459,5.942,2.701,,,False
2132,71.138,P01,TEAM_A,24.109,17.019,0.0,,,False
2133,71.171,P02,TEAM_A,23.814,6.381,0.0,,,False
2144,71.538,P01,TEAM_A,23.745,17.833,0.0,,,False
2145,71.572,P02,TEAM_A,23.843,7.263,3.375,,,False
2156,71.939,P01,TEAM_A,23.505,19.342,0.0,,,False
2157,71.972,P02,TEAM_A,24.917,8.859,3.112,,,False
2168,72.339,P01,TEAM_A,24.044,19.454,0.0,,,True
2169,72.372,P02,TEAM_A,26.162,10.189,4.966,,,False
2180,72.739,P01,TEAM_A,25.134,18.752,5.723,,,True
2181,72.773,P02,TEAM_A,27.786,10.727,4.359,,,False
2192,73.14,P01,TEAM_A,26.812,18.435,4.761,,,False
2193,73.173,P02,TEAM_A,30.065,11.338,8.417,,,False
2193,73.173,P03,TEAM_A,27.206,18.23,0.0,,,True
2205,73.573,P02,TEAM_A,32.028,12.125,7.404,,,False
2206,73.607,P03,TEAM_A,29.219,17.633,4.903,,,False
2217,73.974,P02,TEAM_A,34.786,12.856,7.754,,,False
2218,74.007,P03,TEAM_A,30.895,16.839,5.406,,,False
2229,74.374,P02,TEAM_A,36.395,11.982,5.456,,,True
2230,74.408,P03,TEAM_A,32.952,17.637,7.47,,,False
2242,74.808,P02,TEAM_A,37.684,11.18,0.0,,,True
2242,74.808,P03,TEAM_A,33.737,17.488,3.245,,,False
2251,75.108,P11,TEAM_B,35.193,17.812,4.37,,,True
2254,75.208,P03,TEAM_A,34.439,17.639,0.0,,,False
2256,75.275,P02,TEAM_A,38.67,9.135,7.542,,,False
2263,75.509,P11,TEAM_B,35.443,17.128,3.866,,,False
2267,75.642,P03,TEAM_A,34.556,18.526,2.592,,,False
2268,75.676,P02,TEAM_A,39.075,7.359,4.23,,,False
2275,75.909,P11,TEAM_B,35.653,16.247,0.0,,,False
2277,75.976,P10,TEAM_B,36.425,6.272,2.451,,,False
2279,76.043,P03,TEAM_A,34.431,19.343,2.42,,,False
2280,76.076,P02,TEAM_A,39.1,5.854,0.0,,,False
2287,76.31,P11,TEAM_B,34.992,14.425,6.838,,,False
2289,76.376,P10,TEAM_B,35.35,6.13,0.0,,,False
2291,76.443,P03,TEAM_A,33.661,19.465,5.493,,,False
2292,76.476,P02,TEAM_A,38.407,4.148,6.933,,,False
2299,76.71,P11,TEAM_B,34.17,13.424,4.807,,,False
2301,76.777,P10,TEAM_B,34.134,5.989,4.585,,,False
2303,76.843,P03,TEAM_A,33.462,19.915,0.0,,,False
2304,76.877,P02,TEAM_A,37.754,2.979,5.614,,,False
2311,77.11,P11,TEAM_B,32.884,12.236,0.0,,,False
2313,77.177,P10,TEAM_B,32.65,5.345,6.153,,,False
2315,77.244,P03,TEAM_A,33.174,20.0,0.0,,,False
2316,77.277,P02,TEAM_A,36.989,2.006,0.0,,,False
2323,77.511,P11,TEAM_B,31.473,11.148,3.751,,,False
2325,77.578,P10,TEAM_B,31.251,4.697,0.0,,,False
2327,77.644,P03,TEAM_A,33.088,20.0,0.0,,,False
2328,77.678,P02,TEAM_A,36.184,1.491,2.852,,,False
2335,77.911,P11,TEAM_B,31.209,11.271,0.0,,,False
2337,77.978,P10,TEAM_B,29.71,4.214,0.0,,,False
2339,78.045,P03,TEAM_A,32.848,20.0,0.0,,,False
2340,78.078,P02,TEAM_A,35.099,1.226,3.354,,,False
2347,78.312,P11,TEAM_B,29.956,10.959,0.0,,,False
2349,78.378,P10,TEAM_B,28.189,3.687,0.0,,,False
2351,78.445,P03,TEAM_A,32.955,20.0,0.0,,,False
2352,78.478,P02,TEAM_A,33.716,1.005,5.504,,,False
2359,78.712,P11,TEAM_B,29.404,11.172,2.77,,,False
2361,78.779,P10,TEAM_B,27.734,3.456,2.509,,,False
2363,78.845,P03,TEAM_A,33.492,20.0,0.0,,,False
2364,78.879,P02,TEAM_A,32.729,1.108,2.631,,,False
2371,79.112,P11,TEAM_B,28.995,12.18,4.658,,,False
2373,79.179,P10,TEAM_B,26.547,3.146,0.0,,,False
2375,79.246,P03,TEAM_A,33.49,19.553,2.605,,,False
2376,79.279,P02,TEAM_A,31.492,1.143,2.511,,,False
2383,79.513,P11,TEAM_B,28.29,12.425,0.0,,,False
2385,79.579,P10,TEAM_B,25.691,3.068,0.0,,,False
2387,79.646,P03,TEAM_A,33.756,18.907,4.201,,,False
2388,79.68,P02,TEAM_A,30.608,1.249,0.0,,,False
2395,79.913,P11,TEAM_B,28.102,12.901,0.0,,,False
2397,79.98,P10,TEAM_B,24.839,3.067,0.0,,,False
2399,80.047,P03,TEAM_A,33.362,17.928,3.089,,,False
2400,80.08,P02,TEAM_A,30.03,0.92,0.0,,,False
2407,80.314,P11,TEAM_B,27.865,12.695,0.0,,,False
2409,80.38,P10,TEAM_B,24.126,3.25,0.0,,,False
2411,80.447,P03,TEAM_A,33.772,17.793,0.0,,,False
2412,80.48,P02,TEAM_A,30.169,1.499,0.0,,,False
2419,80.714,P11,TEAM_B,27.837,11.851,0.0,,,False
2421,80.781,P10,TEAM_B,23.844,3.264,0.0,,,False
2423,80.847,P03,TEAM_A,33.114,17.08,3.059,,,False
2424,80.881,P02,TEAM_A,30.175,1.445,0.0,,,False
2431,81.114,P11,TEAM_B,28.064,10.715,2.817,,,False
2433,81.181,P10,TEAM_B,23.696,3.169,0.0,,,False
2435,81.248,P03,TEAM_A,32.53,16.56,3.635,,,False
2436,81.281,P02,TEAM_A,30.786,1.424,0.0,,,False
2443,81.515,P11,TEAM_B,28.484,9.8,0.0,,,False
2445,81.582,P10,TEAM_B,23.844,3.008,0.0,,,False
2447,81.648,P03,TEAM_A,30.883,16.168,4.38,,,False
2448,81.682,P02,TEAM_A,31.508,1.514,3.262,,,False
2455,81.915,P11,TEAM_B,28.856,9.425,0.0,,,False
2457,81.982,P10,TEAM_B,23.868,3.006,0.0,,,False
2459,82.049,P03,TEAM_A,29.079,15.287,6.162,,,False
2460,82.082,P02,TEAM_A,31.777,1.642,0.0,,,False
2467,82.316,P11,TEAM_B,28.847,9.587,0.0,,,False
2469,82.382,P10,TEAM_B,23.852,3.007,0.0,,,False
2471,82.449,P03,TEAM_A,27.046,14.467,6.301,,,False
2472,82.482,P02,TEAM_A,32.46,1.655,0.0,,,False
2479,82.716,P11,TEAM_B,28.698,10.257,0.0,,,False
2481,82.783,P10,TEAM_B,25.009,2.935,4.269,,,False
2483,82.849,P03,TEAM_A,24.95,13.757,5.598,,,False
2484,82.883,P02,TEAM_A,32.432,1.983,0.0,,,False
2491,83.116,P11,TEAM_B,28.358,10.531,0.0,,,False
2493,83.183,P10,TEAM_B,26.643,2.823,3.517,,,False
2495,83.25,P03,TEAM_A,22.926,12.847,6.867,,,False
2496,83.283,P02,TEAM_A,32.038,2.382,2.515,32.038,2.382,False
2503,83.517,P11,TEAM_B,27.831,10.811,0.0,,,False
2505,83.584,P10,TEAM_B,27.568,2.489,2.434,,,False
2507,83.65,P03,TEAM_A,20.745,11.218,8.211,,,False
2508,83.684,P02,TEAM_A,31.264,1.962,0.0,31.264,1.962,False
2515,83.917,P11,TEAM_B,26.689,10.628,5.179,,,False
2517,83.984,P10,TEAM_B,28.987,2.393,5.095,,,False
2519,84.051,P03,TEAM_A,18.756,9.525,4.515,,,True
2520,84.084,P02,TEAM_A,31.644,2.521,0.0,31.644,2.521,False
2527,84.318,P11,TEAM_B,26.558,10.669,2.905,,,False
2529,84.384,P10,TEAM_B,30.392,3.08,3.914,,,False
2531,84.451,P03,TEAM_A,17.041,7.004,6.517,,,False
2534,84.551,P02,TEAM_A,32.156,3.584,0.0,,,True
2539,84.718,P11,TEAM_B,26.951,11.715,3.339,,,False
2541,84.785,P10,TEAM_B,31.078,3.484,0.0,,,False
2543,84.851,P03,TEAM_A,16.266,5.377,6.703,,,False
2546,84.952,P02,TEAM_A,32.142,3.134,0.0,,,False
2551,85.118,P11,TEAM_B,27.895,12.704,2.658,,,False
2553,85.185,P10,TEAM_B,30.275,3.687,0.0,,,False
2555,85.252,P03,TEAM_A,14.203,4.867,4.432,,,False
2558,85.352,P02,TEAM_A,31.014,2.862,4.32,,,False
2563,85.519,P11,TEAM_B,28.328,14.558,0.0,,,False
2565,85.585,P10,TEAM_B,28.658,3.572,3.68,,,False
2567,85.652,P03,TEAM_A,12.652,4.914,0.0,,,False
2570,85.752,P02,TEAM_A,30.717,2.388,0.0,,,False
2575,85.919,P11,TEAM_B,27.855,15.36,4.006,,,True
2580,86.086,P03,TEAM_A,10.854,5.452,0.0,,,False
2582,86.153,P02,TEAM_A,30.663,1.905,0.0,,,False
2592,86.486,P03,TEAM_A,10.278,6.149,0.0,,,False
2594,86.553,P02,TEAM_A,30.487,1.317,0.0,,,False
2604,86.887,P03,TEAM_A,10.395,6.43,0.0,,,False
2607,86.987,P02,TEAM_A,29.686,1.231,4.095,,,False
2613,87.187,P11,TEAM_B,26.224,13.925,2.651,,,False
2616,87.287,P03,TEAM_A,10.688,6.712,0.0,,,False
2619,87.387,P02,TEAM_A,28.208,0.611,0.0,,,False
2625,87.588,P11,TEAM_B,25.803,12.522,5.809,,,False
2628,87.688,P03,TEAM_A,11.414,6.453,0.0,,,False
2631,87.788,P02,TEAM_A,26.498,0.457,2.496,,,False
2637,87.988,P11,TEAM_B,25.041,11.88,2.423,,,False
2640,88.088,P03,TEAM_A,12.933,6.039,2.916,,,True
2643,88.188,P02,TEAM_A,25.12,0.862,4.641,,,False
2649,88.388,P11,TEAM_B,23.749,10.717,3.686,23.749,10.717,False
2654,88.555,P03,TEAM_A,14.533,5.686,1.869,,,False
2655,88.588,P02,TEAM_A,23.763,1.832,0.0,,,False
2661,88.789,P11,TEAM_B,22.785,9.325,3.265,,,False
2666,88.956,P03,TEAM_A,16.001,4.563,4.642,16.001,4.563,True
2668,89.022,P02,TEAM_A,22.584,1.46,3.53,,,False
2673,89.189,P11,TEAM_B,21.643,8.073,5.051,,,False
2678,89.356,P03,TEAM_A,16.213,3.821,2.606,16.213,3.821,True
2680,89.423,P02,TEAM_A,21.61,1.282,2.837,,,False
2685,89.59,P11,TEAM_B,19.797,6.841,4.05,,,False
2690,89.756,P03,TEAM_A,16.728,3.104,0.0,,,False
2692,89.823,P02,TEAM_A,21.183,1.14,0.0,,,False
2697,89.99,P11,TEAM_B,18.328,5.546,4.406,,,False
2702,90.157,P03,TEAM_A,17.26,3.242,0.0,,,False
2704,90.223,P02,TEAM_A,20.949,0.334,0.0,,,False
2709,90.39,P11,TEAM_B,17.962,4.366,0.0,,,False
2714,90.557,P03,TEAM_A,16.625,2.916,0.0,,,False
2716,90.624,P02,TEAM_A,20.65,0.039,0.0,,,False
2721,90.791,P11,TEAM_B,17.281,4.284,0.0,,,False
2726,90.958,P03,TEAM_A,15.585,2.96,5.042,,,False
2728,91.024,P02,TEAM_A,20.717,0.067,0.0,,,False
2733,91.191,P11,TEAM_B,16.637,5.215,0.0,,,False
2738,91.358,P03,TEAM_A,14.229,2.847,2.752,,,True
2740,91.425,P02,TEAM_A,20.686,0.0,0.0,,,False
2745,91.591,P11,TEAM_B,16.657,6.313,6.872,,,False
2750,91.758,P03,TEAM_A,12.812,3.018,2.932,,,True
2752,91.825,P02,TEAM_A,19.969,0.0,0.0,,,False
2757,91.992,P11,TEAM_B,16.91,8.043,0.0,,,False
2762,92.159,P03,TEAM_A,11.166,3.578,0.0,,,False
2764,92.225,P02,TEAM_A,19.153,0.355,0.0,,,False
2769,92.392,P11,TEAM_B,17.142,9.756,3.96,,,False
2774,92.559,P03,TEAM_A,9.795,4.266,0.0,,,False
2776,92.626,P02,TEAM_A,18.41,0.95,2.921,,,False
2781,92.793,P11,TEAM_B,16.507,11.069,5.289,,,False
2788,93.026,P02,TEAM_A,17.032,1.819,5.013,,,False
2793,93.193,P11,TEAM_B,15.066,12.512,5.09,,,False
2800,93.427,P02,TEAM_A,14.888,2.2,6.397,,,False
2805,93.594,P11,TEAM_B,13.284,13.146,4.234,,,False
2812,93.827,P02,TEAM_A,13.86,2.703,2.4,,,False
2817,93.994,P11,TEAM_B,12.404,13.532,0.0,,,False
2824,94.227,P02,TEAM_A,13.904,2.427,0.0,,,False
2829,94.394,P11,TEAM_B,11.157,13.82,0.0,,,False
2836,94.628,P02,TEAM_A,14.32,2.354,3.294,,,False
2841,94.795,P11,TEAM_B,9.501,13.699,3.47,,,False
2848,95.028,P02,TEAM_A,15.392,2.511,0.0,,,False
2853,95.195,P11,TEAM_B,9.175,12.971,4.387,,,False
2860,95.429,P02,TEAM_A,16.114,2.939,2.654,,,False
2865,95.596,P11,TEAM_B,8.16,12.704,0.0,,,False
2872,95.829,P02,TEAM_A,16.667,3.471,0.0,,,False
2877,95.996,P11,TEAM_B,7.146,13.454,2.515,,,False
2884,96.229,P02,TEAM_A,16.732,4.194,0.0,,,False
2889,96.396,P11,TEAM_B,7.467,14.181,2.601,,,False
2896,96.63,P02,TEAM_A,16.668,5.348,0.0,,,False
2908,97.03,P02,TEAM_A,16.67,6.513,3.702,,,False
2920,97.431,P02,TEAM_A,16.316,7.7,2.545,,,False
2932,97.831,P02,TEAM_A,15.819,8.593,3.878,,,False
2945,98.265,P02,TEAM_A,15.366,9.255,0.0,,,False
2957,98.665,P02,TEAM_A,15.128,9.404,0.0,,,False
2969,99.066,P02,TEAM_A,15.188,9.249,0.0,,,False
2981,99.466,P02,TEAM_A,15.203,10.543,3.924,,,False
2993,99.866,P02,TEAM_A,15.132,12.516,4.48,,,False
3005,100.267,P02,TEAM_A,15.111,14.96,0.0,,,False
3017,100.667,P02,TEAM_A,15.611,16.485,3.36,,,False
3029,101.068,P02,TEAM_A,16.49,17.73,2.854,16.49,17.73,False
3041,101.468,P02,TEAM_A,17.499,18.534,3.355,,,False
3053,101.868,P02,TEAM_A,18.439,19.34,2.55,,,False
3065,102.269,P02,TEAM_A,19.341,19.857,0.0,,,False
3077,102.669,P02,TEAM_A,19.977,20.0,0.0,,,False
3089,103.07,P02,TEAM_A,20.603,19.86,0.0,,,False
3094,103.236,P11,TEAM_B,15.48,17.855,0.0,,,False
3101,103.47,P02,TEAM_A,20.889,19.72,2.495,,,False
3106,103.637,P11,TEAM_B,16.079,17.869,0.0,,,False
3113,103.87,P02,TEAM_A,21.042,19.404,0.0,,,False
3118,104.037,P11,TEAM_B,16.722,17.618,0.0,,,False
3125,104.271,P02,TEAM_A,21.098,18.576,0.0,,,False
3130,104.438,P11,TEAM_B,17.312,17.1,0.0,,,False
3137,104.671,P02,TEAM_A,21.073,18.2,0.0,,,False
3142,104.838,P11,TEAM_B,17.64,16.818,0.0,,,False
3149,105.072,P02,TEAM_A,21.122,17.258,0.0,,,False
3154,105.238,P11,TEAM_B,17.878,16.624,0.0,,,False
3161,105.472,P02,TEAM_A,20.935,16.343,4.415,,,False
3166,105.639,P11,TEAM_B,18.068,16.065,0.0,,,False
3173,105.872,P02,TEAM_A,20.864,15.194,2.516,,,False
3178,106.039,P11,TEAM_B,18.184,15.536,0.0,,,False
3185,106.273,P02,TEAM_A,20.777,13.719,2.634,,,False
3190,106.44,P11,TEAM_B,18.358,15.106,3.755,,,False
3197,106.673,P02,TEAM_A,20.637,12.324,2.544,,,False
3202,106.84,P11,TEAM_B,18.689,14.726,0.0,,,False
3209,107.074,P02,TEAM_A,20.424,11.031,0.0,,,False
3214,107.24,P11,TEAM_B,19.162,14.251,0.0,,,False
3218,107.374,P03,TEAM_A,6.698,8.469,0.316,,,True
3221,107.474,P02,TEAM_A,20.16,9.437,5.541,,,False
3226,107.641,P11,TEAM_B,19.737,13.861,0.0,,,False
3231,107.808,P03,TEAM_A,7.018,8.05,0.0,,,True
3233,107.874,P02,TEAM_A,19.845,8.133,3.723,,,False
3238,108.041,P11,TEAM_B,20.292,13.889,2.692,,,False
3243,108.208,P03,TEAM_A,6.946,8.057,0.0,,,True
3245,108.275,P02,TEAM_A,19.526,6.962,5.871,,,False
3250,108.442,P11,TEAM_B,20.727,13.824,0.0,,,False
3255,108.609,P03,TEAM_A,6.626,8.3,0.0,,,True
3257,108.675,P02,TEAM_A,19.279,5.975,3.373,,,False
3262,108.842,P11,TEAM_B,21.234,13.757,0.0,,,False
3267,109.009,P03,TEAM_A,6.537,8.506,0.0,,,True
3269,109.076,P02,TEAM_A,19.459,5.447,0.0,,,False
3274,109.242,P11,TEAM_B,21.644,13.768,0.0,,,False
3281,109.476,P02,TEAM_A,19.719,4.906,0.0,,,False
3286,109.643,P11,TEAM_B,21.645,13.74,0.0,,,False
3293,109.876,P02,TEAM_A,19.903,4.287,0.0,,,False
3298,110.043,P11,TEAM_B,21.33,13.751,0.0,,,False
3305,110.277,P02,TEAM_A,20.116,3.701,0.0,,,False
3306,110.31,P03,TEAM_A,6.151,9.306,0.0,,,False
3310,110.444,P11,TEAM_B,20.843,13.789,0.0,,,False
3317,110.677,P02,TEAM_A,20.266,3.098,0.0,,,False
3319,110.744,P03,TEAM_A,6.07,9.434,0.0,,,False
3322,110.844,P11,TEAM_B,20.396,14.023,3.099,,,False
3329,111.078,P02,TEAM_A,20.298,2.768,0.0,,,False
3331,111.144,P03,TEAM_A,5.907,9.721,0.0,,,True
3334,111.244,P11,TEAM_B,19.815,13.958,0.0,,,False
3341,111.478,P02,TEAM_A,20.342,2.524,0.0,,,False
3343,111.545,P03,TEAM_A,5.55,9.932,0.0,,,True
3346,111.645,P11,TEAM_B,19.379,13.987,0.0,,,False
3353,111.878,P02,TEAM_A,20.291,1.98,0.0,,,False
3356,111.979,P03,TEAM_A,5.169,10.355,0.0,,,False
3358,112.045,P11,TEAM_B,19.084,13.954,0.0,,,False
3365,112.279,P02,TEAM_A,20.097,1.931,0.0,,,False
3368,112.379,P03,TEAM_A,4.357,10.718,2.638,,,True
3370,112.446,P11,TEAM_B,18.967,13.741,0.0,,,False
3377,112.679,P02,TEAM_A,19.84,1.554,0.0,,,False
3380,112.779,P03,TEAM_A,4.241,10.577,0.0,,,False
3382,112.846,P11,TEAM_B,18.904,13.764,0.0,,,False
3389,113.08,P02,TEAM_A,19.541,1.395,0.0,,,False
3392,113.18,P03,TEAM_A,3.827,10.623,0.0,,,False
3394,113.246,P11,TEAM_B,18.992,13.772,0.0,,,False
3401,113.48,P02,TEAM_A,19.262,1.29,0.0,,,False
3404,113.58,P03,TEAM_A,3.546,10.783,0.0,,,False
3406,113.647,P11,TEAM_B,19.107,13.899,0.0,,,False
3413,113.88,P02,TEAM_A,18.813,1.215,0.0,,,False
3418,114.047,P11,TEAM_B,19.453,13.996,0.0,,,False
3425,114.281,P02,TEAM_A,18.262,1.275,0.0,,,False
3425,114.281,P03,TEAM_A,3.236,11.238,0.0,,,False
3430,114.448,P11,TEAM_B,19.655,14.052,0.0,,,False
3437,114.681,P02,TEAM_A,18.126,1.679,0.0,,,False
3437,114.681,P03,TEAM_A,3.047,11.53,0.0,,,False
3442,114.848,P11,TEAM_B,20.033,13.847,0.0,,,False
3449,115.082,P02,TEAM_A,17.944,1.909,0.0,,,False
3449,115.082,P03,TEAM_A,3.321,11.064,4.401,,,False
3454,115.248,P11,TEAM_B,20.083,13.941,0.0,,,False
3461,115.482,P02,TEAM_A,18.132,2.116,0.0,,,False
3461,115.482,P03,TEAM_A,3.099,10.63,2.448,,,False
3466,115.649,P11,TEAM_B,20.225,14.139,0.0,,,False
3473,115.882,P02,TEAM_A,17.972,2.054,0.0,,,False
3474,115.916,P03,TEAM_A,3.202,9.896,3.128,,,False
3478,116.049,P11,TEAM_B,20.593,14.088,0.0,,,False
3485,116.283,P02,TEAM_A,18.605,2.071,0.0,,,False
3486,116.316,P03,TEAM_A,3.38,9.419,0.0,,,False
3490,116.45,P11,TEAM_B,20.918,13.919,0.0,,,False
3497,116.683,P02,TEAM_A,19.29,1.917,0.0,,,False
3498,116.717,P03,TEAM_A,3.771,9.084,0.0,,,False
3502,116.85,P11,TEAM_B,20.947,13.469,0.0,,,False
3509,117.084,P02,TEAM_A,19.892,2.053,0.0,,,False
3510,117.117,P03,TEAM_A,4.021,8.77,0.0,,,False
3514,117.25,P11,TEAM_B,20.79,13.324,0.0,,,False
3521,117.484,P02,TEAM_A,20.576,1.742,0.0,,,False
3522,117.517,P03,TEAM_A,4.305,8.79,0.0,,,False
3526,117.651,P11,TEAM_B,20.241,12.527,3.199,,,False
3533,117.884,P02,TEAM_A,20.955,2.255,0.0,20.955,2.255,False
3534,117.918,P03,TEAM_A,4.572,8.483,0.0,,,False
3538,118.051,P11,TEAM_B,18.981,11.863,4.246,,,False
3545,118.285,P02,TEAM_A,21.292,2.43,0.0,,,False
3546,118.318,P03,TEAM_A,4.657,8.126,0.0,,,False
3550,118.452,P11,TEAM_B,18.002,11.17,2.546,,,False
3557,118.685,P02,TEAM_A,21.611,3.102,0.0,21.611,3.102,False
3558,118.719,P03,TEAM_A,4.933,7.746,2.764,,,False
3562,118.852,P11,TEAM_B,17.358,10.499,0.0,,,False
3569,119.086,P02,TEAM_A,21.501,3.119,0.0,,,False
3570,119.119,P03,TEAM_A,5.251,7.515,0.0,,,False
3574,119.252,P11,TEAM_B,17.737,11.039,2.848,,,False
3581,119.486,P02,TEAM_A,21.446,2.672,0.0,,,False
3582,119.519,P03,TEAM_A,5.521,7.594,0.0,,,False
3586,119.653,P11,TEAM_B,18.449,11.683,2.512,,,False
3593,119.886,P02,TEAM_A,21.432,2.068,0.0,,,False
3594,119.92,P03,TEAM_A,5.749,8.001,3.231,,,False
3598,120.053,P11,TEAM_B,19.503,11.563,0.0,,,False
3605,120.287,P02,TEAM_A,21.565,1.475,0.0,,,False
3607,120.354,P03,TEAM_A,5.825,8.272,0.0,,,False
3610,120.454,P11,TEAM_B,20.281,11.389,0.0,,,False
3617,120.687,P02,TEAM_A,21.745,1.09,0.0,,,False
3619,120.754,P03,TEAM_A,6.152,8.285,0.0,,,False
3622,120.854,P11,TEAM_B,20.045,11.13,0.0,,,False
3629,121.088,P02,TEAM_A,22.051,0.671,0.0,,,False
3631,121.154,P03,TEAM_A,6.067,8.77,0.0,,,False
3634,121.254,P11,TEAM_B,19.48,10.169,0.0,,,False
3641,121.488,P02,TEAM_A,22.337,0.468,0.0,,,False
3643,121.555,P03,TEAM_A,6.502,9.078,0.0,,,False
3646,121.655,P11,TEAM_B,18.658,9.439,0.0,,,False
3653,121.888,P02,TEAM_A,22.931,0.395,0.0,,,False
3655,121.955,P03,TEAM_A,6.415,9.512,0.0,,,False
3658,122.055,P11,TEAM_B,17.672,9.993,5.656,,,False
3665,122.289,P02,TEAM_A,23.408,0.776,0.0,,,False
3667,122.356,P03,TEAM_A,6.408,9.995,0.0,,,False
3670,122.456,P11,TEAM_B,16.258,11.504,6.159,,,False
3677,122.689,P02,TEAM_A,23.78,1.295,0.0,,,False
3679,122.756,P03,TEAM_A,6.467,10.353,0.0,,,False
3682,122.856,P11,TEAM_B,14.944,12.477,4.241,,,False
3689,123.09,P02,TEAM_A,23.866,1.867,2.659,,,False
3691,123.156,P03,TEAM_A,6.977,10.746,0.0,,,False
3694,123.256,P11,TEAM_B,13.783,13.493,3.083,,,False
3701,123.49,P02,TEAM_A,23.698,2.31,2.531,,,False
3706,123.657,P11,TEAM_B,12.781,14.027,2.992,,,False
3713,123.89,P02,TEAM_A,23.247,2.856,0.0,,,False
3719,124.091,P11,TEAM_B,12.242,13.957,2.686,,,False
3725,124.291,P02,TEAM_A,22.783,3.247,0.0,,,False
3731,124.491,P11,TEAM_B,11.187,13.85,0.0,,,False
3737,124.691,P02,TEAM_A,22.167,4.333,2.513,,,False
3743,124.891,P11,TEAM_B,10.78,13.287,4.449,,,False
3749,125.092,P02,TEAM_A,21.236,5.04,4.147,,,False
3755,125.292,P11,TEAM_B,10.63,12.473,0.0,,,False
3761,125.492,P02,TEAM_A,20.143,5.531,2.743,,,False
3767,125.692,P11,TEAM_B,11.458,10.706,0.0,,,False
3773,125.892,P02,TEAM_A,18.65,5.64,4.228,,,False
3779,126.093,P11,TEAM_B,12.795,9.17,6.446,,,False
3785,126.293,P02,TEAM_A,17.171,5.663,3.505,,,False
3791,126.493,P11,TEAM_B,14.061,7.58,0.0,,,False
3797,126.693,P02,TEAM_A,15.672,6.436,3.784,,,False
3804,126.927,P11,TEAM_B,14.529,7.396,3.087,,,True
3809,127.094,P02,TEAM_A,14.867,6.396,0.0,,,False
3821,127.494,P02,TEAM_A,14.074,6.937,2.433,,,False
3833,127.894,P02,TEAM_A,13.306,8.025,3.065,,,False
3845,128.295,P02,TEAM_A,12.527,8.599,0.0,,,False
3857,128.695,P02,TEAM_A,11.708,8.673,0.0,,,False
3869,129.096,P02,TEAM_A,10.926,8.449,0.0,,,False
3881,129.496,P02,TEAM_A,10.052,8.376,0.0,,,False
3893,129.896,P02,TEAM_A,9.548,8.015,5.493,,,False
3905,130.297,P02,TEAM_A,9.473,7.189,2.762,,,False
3917,130.697,P02,TEAM_A,9.81,6.238,0.0,,,False
3929,131.098,P02,TEAM_A,9.796,5.622,0.0,,,False
3941,131.498,P02,TEAM_A,10.362,4.819,4.992,,,False
3953,131.898,P02,TEAM_A,10.505,4.293,3.42,,,False
3965,132.299,P02,TEAM_A,11.137,3.578,5.039,,,False
3977,132.699,P02,TEAM_A,11.86,3.279,5.048,,,False
3989,133.1,P02,TEAM_A,12.683,2.624,6.098,,,False
4001,133.5,P02,TEAM_A,13.822,2.205,4.973,,,False
4013,133.9,P02,TEAM_A,14.981,1.715,0.0,,,False
4026,134.334,P02,TEAM_A,16.149,1.576,0.0,,,False
4038,134.735,P02,TEAM_A,17.443,1.495,2.692,,,False
4050,135.135,P02,TEAM_A,18.261,1.591,0.0,,,False
4062,135.535,P02,TEAM_A,18.555,2.519,3.629,,,False
4074,135.936,P02,TEAM_A,19.004,3.832,4.307,,,False
4086,136.336,P02,TEAM_A,19.808,4.83,3.772,,,False
4098,136.737,P02,TEAM_A,20.248,5.496,0.0,,,False
4110,137.137,P02,TEAM_A,20.446,5.623,0.0,,,False
4122,137.537,P02,TEAM_A,20.477,6.375,0.0,,,False
4134,137.938,P02,TEAM_A,20.45,6.873,0.0,,,False
4146,138.338,P02,TEAM_A,20.648,7.335,0.0,,,False
4158,138.739,P02,TEAM_A,21.322,8.204,0.0,,,False
4170,139.139,P02,TEAM_A,22.362,8.235,2.542,,,False
4182,139.539,P02,TEAM_A,23.547,8.206,3.228,,,False
4194,139.94,P02,TEAM_A,24.754,8.009,3.606,,,False
4206,140.34,P02,TEAM_A,26.213,7.098,2.414,,,False
4218,140.741,P02,TEAM_A,27.999,6.47,5.222,,,False
4230,141.141,P02,TEAM_A,29.705,6.455,5.332,,,False
4242,141.541,P02,TEAM_A,30.767,6.963,0.0,,,False
4254,141.942,P02,TEAM_A,33.358,8.509,8.272,,,False
4266,142.342,P02,TEAM_A,35.45,9.313,6.548,,,False
4278,142.743,P02,TEAM_A,36.919,9.48,0.0,,,False
4290,143.143,P02,TEAM_A,38.361,9.883,0.0,,,False
4302,143.543,P02,TEAM_A,39.213,9.753,3.267,,,False
4314,143.944,P02,TEAM_A,39.615,9.664,0.0,,,False
4326,144.344,P02,TEAM_A,40.208,9.669,2.805,,,False
4338,144.745,P02,TEAM_A,40.325,9.695,0.0,,,False
4350,145.145,P02,TEAM_A,40.356,9.47,0.0,,,True
4363,145.579,P02,TEAM_A,40.408,8.981,0.0,,,False
4375,145.979,P02,TEAM_A,40.502,8.835,0.0,,,False
4387,146.38,P02,TEAM_A,40.559,8.738,0.0,,,False
4399,146.78,P02,TEAM_A,40.44,8.644,0.0,,,False
4400,146.813,P12,TEAM_B,40.938,13.581,0.0,,,False
4411,147.18,P02,TEAM_A,40.215,8.365,0.0,,,False
4412,147.214,P12,TEAM_B,40.73,12.979,0.0,,,False
4423,147.581,P02,TEAM_A,39.982,8.138,0.0,,,False
4424,147.614,P12,TEAM_B,40.72,13.067,0.0,,,False
4436,148.015,P02,TEAM_A,39.789,8.326,0.0,,,False
4436,148.015,P12,TEAM_B,40.378,12.999,0.0,40.378,12.999,False
4448,148.415,P02,TEAM_A,39.611,8.123,0.0,,,False
4448,148.415,P12,TEAM_B,40.338,13.087,0.0,,,False
4460,148.815,P12,TEAM_B,40.076,12.962,0.0,,,False
4461,148.849,P02,TEAM_A,39.433,8.103,2.461,,,False
4472,149.216,P12,TEAM_B,39.957,12.782,0.0,,,False
4473,149.249,P02,TEAM_A,39.479,8.193,0.0,,,True
4484,149.616,P12,TEAM_B,39.873,12.431,0.0,,,False
4485,149.649,P02,TEAM_A,39.467,8.171,0.0,,,True
4496,150.017,P12,TEAM_B,39.754,12.002,0.0,,,False
4497,150.05,P02,TEAM_A,39.33,8.082,0.0,,,True
4501,150.183,P03,TEAM_A,38.609,14.926,2.793,,,True
4508,150.417,P12,TEAM_B,39.601,11.608,0.0,,,False
4509,150.45,P02,TEAM_A,39.463,8.103,0.0,,,True
4513,150.584,P03,TEAM_A,38.547,15.329,0.0,,,False
4520,150.817,P12,TEAM_B,39.3,11.162,0.0,39.3,11.162,False
4521,150.851,P02,TEAM_A,39.588,8.169,0.0,,,True
4525,150.984,P03,TEAM_A,38.477,15.364,2.426,,,False
4532,151.218,P12,TEAM_B,38.99,10.674,4.308,,,False
4533,151.251,P02,TEAM_A,39.539,8.193,0.0,,,True
4537,151.385,P03,TEAM_A,38.502,15.344,0.0,,,False
4544,151.618,P12,TEAM_B,38.667,10.475,0.0,,,False
4545,151.651,P02,TEAM_A,39.528,8.17,0.0,,,False
4549,151.785,P03,TEAM_A,38.385,14.856,0.0,,,True
4556,152.019,P12,TEAM_B,38.503,10.188,0.0,,,False
4557,152.052,P02,TEAM_A,39.262,7.949,0.0,,,False
4561,152.185,P03,TEAM_A,38.579,14.978,0.0,,,False
4568,152.419,P12,TEAM_B,38.188,9.749,0.0,,,False
4569,152.452,P02,TEAM_A,38.899,7.667,0.0,,,True
4573,152.586,P03,TEAM_A,38.706,15.137,0.0,,,False
4580,152.819,P12,TEAM_B,37.712,9.634,0.0,,,False
4581,152.853,P02,TEAM_A,38.937,7.711,0.0,,,True
4585,152.986,P03,TEAM_A,38.74,15.056,0.0,,,False
4592,153.22,P12,TEAM_B,37.406,9.714,0.0,,,False
4593,153.253,P02,TEAM_A,39.056,7.73,0.0,,,False
4597,153.387,P03,TEAM_A,38.794,14.855,0.0,,,False
4604,153.62,P12,TEAM_B,36.908,9.821,0.0,,,False
4605,153.654,P02,TEAM_A,39.113,7.663,0.0,,,True
4609,153.787,P03,TEAM_A,38.615,14.685,0.0,,,False
4616,154.021,P12,TEAM_B,36.677,9.73,0.0,,,False
4617,154.054,P02,TEAM_A,39.428,7.856,0.0,,,False
4621,154.187,P03,TEAM_A,38.381,14.587,0.0,,,False
4628,154.421,P12,TEAM_B,36.7,9.78,0.0,,,False
4629,154.454,P02,TEAM_A,39.364,7.879,0.0,,,True
4633,154.588,P03,TEAM_A,38.16,14.311,0.0,,,False
4640,154.821,P12,TEAM_B,36.724,9.831,0.0,,,False
4641,154.855,P02,TEAM_A,39.235,7.927,0.0,,,False
4645,154.988,P03,TEAM_A,38.161,14.399,0.0,,,False
4652,155.222,P12,TEAM_B,36.731,9.878,0.0,,,False
4653,155.255,P02,TEAM_A,39.044,7.974,0.0,,,True
4657,155.389,P03,TEAM_A,38.169,14.724,2.428,,,False
4664,155.622,P12,TEAM_B,36.695,9.802,0.0,,,False
4665,155.655,P02,TEAM_A,38.932,8.087,0.0,,,False
4669,155.789,P03,TEAM_A,37.839,14.685,0.0,,,False
4676,156.023,P12,TEAM_B,36.655,9.817,0.0,,,False
4677,156.056,P02,TEAM_A,38.611,8.153,0.0,,,False
4681,156.189,P03,TEAM_A,37.962,15.336,0.0,,,False
4688,156.423,P12,TEAM_B,36.422,9.788,0.0,,,False
4689,156.456,P02,TEAM_A,38.627,8.58,0.0,,,False
4693,156.59,P03,TEAM_A,37.934,15.352,0.0,,,False
4700,156.823,P12,TEAM_B,36.475,10.073,0.0,,,True
4701,156.857,P02,TEAM_A,38.42,8.756,0.0,,,True
4705,156.99,P03,TEAM_A,37.951,15.445,0.0,,,False
4712,157.224,P12,TEAM_B,36.587,10.285,0.0,,,True
4713,157.257,P02,TEAM_A,38.292,8.843,0.0,,,False
4717,157.391,P03,TEAM_A,37.935,15.495,0.0,,,False
4724,157.624,P12,TEAM_B,36.402,10.469,0.0,,,True
4725,157.657,P02,TEAM_A,38.089,8.81,0.0,,,False
4729,157.791,P03,TEAM_A,38.064,15.524,0.0,,,False
4736,158.025,P12,TEAM_B,35.959,10.541,0.0,,,False
4737,158.058,P02,TEAM_A,37.929,8.8,0.0,,,False
4741,158.191,P03,TEAM_A,38.617,15.835,0.0,,,False
4748,158.425,P12,TEAM_B,35.453,10.582,2.595,,,False
4749,158.458,P02,TEAM_A,37.758,8.678,0.0,,,False
4753,158.592,P03,TEAM_A,38.828,15.911,0.0,,,False
4760,158.825,P12,TEAM_B,35.069,10.731,0.0,,,False
4761,158.859,P02,TEAM_A,37.698,8.498,0.0,,,False
4765,158.992,P03,TEAM_A,38.714,15.87,0.0,,,False
4772,159.226,P12,TEAM_B,34.427,10.732,0.0,,,False
4773,159.259,P02,TEAM_A,37.345,8.236,0.0,,,False
4777,159.393,P03,TEAM_A,38.466,15.836,0.0,,,False
4784,159.626,P12,TEAM_B,33.628,10.589,0.0,,,False
4785,159.66,P02,TEAM_A,37.169,8.138,0.0,,,False
4789,159.793,P03,TEAM_A,37.865,15.634,4.727,,,False
4796,160.027,P12,TEAM_B,32.827,10.35,0.0,,,False
4797,160.06,P02,TEAM_A,36.996,7.958,0.0,,,False
4801,160.193,P03,TEAM_A,37.761,15.978,2.674,,,False
4808,160.427,P12,TEAM_B,32.429,10.599,0.0,,,False
4809,160.46,P02,TEAM_A,36.814,7.82,0.0,,,False
4813,160.594,P03,TEAM_A,37.625,15.938,0.0,,,False
4820,160.827,P12,TEAM_B,31.921,10.542,0.0,,,False
4821,160.861,P02,TEAM_A,36.636,7.924,0.0,,,False
4825,160.994,P03,TEAM_A,37.316,15.805,0.0,,,False
4832,161.228,P12,TEAM_B,31.792,10.447,0.0,,,False
4833,161.261,P02,TEAM_A,36.519,7.791,0.0,,,False
4837,161.395,P03,TEAM_A,37.318,15.916,0.0,,,False
4844,161.628,P12,TEAM_B,31.763,10.409,0.0,,,False
4845,161.661,P02,TEAM_A,36.435,7.605,0.0,,,False
4849,161.795,P03,TEAM_A,37.296,15.849,0.0,,,False
4856,162.029,P12,TEAM_B,31.482,10.147,0.0,,,False
4857,162.062,P02,TEAM_A,36.325,7.574,0.0,,,False
4861,162.195,P03,TEAM_A,37.373,15.973,0.0,,,False
4868,162.429,P12,TEAM_B,31.435,10.099,0.0,,,False
4869,162.462,P02,TEAM_A,36.318,7.418,0.0,,,False
4873,162.596,P03,TEAM_A,37.383,15.951,0.0,,,False
4880,162.829,P12,TEAM_B,31.351,9.991,0.0,,,False
4881,162.863,P02,TEAM_A,36.483,7.551,0.0,,,False
4885,162.996,P03,TEAM_A,37.374,16.028,0.0,,,False
4892,163.23,P12,TEAM_B,31.257,9.9,0.0,,,False
4893,163.263,P02,TEAM_A,36.746,7.693,6.975,,,True
4897,163.397,P03,TEAM_A,37.419,16.874,5.72,,,False
4904,163.63,P12,TEAM_B,31.055,10.005,0.0,,,False
4909,163.797,P03,TEAM_A,37.49,18.548,3.789,,,False
4916,164.031,P12,TEAM_B,31.004,11.628,3.282,,,False
4921,164.197,P03,TEAM_A,37.283,19.135,0.0,,,False
4928,164.431,P12,TEAM_B,30.366,12.994,5.145,,,False
4933,164.598,P03,TEAM_A,37.463,19.238,0.0,,,False
4940,164.831,P12,TEAM_B,29.531,13.879,5.12,,,False
4942,164.898,P09,TEAM_B,35.717,17.729,2.931,,,True
4945,164.998,P02,TEAM_A,40.011,8.137,6.074,,,False
4946,165.032,P03,TEAM_A,37.378,18.348,7.736,37.378,18.348,False
4952,165.232,P12,TEAM_B,28.831,13.354,0.0,,,False
4954,165.298,P09,TEAM_B,35.641,15.439,4.186,,,False
4957,165.399,P02,TEAM_A,40.383,8.74,0.0,,,True
4958,165.432,P03,TEAM_A,37.335,16.335,0.0,,,False
4964,165.632,P12,TEAM_B,28.727,13.21,0.0,,,False
4966,165.699,P09,TEAM_B,35.213,14.506,4.644,,,False
4970,165.832,P03,TEAM_A,37.379,14.628,3.823,,,False
4971,165.866,P02,TEAM_A,40.626,8.356,0.0,,,True
4976,166.033,P12,TEAM_B,28.771,13.279,0.0,,,False
4978,166.099,P09,TEAM_B,34.369,13.344,0.0,,,False
4982,166.233,P03,TEAM_A,37.392,13.317,4.802,,,False
4988,166.433,P12,TEAM_B,29.001,13.385,0.0,,,False
4990,166.5,P09,TEAM_B,33.093,11.999,0.0,,,False
4994,166.633,P03,TEAM_A,37.128,12.267,0.0,,,False
5000,166.833,P12,TEAM_B,29.211,12.6,3.425,,,False
5002,166.9,P09,TEAM_B,33.238,11.783,0.0,,,False
5006,167.034,P03,TEAM_A,37.223,13.39,3.112,,,False
5012,167.234,P12,TEAM_B,28.547,11.916,5.257,,,False
5014,167.3,P09,TEAM_B,32.7,11.533,2.93,,,False
5018,167.434,P03,TEAM_A,36.274,13.848,4.815,,,False
5024,167.634,P12,TEAM_B,27.588,11.428,2.85,,,False
5026,167.701,P09,TEAM_B,32.527,12.225,3.033,,,False
5030,167.834,P03,TEAM_A,35.826,15.233,6.554,,,False
5036,168.035,P12,TEAM_B,26.629,12.155,2.845,,,False
5038,168.101,P09,TEAM_B,31.499,12.637,2.768,,,False
5042,168.235,P03,TEAM_A,34.585,16.433,2.747,,,False
5049,168.468,P12,TEAM_B,25.457,13.443,4.336,,,False
5050,168.502,P09,TEAM_B,31.545,13.359,2.888,,,False
5054,168.635,P03,TEAM_A,33.307,16.832,2.927,,,True
5061,168.869,P12,TEAM_B,24.894,14.517,3.176,,,False
5062,168.902,P09,TEAM_B,30.766,14.123,2.495,,,False
5066,169.036,P03,TEAM_A,32.765,17.691,0.0,,,True
5073,169.269,P12,TEAM_B,24.376,15.236,0.0,,,False
5074,169.302,P09,TEAM_B,30.028,14.808,0.0,,,False
5078,169.436,P03,TEAM_A,31.671,17.56,2.734,,,True
5085,169.669,P12,TEAM_B,24.256,16.02,0.0,,,False
5086,169.703,P09,TEAM_B,29.482,15.787,0.0,,,False
5090,169.836,P03,TEAM_A,30.84,17.192,0.0,,,False
5097,170.07,P12,TEAM_B,24.013,16.09,0.0,,,False
5098,170.103,P09,TEAM_B,28.749,16.35,2.57,,,False
5102,170.237,P03,TEAM_A,30.515,16.704,0.0,,,False
5110,170.504,P09,TEAM_B,28.293,16.8,0.0,,,False
5114,170.637,P03,TEAM_A,30.559,16.579,0.0,,,False
5122,170.904,P09,TEAM_B,27.843,17.486,0.0,,,False
5127,171.071,P03,TEAM_A,30.485,15.683,0.0,,,False
5134,171.304,P09,TEAM_B,27.508,17.907,0.0,,,False
5139,171.471,P03,TEAM_A,30.343,15.308,0.0,,,False
5146,171.705,P09,TEAM_B,27.301,18.236,0.0,,,False
5151,171.872,P03,TEAM_A,30.316,14.952,0.0,,,False
5158,172.105,P09,TEAM_B,26.923,18.447,0.0,26.923,18.447,False
5163,172.272,P03,TEAM_A,30.467,14.409,0.0,,,False
5170,172.506,P09,TEAM_B,26.808,18.845,0.0,26.808,18.845,False
5175,172.673,P03,TEAM_A,30.492,13.727,0.0,,,False
5182,172.906,P09,TEAM_B,26.747,19.444,0.0,26.747,19.444,False
5187,173.073,P03,TEAM_A,30.869,13.414,0.0,,,False
5194,173.306,P09,TEAM_B,26.51,19.538,0.0,,,False
5199,173.473,P03,TEAM_A,31.009,13.701,0.0,,,False
5206,173.707,P09,TEAM_B,26.518,19.72,0.0,26.518,19.72,False
5211,173.874,P03,TEAM_A,30.88,13.275,0.0,,,False
5218,174.107,P09,TEAM_B,26.843,19.716,0.0,,,False
5224,174.307,P03,TEAM_A,30.87,12.283,2.859,,,False
5230,174.508,P09,TEAM_B,27.494,19.69,0.0,,,False
5236,174.708,P03,TEAM_A,31.026,11.961,3.351,,,False
5242,174.908,P09,TEAM_B,28.789,19.728,4.053,28.789,19.728,False
5248,175.108,P03,TEAM_A,31.126,11.258,2.573,,,False
5254,175.308,P09,TEAM_B,29.751,19.837,0.0,29.751,19.837,False
5260,175.509,P03,TEAM_A,31.189,10.711,0.0,,,False
5266,175.709,P09,TEAM_B,30.08,19.715,0.0,30.08,19.715,False
5272,175.909,P03,TEAM_A,30.588,9.899,0.0,,,False
5278,176.109,P09,TEAM_B,29.876,19.598,0.0,29.876,19.598,False
5284,176.309,P03,TEAM_A,31.087,9.957,0.0,,,False
5290,176.51,P09,TEAM_B,29.466,19.16,0.0,,,False
5296,176.71,P03,TEAM_A,31.495,9.804,3.915,,,False
5302,176.91,P09,TEAM_B,29.064,18.875,0.0,,,False
5308,177.11,P03,TEAM_A,32.151,9.6,0.0,,,False
5320,177.511,P03,TEAM_A,33.427,10.195,2.538,,,False
5332,177.911,P03,TEAM_A,34.426,10.414,2.571,,,False
5344,178.311,P03,TEAM_A,35.412,10.9,0.0,,,False
5356,178.712,P03,TEAM_A,35.495,10.643,0.0,,,False
5368,179.112,P03,TEAM_A,35.868,10.806,0.0,,,False
5380,179.513,P03,TEAM_A,35.915,10.731,0.0,,,False
5392,179.913,P03,TEAM_A,36.292,10.976,0.0,,,False
5404,180.313,P03,TEAM_A,36.399,11.299,0.0,,,False
5416,180.714,P03,TEAM_A,36.51,11.409,0.0,,,False
5428,181.114,P03,TEAM_A,36.497,11.453,0.0,,,False
5440,181.515,P03,TEAM_A,36.429,11.675,0.0,,,False
5452,181.915,P03,TEAM_A,36.17,11.868,0.0,,,False
5464,182.315,P03,TEAM_A,36.044,12.328,4.724,,,False
5476,182.716,P03,TEAM_A,35.168,11.86,3.921,,,True
5666,189.056,P04,TEAM_A,26.467,0.0,0.0,,,False
5678,189.456,P04,TEAM_A,26.1,0.0,4.099,26.1,0.0,False
5690,189.856,P04,TEAM_A,24.828,0.073,3.379,,,False
5702,190.257,P04,TEAM_A,23.089,0.415,5.489,23.089,0.415,False
5714,190.657,P04,TEAM_A,21.392,1.34,4.809,,,False
5726,191.058,P04,TEAM_A,19.317,1.675,4.166,,,False
5738,191.458,P04,TEAM_A,17.104,2.103,7.998,,,False
5750,191.858,P04,TEAM_A,14.207,2.846,0.0,,,False
5762,192.259,P04,TEAM_A,11.648,4.138,8.482,,,False
5774,192.659,P04,TEAM_A,9.954,5.232,4.95,,,False
5786,193.06,P04,TEAM_A,9.052,5.667,5.076,,,False
5798,193.46,P04,TEAM_A,8.247,5.733,0.0,,,False
5810,193.86,P04,TEAM_A,7.581,5.631,0.0,,,False
5822,194.261,P04,TEAM_A,7.203,5.497,0.0,,,False
5834,194.661,P04,TEAM_A,7.514,5.424,0.0,,,False
5846,195.062,P04,TEAM_A,7.911,5.173,2.64,,,False
5858,195.462,P04,TEAM_A,8.33,5.088,0.0,,,False
5915,197.364,P04,TEAM_A,15.287,2.284,4.117,,,False
5927,197.764,P04,TEAM_A,15.735,2.66,3.043,,,False
5939,198.165,P04,TEAM_A,15.995,2.922,3.463,,,False
5951,198.565,P04,TEAM_A,16.253,3.304,0.0,,,False
5963,198.965,P04,TEAM_A,16.55,3.485,0.0,,,False
5975,199.366,P04,TEAM_A,16.61,3.768,0.0,,,False
5987,199.766,P04,TEAM_A,16.683,4.028,0.0,,,False
5999,200.167,P04,TEAM_A,16.532,4.136,0.0,,,False
6011,200.567,P04,TEAM_A,16.507,4.255,0.0,,,False
6023,200.967,P04,TEAM_A,16.478,4.271,0.0,,,False
6035,201.368,P04,TEAM_A,16.602,4.323,0.0,,,False
6047,201.768,P04,TEAM_A,16.862,4.364,0.0,,,False
6059,202.169,P04,TEAM_A,16.634,4.377,0.0,,,False
6072,202.602,P04,TEAM_A,16.934,4.418,0.0,,,False
6084,203.003,P04,TEAM_A,17.219,4.759,0.0,,,False
6096,203.403,P04,TEAM_A,17.259,5.217,0.0,,,False
6108,203.804,P04,TEAM_A,17.34,5.836,2.833,,,True
6120,204.204,P04,TEAM_A,17.392,6.298,0.0,,,False
6132,204.604,P04,TEAM_A,17.401,6.777,0.0,,,False
6144,205.005,P04,TEAM_A,17.364,7.241,0.0,,,False
6156,205.405,P04,TEAM_A,17.411,7.639,0.0,,,False
6168,205.806,P04,TEAM_A,17.348,8.035,0.0,,,False
6180,206.206,P04,TEAM_A,17.364,8.189,0.0,,,False
6192,206.606,P04,TEAM_A,17.26,8.667,0.0,,,False
6204,207.007,P04,TEAM_A,17.149,8.775,0.0,,,False
6216,207.407,P04,TEAM_A,17.156,8.715,0.0,,,False
6228,207.808,P04,TEAM_A,17.178,9.048,0.0,,,False
6240,208.208,P04,TEAM_A,17.183,9.496,0.0,,,False
6252,208.608,P04,TEAM_A,17.355,9.425,0.0,,,False
6264,209.009,P04,TEAM_A,17.501,9.565,0.0,,,False
6276,209.409,P04,TEAM_A,17.703,9.644,0.0,,,False
6288,209.81,P04,TEAM_A,17.897,10.005,0.0,,,False
6300,210.21,P04,TEAM_A,18.098,10.014,0.0,,,False
6312,210.61,P04,TEAM_A,18.236,10.042,0.0,,,False
6324,211.011,P04,TEAM_A,18.17,10.629,0.0,,,False
6336,211.411,P04,TEAM_A,17.945,11.023,0.0,,,False
6348,211.812,P04,TEAM_A,17.989,11.292,0.0,,,False
6360,212.212,P04,TEAM_A,18.067,11.794,0.0,,,False
6372,212.612,P04,TEAM_A,17.955,11.943,0.0,,,False
6384,213.013,P04,TEAM_A,17.504,12.683,0.0,,,False
6396,213.413,P04,TEAM_A,17.099,12.908,0.0,,,False
6408,213.814,P04,TEAM_A,16.744,12.704,0.0,,,False
6420,214.214,P04,TEAM_A,16.189,12.707,0.0,,,False
6432,214.614,P04,TEAM_A,15.67,12.737,0.0,,,False
6444,215.015,P04,TEAM_A,15.158,12.876,0.0,,,False
6456,215.415,P04,TEAM_A,14.741,13.051,3.291,,,False
6468,215.816,P04,TEAM_A,14.455,13.464,0.0,,,False
6480,216.216,P04,TEAM_A,14.508,13.667,0.0,,,False
6492,216.616,P04,TEAM_A,14.374,13.807,0.0,,,False
6504,217.017,P04,TEAM_A,13.062,13.433,0.0,,,False
6516,217.417,P04,TEAM_A,12.002,13.556,3.937,,,False
6528,217.818,P04,TEAM_A,10.63,12.93,6.238,,,False
6540,218.218,P04,TEAM_A,9.503,11.891,5.352,,,False
6552,218.618,P04,TEAM_A,9.159,10.67,0.0,,,False
6564,219.019,P04,TEAM_A,9.916,9.341,6.455,,,False
6576,219.419,P04,TEAM_A,11.641,7.325,0.0,,,False
6588,219.82,P04,TEAM_A,12.809,5.943,2.705,,,False
6600,220.22,P04,TEAM_A,11.683,5.47,3.018,11.683,5.47,False
6612,220.62,P04,TEAM_A,10.99,4.333,3.757,,,False
6624,221.021,P04,TEAM_A,11.534,3.26,0.0,11.534,3.26,False
6636,221.421,P04,TEAM_A,11.602,3.292,3.553,,,False
6648,221.822,P04,TEAM_A,12.089,4.391,4.492,,,False
6660,222.222,P04,TEAM_A,10.962,5.808,0.0,,,False
6672,222.622,P04,TEAM_A,9.802,7.684,6.191,9.802,7.684,False
6795,226.727,P07,TEAM_B,29.235,7.147,0.0,,,False
6807,227.127,P07,TEAM_B,28.396,6.889,2.816,,,False
6819,227.527,P07,TEAM_B,27.372,7.154,3.139,,,False
6831,227.928,P07,TEAM_B,26.357,7.882,3.359,,,False
6843,228.328,P07,TEAM_B,25.509,8.187,0.0,,,False
6855,228.728,P07,TEAM_B,25.195,9.05,0.0,,,False
6867,229.129,P07,TEAM_B,24.775,9.195,0.0,,,False
6879,229.529,P07,TEAM_B,24.361,9.683,0.0,,,False
6891,229.93,P07,TEAM_B,23.934,9.726,0.0,,,False
6903,230.33,P07,TEAM_B,23.373,9.957,2.493,,,False
6915,230.731,P07,TEAM_B,22.319,10.036,2.599,,,False
6927,231.131,P07,TEAM_B,21.438,10.458,3.201,,,False
6939,231.531,P07,TEAM_B,20.38,10.14,3.046,,,False
6951,231.932,P07,TEAM_B,19.065,10.336,4.02,,,False
6963,232.332,P07,TEAM_B,17.475,10.716,4.911,,,False
6975,232.733,P07,TEAM_B,16.126,10.718,3.2,,,False
6987,233.133,P07,TEAM_B,14.744,10.665,3.218,,,False
6999,233.533,P07,TEAM_B,14.297,10.449,7.651,,,False
7011,233.934,P07,TEAM_B,12.797,10.043,0.0,,,False
7023,234.334,P07,TEAM_B,10.301,10.181,7.05,,,False
7035,234.734,P07,TEAM_B,7.998,10.907,0.0,,,False
7047,235.135,P07,TEAM_B,5.921,11.315,5.676,,,False
7059,235.535,P07,TEAM_B,4.851,12.447,4.667,,,True
7077,236.136,P07,TEAM_B,3.256,14.227,0.0,,,True
7097,236.803,P07,TEAM_B,4.758,9.602,6.479,,,False
7109,237.204,P07,TEAM_B,5.485,8.532,2.593,,,False
7139,238.205,P07,TEAM_B,5.931,7.625,2.952,,,False
7151,238.605,P07,TEAM_B,5.532,7.728,0.0,,,True
7163,239.005,P07,TEAM_B,5.061,7.571,0.0,,,False
7175,239.406,P07,TEAM_B,4.422,7.706,0.0,,,False
7187,239.806,P07,TEAM_B,4.056,8.028,0.0,,,False
7199,240.207,P07,TEAM_B,3.73,8.515,0.0,,,False
7211,240.607,P07,TEAM_B,3.417,8.971,0.0,,,False
7223,241.007,P07,TEAM_B,3.227,9.029,0.0,,,False
7235,241.408,P07,TEAM_B,3.276,8.929,0.0,,,False
7247,241.808,P07,TEAM_B,3.335,8.65,0.0,,,False
7259,242.209,P07,TEAM_B,3.117,8.34,0.0,,,False
7271,242.609,P07,TEAM_B,3.136,7.915,0.0,,,False
7474,249.382,P04,TEAM_A,1.704,8.006,0.0,,,False
7489,249.883,P04,TEAM_A,1.736,7.96,0.0,,,False
7533,251.351,P04,TEAM_A,2.125,8.186,0.0,,,False
7545,251.751,P04,TEAM_A,2.512,8.721,0.0,,,False
7557,252.152,P04,TEAM_A,3.081,9.36,0.0,,,False
7569,252.552,P04,TEAM_A,3.107,10.254,2.732,,,True
7581,252.953,P04,TEAM_A,3.551,10.959,5.599,,,False
7593,253.353,P04,TEAM_A,3.431,11.898,0.0,,,False
7605,253.754,P04,TEAM_A,3.887,12.368,0.0,,,False
7617,254.154,P04,TEAM_A,4.931,11.651,3.05,,,False
7629,254.554,P04,TEAM_A,6.39,11.833,4.176,,,False
7641,254.955,P04,TEAM_A,8.575,11.27,4.357,,,False
7653,255.355,P04,TEAM_A,10.852,10.199,0.0,,,False
7665,255.756,P04,TEAM_A,13.047,9.075,8.265,,,False
7677,256.156,P04,TEAM_A,14.798,7.964,4.616,,,False
7689,256.556,P04,TEAM_A,17.244,6.452,0.0,,,False
7701,256.957,P04,TEAM_A,19.489,5.259,5.274,,,False
7713,257.357,P04,TEAM_A,21.481,3.697,6.851,,,False
7725,257.757,P04,TEAM_A,23.217,2.352,5.92,,,False
7737,258.158,P04,TEAM_A,24.836,1.39,5.051,,,False
7749,258.558,P04,TEAM_A,26.169,1.102,3.355,,,False
7761,258.959,P04,TEAM_A,26.976,1.071,0.0,,,False
7773,259.359,P04,TEAM_A,27.062,0.881,0.0,,,False
7773,259.359,P06,TEAM_B,10.592,13.705,0.0,,,False
7785,259.76,P04,TEAM_A,26.969,0.566,2.468,,,False
7785,259.76,P06,TEAM_B,9.875,14.228,0.0,,,False
7797,260.16,P04,TEAM_A,26.617,0.455,2.799,,,False
7797,260.16,P06,TEAM_B,9.973,14.871,0.0,,,False
7809,260.56,P04,TEAM_A,26.737,0.553,0.0,,,False
7809,260.56,P06,TEAM_B,10.523,15.434,0.0,,,False
7821,260.961,P04,TEAM_A,26.181,0.488,0.0,,,False
7821,260.961,P06,TEAM_B,11.217,15.665,0.0,,,False
7833,261.361,P04,TEAM_A,25.39,0.266,0.0,,,False
7833,261.361,P06,TEAM_B,11.951,15.041,6.907,,,False
7845,261.762,P04,TEAM_A,24.89,0.296,0.0,24.89,0.296,False
7845,261.762,P06,TEAM_B,12.25,14.295,5.017,,,False
7857,262.162,P04,TEAM_A,24.03,0.697,0.0,,,False
7857,262.162,P06,TEAM_B,12.443,13.109,2.53,,,False
7869,262.562,P04,TEAM_A,23.32,0.718,0.0,,,False
7869,262.562,P06,TEAM_B,11.564,11.716,0.0,,,False
7881,262.963,P04,TEAM_A,23.207,1.698,3.063,23.207,1.698,False
7881,262.963,P06,TEAM_B,12.111,9.933,5.211,,,False
7893,263.363,P04,TEAM_A,23.01,2.996,3.98,,,False
7898,263.53,P06,TEAM_B,11.651,8.376,3.924,,,False
7905,263.764,P04,TEAM_A,22.82,4.211,0.0,,,False
7910,263.93,P06,TEAM_B,11.163,7.896,0.0,,,False
7917,264.164,P04,TEAM_A,21.834,4.47,2.534,,,False
7922,264.331,P06,TEAM_B,11.208,7.247,0.0,,,False
7929,264.564,P04,TEAM_A,20.492,4.136,4.498,,,False
7934,264.731,P06,TEAM_B,11.577,6.516,0.0,,,False
7941,264.965,P04,TEAM_A,19.103,3.857,2.697,,,False
7953,265.365,P04,TEAM_A,18.11,5.463,5.333,,,False
7954,265.398,P06,TEAM_B,11.537,6.096,0.0,,,False
7965,265.766,P04,TEAM_A,17.708,7.596,0.0,,,False
7966,265.799,P06,TEAM_B,11.527,6.228,0.0,,,False
7978,266.199,P04,TEAM_A,17.497,10.344,7.183,,,False
7978,266.199,P06,TEAM_B,11.702,6.287,0.0,,,False
7990,266.6,P04,TEAM_A,17.222,12.406,3.22,,,False
7990,266.6,P06,TEAM_B,12.705,6.126,0.0,,,False
8002,267.0,P04,TEAM_A,15.803,14.626,7.411,,,False
8002,267.0,P06,TEAM_B,13.81,6.33,0.0,,,False
8015,267.434,P04,TEAM_A,13.413,16.523,0.0,,,False
8021,267.634,P06,TEAM_B,13.563,7.573,4.17,,,False
8027,267.834,P04,TEAM_A,11.055,17.697,7.985,,,False
8033,268.034,P06,TEAM_B,13.03,8.258,0.0,,,False
8039,268.235,P04,TEAM_A,8.971,18.736,0.0,,,False
8045,268.435,P06,TEAM_B,11.92,8.034,0.0,,,False
8051,268.635,P04,TEAM_A,6.495,19.196,0.0,,,True
8057,268.835,P06,TEAM_B,10.717,8.115,0.0,,,False
8069,269.236,P06,TEAM_B,9.479,8.518,3.642,,,False
8081,269.636,P06,TEAM_B,8.919,8.597,0.0,,,False
8094,270.07,P06,TEAM_B,7.873,8.86,3.12,,,False
8106,270.47,P06,TEAM_B,7.835,8.493,0.0,,,False
8118,270.871,P06,TEAM_B,7.543,7.868,3.27,,,False
8130,271.271,P06,TEAM_B,7.964,6.9,4.822,,,False
8142,271.671,P06,TEAM_B,8.395,5.994,2.786,,,False
8154,272.072,P06,TEAM_B,8.943,5.149,2.89,,,False
8166,272.472,P06,TEAM_B,9.074,4.364,0.0,,,False
8178,272.873,P06,TEAM_B,9.239,3.504,3.13,,,False
8190,273.273,P06,TEAM_B,9.613,2.772,0.0,,,False
8202,273.673,P06,TEAM_B,9.344,2.122,0.0,,,False
8214,274.074,P06,TEAM_B,9.202,1.785,0.0,,,False
8226,274.474,P06,TEAM_B,8.708,1.297,0.0,,,False
8238,274.875,P06,TEAM_B,8.321,1.066,0.0,,,False
8250,275.275,P06,TEAM_B,7.622,0.686,0.0,,,False
8262,275.675,P06,TEAM_B,7.098,0.648,0.0,,,False
8274,276.076,P06,TEAM_B,6.592,0.794,0.0,,,False
8286,276.476,P06,TEAM_B,5.987,0.704,3.259,,,False
8298,276.877,P06,TEAM_B,5.373,0.753,0.0,,,False
8310,277.277,P06,TEAM_B,5.111,0.761,0.0,,,False
8322,277.677,P06,TEAM_B,4.652,0.611,0.0,,,False
8334,278.078,P06,TEAM_B,4.6,0.558,0.0,,,False
8346,278.478,P06,TEAM_B,4.73,0.545,0.0,,,False
8358,278.879,P06,TEAM_B,4.941,0.598,2.979,,,False
8370,279.279,P06,TEAM_B,5.31,0.635,0.0,,,False
8382,279.679,P06,TEAM_B,6.019,0.883,0.0,,,False
8394,280.08,P06,TEAM_B,7.082,1.035,2.96,,,False
8406,280.48,P06,TEAM_B,8.369,1.207,0.0,,,False
8418,280.881,P06,TEAM_B,11.456,1.098,7.871,,,False
8430,281.281,P06,TEAM_B,13.191,0.605,0.0,,,False
8442,281.681,P06,TEAM_B,12.914,0.673,0.0,,,False
8454,282.082,P06,TEAM_B,12.229,0.981,0.0,,,False
8466,282.482,P06,TEAM_B,11.154,1.131,0.0,,,False
8479,282.916,P06,TEAM_B,10.402,1.785,3.003,,,False
8491,283.316,P06,TEAM_B,10.225,2.211,0.0,,,False
8503,283.717,P06,TEAM_B,9.948,2.011,3.136,9.948,2.011,False
8515,284.117,P06,TEAM_B,9.877,2.0,0.0,,,False
8527,284.518,P06,TEAM_B,10.646,1.89,3.542,10.646,1.89,False
8539,284.918,P06,TEAM_B,10.621,1.695,0.0,,,False
8551,285.318,P06,TEAM_B,10.285,1.622,0.0,,,False
8552,285.352,P07,TEAM_B,29.139,2.95,2.441,,,False
8563,285.719,P06,TEAM_B,10.291,1.644,0.0,,,False
8564,285.752,P07,TEAM_B,29.067,2.189,3.478,,,True
8575,286.119,P06,TEAM_B,10.607,1.693,0.0,,,False
8576,286.153,P07,TEAM_B,28.738,1.665,2.627,,,False
8587,286.52,P06,TEAM_B,10.63,2.123,3.081,,,False
8588,286.553,P07,TEAM_B,28.399,1.282,3.846,,,False
8591,286.653,P08,TEAM_B,24.688,3.344,0.0,,,True
8599,286.92,P06,TEAM_B,10.962,2.278,0.0,,,False
8600,286.953,P07,TEAM_B,27.744,1.077,0.0,,,False
8611,287.32,P06,TEAM_B,11.358,2.708,2.746,,,False
8612,287.354,P07,TEAM_B,26.676,0.78,0.0,,,False
8618,287.554,P08,TEAM_B,23.633,4.068,3.08,,,False
8623,287.721,P06,TEAM_B,11.882,3.054,0.0,,,False
8624,287.754,P07,TEAM_B,26.383,0.466,0.0,,,False
8630,287.954,P08,TEAM_B,22.273,4.592,4.189,,,False
8635,288.121,P06,TEAM_B,12.429,3.189,0.0,,,False
8636,288.155,P07,TEAM_B,25.32,0.333,0.0,,,False
8642,288.355,P08,TEAM_B,20.988,5.043,2.914,,,False
8647,288.522,P06,TEAM_B,11.983,3.72,0.0,,,False
8648,288.555,P07,TEAM_B,24.463,0.421,2.982,,,False
8654,288.755,P08,TEAM_B,20.154,5.616,0.0,,,False
8659,288.922,P06,TEAM_B,11.913,3.953,0.0,,,False
8660,288.955,P07,TEAM_B,23.46,0.917,0.0,,,False
8666,289.156,P08,TEAM_B,19.654,6.639,0.0,,,False
8671,289.322,P06,TEAM_B,11.41,4.533,0.0,,,False
8672,289.356,P07,TEAM_B,22.569,1.363,3.2,,,False
8678,289.556,P08,TEAM_B,19.536,7.382,0.0,,,False
8683,289.723,P06,TEAM_B,11.184,4.626,0.0,,,False
8684,289.756,P07,TEAM_B,21.767,1.886,0.0,,,False
8690,289.956,P08,TEAM_B,19.358,7.968,2.534,,,False
8695,290.123,P06,TEAM_B,10.989,4.845,0.0,,,False
8696,290.157,P07,TEAM_B,21.062,2.405,2.547,,,False
8702,290.357,P08,TEAM_B,19.193,8.229,0.0,,,False
8707,290.524,P06,TEAM_B,10.945,4.849,0.0,,,False
8708,290.557,P07,TEAM_B,20.498,2.521,0.0,,,False
8714,290.757,P08,TEAM_B,19.308,8.358,0.0,,,False
8719,290.924,P06,TEAM_B,11.384,4.548,0.0,,,False
8720,290.957,P07,TEAM_B,19.936,2.77,0.0,,,False
8726,291.158,P08,TEAM_B,19.676,8.554,0.0,,,False
8731,291.324,P06,TEAM_B,11.995,3.948,0.0,,,False
8732,291.358,P07,TEAM_B,19.438,2.988,0.0,,,False
8738,291.558,P08,TEAM_B,20.18,8.535,0.0,,,False
8743,291.725,P06,TEAM_B,12.653,3.801,0.0,,,False
8744,291.758,P07,TEAM_B,19.02,2.903,0.0,,,False
8750,291.958,P08,TEAM_B,20.616,8.839,0.0,,,False
8756,292.159,P06,TEAM_B,13.354,3.418,0.0,,,False
8756,292.159,P07,TEAM_B,18.763,3.468,0.0,,,False
8762,292.359,P08,TEAM_B,21.055,9.287,0.0,,,False
8768,292.559,P06,TEAM_B,14.106,3.47,3.418,,,False
8768,292.559,P07,TEAM_B,19.155,3.75,0.0,,,False
8774,292.759,P08,TEAM_B,21.451,9.531,0.0,,,False
8780,292.959,P06,TEAM_B,14.243,3.529,0.0,,,False
8780,292.959,P07,TEAM_B,19.481,4.196,2.548,,,False
8786,293.16,P08,TEAM_B,21.779,10.222,0.0,,,False
8792,293.36,P06,TEAM_B,14.697,3.586,0.0,,,False
8792,293.36,P07,TEAM_B,19.919,4.607,0.0,,,False
8798,293.56,P08,TEAM_B,21.921,10.442,0.0,,,False
8804,293.76,P06,TEAM_B,15.263,3.661,0.0,,,False
8804,293.76,P07,TEAM_B,20.481,4.802,0.0,,,False
8810,293.96,P08,TEAM_B,21.704,11.245,0.0,,,False
8816,294.161,P06,TEAM_B,15.428,3.626,0.0,,,False
8816,294.161,P07,TEAM_B,20.861,5.401,0.0,,,False
8822,294.361,P08,TEAM_B,21.603,11.289,0.0,,,False
8828,294.561,P06,TEAM_B,15.566,3.774,0.0,,,False
8828,294.561,P07,TEAM_B,21.266,5.845,0.0,,,False
8834,294.761,P08,TEAM_B,21.536,12.345,0.0,,,False
8840,294.961,P06,TEAM_B,15.222,4.266,0.0,,,False
8840,294.961,P07,TEAM_B,21.342,6.56,0.0,,,False
8846,295.162,P08,TEAM_B,21.519,13.513,0.0,,,False
8852,295.362,P06,TEAM_B,14.674,5.09,0.0,,,False
8852,295.362,P07,TEAM_B,21.322,7.229,2.46,,,False
8858,295.562,P08,TEAM_B,21.52,14.365,3.934,,,False
8864,295.762,P06,TEAM_B,14.037,6.152,4.989,,,False
8864,295.762,P07,TEAM_B,21.095,7.604,0.0,,,False
8870,295.962,P08,TEAM_B,21.331,15.139,0.0,,,False
8876,296.163,P06,TEAM_B,13.902,7.179,3.813,,,False
8876,296.163,P07,TEAM_B,20.255,8.757,2.734,,,False
8882,296.363,P08,TEAM_B,21.284,15.96,0.0,,,False
8888,296.563,P06,TEAM_B,13.901,8.602,2.944,,,False
8888,296.563,P07,TEAM_B,19.21,10.116,4.697,,,False
8894,296.763,P08,TEAM_B,20.698,16.846,0.0,,,False
8900,296.963,P06,TEAM_B,13.052,11.248,7.813,,,False
8900,296.963,P07,TEAM_B,18.18,10.817,5.955,,,False
8906,297.164,P08,TEAM_B,19.977,17.738,3.41,,,False
8912,297.364,P06,TEAM_B,11.755,13.158,5.518,,,False
8912,297.364,P07,TEAM_B,17.118,11.402,0.0,,,False
8924,297.764,P06,TEAM_B,10.518,15.088,4.447,,,False
8924,297.764,P07,TEAM_B,15.882,11.503,2.788,,,False
8936,298.165,P06,TEAM_B,9.694,16.263,2.51,,,False
8936,298.165,P07,TEAM_B,15.046,11.038,0.0,,,False
8948,298.565,P06,TEAM_B,8.559,16.538,0.0,,,False
8948,298.565,P07,TEAM_B,14.451,10.574,0.0,,,False
8960,298.965,P06,TEAM_B,7.855,15.968,0.0,,,False
8960,298.965,P07,TEAM_B,14.227,9.546,7.975,,,False
8972,299.366,P06,TEAM_B,7.719,15.884,0.0,,,False
8972,299.366,P07,TEAM_B,14.926,7.778,4.794,14.926,7.778,False
8984,299.766,P06,TEAM_B,7.632,15.725,0.0,,,False
8984,299.766,P07,TEAM_B,13.356,6.556,5.112,,,False
8996,300.167,P06,TEAM_B,7.638,15.632,0.0,,,False
8996,300.167,P07,TEAM_B,11.223,6.762,4.599,,,False
9008,300.567,P04,TEAM_A,8.523,9.423,4.128,,,True
9008,300.567,P06,TEAM_B,7.785,15.773,0.0,,,False
9008,300.567,P07,TEAM_B,9.615,7.747,3.893,,,True
9020,300.967,P04,TEAM_A,9.553,8.746,0.0,,,False
9020,300.967,P06,TEAM_B,8.849,15.851,4.996,,,False
9028,301.234,P07,TEAM_B,7.774,8.34,2.449,,,True
9032,301.368,P04,TEAM_A,9.887,7.507,3.532,,,False
9032,301.368,P06,TEAM_B,8.943,16.989,4.473,,,True
9044,301.768,P04,TEAM_A,10.305,7.242,3.091,,,False
9044,301.768,P06,TEAM_B,9.156,17.106,0.0,,,False
9056,302.169,P04,TEAM_A,11.118,7.165,0.0,,,False
9056,302.169,P06,TEAM_B,9.37,17.006,0.0,,,False
9068,302.569,P04,TEAM_A,11.518,8.126,0.0,,,False
9068,302.569,P06,TEAM_B,9.518,17.046,0.0,,,False
9080,302.969,P04,TEAM_A,11.103,9.275,5.431,,,False
9080,302.969,P06,TEAM_B,9.374,16.629,0.0,,,False
9092,303.37,P04,TEAM_A,9.217,10.364,3.573,,,False
9092,303.37,P06,TEAM_B,8.911,15.214,6.665,,,False
9104,303.77,P04,TEAM_A,8.889,11.395,0.0,,,True
9104,303.77,P06,TEAM_B,9.024,13.007,5.109,,,True
9317,310.877,P04,TEAM_A,3.851,10.255,0.0,,,True
9329,311.278,P04,TEAM_A,4.803,10.104,0.0,,,False
9341,311.678,P04,TEAM_A,5.458,10.461,0.0,,,False
9353,312.078,P04,TEAM_A,5.874,10.849,0.0,,,False
9365,312.479,P04,TEAM_A,6.898,10.621,0.0,,,False
9377,312.879,P04,TEAM_A,7.461,10.942,3.629,,,False
9389,313.28,P04,TEAM_A,7.928,11.2,3.174,,,False
9401,313.68,P04,TEAM_A,8.307,11.518,2.707,,,False
9413,314.08,P04,TEAM_A,8.705,11.405,0.0,,,False
9425,314.481,P04,TEAM_A,8.966,11.37,0.0,,,False
9437,314.881,P04,TEAM_A,9.345,11.364,0.0,,,False
9449,315.282,P04,TEAM_A,9.665,11.311,0.0,,,False
9455,315.482,P07,TEAM_B,19.069,4.351,2.731,,,False
9461,315.682,P04,TEAM_A,9.802,11.482,0.0,,,False
9467,315.882,P07,TEAM_B,19.865,5.223,4.122,,,False
9473,316.082,P04,TEAM_A,10.086,11.288,0.0,,,False
9484,316.449,P07,TEAM_B,21.091,5.858,3.554,,,False
9485,316.483,P04,TEAM_A,10.034,10.79,2.405,,,False
9496,316.85,P07,TEAM_B,22.031,6.022,0.0,,,False
9497,316.883,P04,TEAM_A,9.869,10.157,0.0,,,False
9509,317.284,P04,TEAM_A,9.527,10.121,0.0,,,False
9521,317.684,P04,TEAM_A,9.498,9.904,0.0,,,False
9533,318.084,P04,TEAM_A,9.893,9.327,0.0,,,False
9539,318.285,P07,TEAM_B,25.549,7.254,2.537,,,True
9545,318.485,P04,TEAM_A,10.69,9.0,0.0,,,False
9552,318.718,P07,TEAM_B,26.234,8.062,2.616,,,False
9557,318.885,P04,TEAM_A,11.792,8.991,3.185,,,False
9564,319.119,P07,TEAM_B,26.046,8.04,0.0,,,False
9569,319.286,P04,TEAM_A,12.699,9.161,2.863,,,False
9576,319.519,P07,TEAM_B,26.023,8.552,0.0,,,False
9581,319.686,P04,TEAM_A,13.987,8.616,3.852,,,False
9588,319.92,P07,TEAM_B,26.18,9.743,0.0,,,True
9593,320.086,P04,TEAM_A,13.182,8.408,4.264,,,False
9605,320.487,P04,TEAM_A,12.919,7.739,4.158,,,False
9605,320.487,P07,TEAM_B,27.031,11.288,3.167,,,False
9617,320.887,P04,TEAM_A,12.483,7.626,0.0,12.483,7.626,False
9617,320.887,P07,TEAM_B,27.38,12.785,4.334,,,False
9629,321.288,P04,TEAM_A,12.194,7.632,0.0,,,False
9629,321.288,P07,TEAM_B,27.174,14.049,7.943,,,True
9641,321.688,P04,TEAM_A,12.078,7.928,0.0,,,False
9641,321.688,P07,TEAM_B,27.127,15.099,2.731,,,False
9653,322.088,P04,TEAM_A,12.282,8.066,0.0,,,False
9653,322.088,P07,TEAM_B,27.121,16.187,3.365,,,False
9665,322.489,P04,TEAM_A,13.098,6.584,7.474,,,False
9665,322.489,P07,TEAM_B,27.288,17.074,3.185,,,False
9677,322.889,P07,TEAM_B,27.462,17.919,0.0,,,False
9678,322.923,P04,TEAM_A,14.621,5.099,4.766,,,False
9689,323.29,P07,TEAM_B,27.55,18.359,0.0,27.55,18.359,False
9690,323.323,P04,TEAM_A,16.945,3.785,5.796,,,False
9701,323.69,P07,TEAM_B,28.355,18.703,0.0,,,False
9702,323.723,P04,TEAM_A,18.405,2.335,2.927,18.405,2.335,False
9713,324.09,P07,TEAM_B,29.311,19.416,3.521,,,False
9714,324.124,P04,TEAM_A,19.125,1.563,0.0,,,False
9725,324.491,P07,TEAM_B,30.08,19.715,0.0,30.08,19.715,False
9726,324.524,P04,TEAM_A,19.556,0.392,0.0,,,False
9737,324.891,P07,TEAM_B,30.842,19.902,0.0,30.842,19.902,False
9738,324.925,P04,TEAM_A,19.272,0.567,0.0,,,False
9749,325.292,P07,TEAM_B,31.111,19.903,0.0,,,False
9750,325.325,P04,TEAM_A,19.089,0.782,0.0,,,False
9759,325.625,P08,TEAM_B,34.82,1.858,0.0,,,False
9761,325.692,P07,TEAM_B,31.139,19.974,0.0,,,False
9762,325.725,P04,TEAM_A,18.297,2.005,5.288,,,False
9771,326.026,P08,TEAM_B,33.488,1.66,5.58,,,False
9773,326.092,P07,TEAM_B,30.81,19.8,0.0,,,False
9774,326.126,P04,TEAM_A,17.406,2.693,5.075,,,False
9783,326.426,P08,TEAM_B,31.881,1.793,4.876,,,False
9785,326.493,P07,TEAM_B,30.015,19.746,2.443,,,False
9786,326.526,P04,TEAM_A,15.702,3.896,2.467,,,False
9795,326.827,P08,TEAM_B,30.619,1.669,0.0,,,False
9797,326.893,P07,TEAM_B,28.396,19.804,4.671,,,False
9798,326.927,P04,TEAM_A,13.587,4.274,3.479,,,False
9807,327.227,P08,TEAM_B,29.164,1.579,3.91,,,False
9809,327.294,P07,TEAM_B,26.638,19.852,4.047,,,False
9810,327.327,P04,TEAM_A,12.668,5.097,0.0,,,False
9819,327.627,P08,TEAM_B,27.199,1.311,6.87,,,False
9821,327.694,P07,TEAM_B,25.147,19.807,2.977,,,False
9822,327.727,P04,TEAM_A,12.798,5.472,0.0,,,False
9831,328.028,P08,TEAM_B,26.871,1.625,2.531,,,False
9833,328.094,P07,TEAM_B,24.083,19.831,3.096,,,False
9834,328.128,P04,TEAM_A,13.142,5.956,0.0,,,False
9843,328.428,P08,TEAM_B,25.928,1.778,0.0,,,False
9845,328.495,P07,TEAM_B,23.562,19.969,0.0,,,False
9846,328.528,P04,TEAM_A,13.238,6.388,0.0,,,False
9855,328.829,P08,TEAM_B,25.13,2.15,0.0,,,False
9857,328.895,P07,TEAM_B,22.937,19.817,0.0,,,False
9858,328.929,P04,TEAM_A,12.916,6.908,2.594,,,False
9867,329.229,P08,TEAM_B,24.568,2.446,0.0,,,False
9869,329.296,P07,TEAM_B,22.239,19.786,0.0,,,False
9870,329.329,P04,TEAM_A,12.561,7.323,0.0,,,False
9879,329.629,P08,TEAM_B,23.929,3.065,0.0,,,False
9881,329.696,P07,TEAM_B,21.471,19.729,0.0,,,False
9882,329.729,P04,TEAM_A,11.611,7.52,3.971,,,False
9891,330.03,P08,TEAM_B,23.479,3.419,0.0,,,False
9893,330.096,P07,TEAM_B,20.624,19.551,0.0,,,False
9894,330.13,P04,TEAM_A,10.833,7.89,0.0,,,True
9903,330.43,P08,TEAM_B,22.991,3.988,2.582,,,False
9905,330.497,P07,TEAM_B,19.739,19.413,3.1,,,False
9906,330.53,P04,TEAM_A,9.8,8.352,4.283,,,False
9915,330.831,P08,TEAM_B,22.456,4.28,0.0,,,False
9917,330.897,P07,TEAM_B,18.951,19.337,2.636,,,False
9918,330.931,P04,TEAM_A,9.181,8.563,0.0,,,False
9927,331.231,P08,TEAM_B,21.968,4.527,0.0,,,False
9929,331.298,P07,TEAM_B,18.12,19.244,2.466,,,False
9930,331.331,P04,TEAM_A,8.697,8.736,0.0,,,False
9939,331.631,P08,TEAM_B,21.471,4.735,0.0,,,False
9941,331.698,P07,TEAM_B,17.386,18.743,2.678,,,False
9942,331.731,P04,TEAM_A,7.874,8.986,0.0,,,False
9951,332.032,P08,TEAM_B,21.189,4.345,0.0,,,False
9953,332.098,P07,TEAM_B,16.758,18.547,0.0,,,False
9954,332.132,P04,TEAM_A,7.234,9.345,0.0,,,False
9963,332.432,P08,TEAM_B,21.022,4.252,0.0,,,False
9965,332.499,P07,TEAM_B,16.093,18.24,0.0,,,False
9966,332.532,P04,TEAM_A,6.511,9.521,0.0,,,False
9975,332.832,P08,TEAM_B,20.744,4.141,0.0,,,False
9977,332.899,P07,TEAM_B,15.767,17.737,0.0,,,False
9978,332.933,P04,TEAM_A,6.003,9.735,0.0,,,False
9987,333.233,P08,TEAM_B,20.569,3.964,0.0,,,False
9989,333.3,P07,TEAM_B,15.681,17.674,0.0,,,True
9990,333.333,P04,TEAM_A,5.922,9.67,0.0,,,False
9999,333.633,P08,TEAM_B,20.567,3.574,0.0,,,False
10001,333.7,P07,TEAM_B,15.916,16.764,0.0,,,True
10002,333.733,P04,TEAM_A,5.501,9.505,0.0,,,False
10011,334.034,P08,TEAM_B,20.54,3.579,0.0,,,False
10013,334.1,P07,TEAM_B,16.283,16.232,0.0,,,False
10014,334.134,P04,TEAM_A,4.968,9.472,2.861,,,False
10023,334.434,P08,TEAM_B,20.686,3.609,0.0,,,False
10025,334.501,P07,TEAM_B,16.704,15.77,0.0,,,False
10027,334.568,P04,TEAM_A,4.762,9.343,0.0,,,False
10035,334.834,P08,TEAM_B,20.993,3.637,0.0,,,False
10037,334.901,P07,TEAM_B,17.298,15.266,0.0,,,False
10039,334.968,P04,TEAM_A,4.68,9.162,0.0,,,False
10047,335.235,P08,TEAM_B,21.348,3.722,0.0,,,False
10049,335.302,P07,TEAM_B,17.855,14.861,2.423,,,False
10051,335.368,P04,TEAM_A,4.769,9.139,0.0,,,False
10059,335.635,P08,TEAM_B,21.788,3.677,0.0,,,False
10061,335.702,P07,TEAM_B,18.445,14.441,0.0,,,False
10063,335.769,P04,TEAM_A,4.785,9.114,0.0,,,False
10071,336.036,P08,TEAM_B,22.088,3.99,0.0,,,False
10073,336.102,P07,TEAM_B,18.955,14.315,0.0,,,False
10076,336.203,P04,TEAM_A,4.767,9.114,0.0,,,False
10083,336.436,P08,TEAM_B,22.324,4.163,0.0,,,False
10085,336.503,P07,TEAM_B,19.431,13.936,0.0,,,False
10088,336.603,P04,TEAM_A,4.682,9.188,0.0,,,False
10095,336.837,P08,TEAM_B,22.387,4.175,0.0,,,False
10097,336.903,P07,TEAM_B,19.778,13.895,0.0,,,False
10100,337.003,P04,TEAM_A,4.542,9.261,0.0,,,False
10107,337.237,P08,TEAM_B,22.296,4.388,0.0,,,False
10109,337.304,P07,TEAM_B,20.013,13.757,0.0,,,False
10112,337.404,P04,TEAM_A,4.559,9.236,0.0,,,True
10119,337.637,P08,TEAM_B,22.123,4.421,0.0,,,False
10121,337.704,P07,TEAM_B,20.252,13.537,2.997,,,False
10131,338.038,P08,TEAM_B,21.896,4.42,0.0,,,False
10133,338.104,P07,TEAM_B,20.309,13.376,0.0,,,False
10143,338.438,P08,TEAM_B,21.613,4.385,0.0,,,False
10145,338.505,P07,TEAM_B,20.26,13.283,0.0,,,False
10155,338.839,P08,TEAM_B,21.32,4.147,0.0,,,False
10157,338.905,P07,TEAM_B,20.185,13.327,0.0,,,False
10167,339.239,P08,TEAM_B,21.062,4.07,0.0,,,False
10169,339.306,P07,TEAM_B,19.968,13.35,0.0,,,False
10179,339.639,P08,TEAM_B,20.722,4.045,0.0,,,False
10181,339.706,P07,TEAM_B,19.826,13.33,0.0,,,False
10191,340.04,P08,TEAM_B,20.418,4.074,0.0,,,False
10193,340.106,P07,TEAM_B,19.567,13.438,0.0,,,False
10203,340.44,P08,TEAM_B,20.257,4.258,0.0,,,False
10205,340.507,P07,TEAM_B,19.301,13.464,0.0,,,False
10215,340.841,P08,TEAM_B,19.937,4.63,0.0,,,False
10217,340.907,P07,TEAM_B,19.015,13.519,0.0,,,False
10227,341.241,P08,TEAM_B,19.557,4.704,0.0,,,False
10229,341.308,P07,TEAM_B,18.736,13.607,0.0,,,False
10239,341.641,P08,TEAM_B,19.205,4.877,0.0,,,False
10241,341.708,P07,TEAM_B,18.459,13.585,0.0,,,False
10251,342.042,P08,TEAM_B,18.823,5.06,0.0,,,False
10253,342.108,P07,TEAM_B,18.189,13.455,0.0,,,False
10263,342.442,P08,TEAM_B,18.487,5.032,0.0,,,False
10265,342.509,P07,TEAM_B,18.045,13.142,0.0,,,False
10275,342.843,P08,TEAM_B,18.173,5.315,0.0,,,False
10277,342.909,P07,TEAM_B,17.902,12.998,0.0,,,False
10287,343.243,P08,TEAM_B,17.947,5.329,0.0,,,False
10289,343.31,P07,TEAM_B,17.75,12.774,0.0,,,False
10299,343.643,P08,TEAM_B,17.815,5.165,0.0,,,False
10301,343.71,P07,TEAM_B,17.555,12.579,0.0,,,False
10311,344.044,P08,TEAM_B,17.768,5.027,0.0,,,False
10313,344.11,P07,TEAM_B,17.46,12.102,0.0,,,False
10323,344.444,P08,TEAM_B,17.708,4.948,0.0,,,False
10325,344.511,P07,TEAM_B,17.351,11.995,0.0,,,False
10335,344.844,P08,TEAM_B,17.695,4.932,0.0,,,False
10337,344.911,P07,TEAM_B,17.191,12.039,0.0,,,False
10347,345.245,P08,TEAM_B,17.789,5.02,0.0,,,False
10349,345.312,P07,TEAM_B,17.025,12.006,0.0,,,False
10359,345.645,P08,TEAM_B,17.942,5.126,0.0,,,False
10361,345.712,P07,TEAM_B,16.972,12.004,0.0,,,False
10371,346.046,P08,TEAM_B,18.323,5.222,0.0,,,False
10373,346.112,P07,TEAM_B,17.038,12.059,0.0,,,False
10383,346.446,P08,TEAM_B,18.599,5.406,0.0,,,False
10385,346.513,P07,TEAM_B,17.08,12.373,0.0,,,False
10395,346.846,P08,TEAM_B,18.944,5.424,0.0,,,False
10397,346.913,P07,TEAM_B,17.135,12.481,0.0,,,False
10407,347.247,P08,TEAM_B,19.345,5.431,0.0,,,False
10409,347.314,P07,TEAM_B,17.278,12.807,0.0,,,False
10420,347.681,P08,TEAM_B,19.675,5.346,0.0,,,False
10421,347.714,P07,TEAM_B,17.407,12.921,0.0,,,False
10432,348.081,P08,TEAM_B,19.819,5.367,0.0,,,False
10433,348.114,P07,TEAM_B,17.48,13.223,0.0,,,False
10444,348.481,P08,TEAM_B,19.763,5.397,0.0,,,False
10445,348.515,P07,TEAM_B,17.686,13.343,0.0,,,False
10456,348.882,P08,TEAM_B,19.667,5.493,0.0,,,False
10457,348.915,P07,TEAM_B,17.891,13.548,0.0,,,False
10468,349.282,P08,TEAM_B,19.526,5.628,0.0,,,False
10469,349.316,P07,TEAM_B,18.008,13.555,0.0,,,False
10480,349.683,P08,TEAM_B,19.385,6.092,0.0,,,False
10481,349.716,P07,TEAM_B,17.98,13.693,0.0,,,False
10492,350.083,P08,TEAM_B,19.161,6.708,3.418,,,False
10493,350.116,P07,TEAM_B,17.879,13.828,0.0,,,False
10504,350.483,P08,TEAM_B,19.083,6.88,0.0,,,False
10505,350.517,P07,TEAM_B,17.847,13.911,0.0,,,False
10516,350.884,P08,TEAM_B,18.91,7.462,0.0,,,False
10519,350.984,P07,TEAM_B,17.866,13.969,0.0,,,False
10528,351.284,P08,TEAM_B,18.64,8.053,0.0,,,False
10531,351.384,P07,TEAM_B,17.836,13.967,0.0,,,False
10540,351.685,P08,TEAM_B,18.516,8.401,0.0,,,False
10546,351.885,P07,TEAM_B,17.833,13.91,0.0,,,False
10552,352.085,P08,TEAM_B,18.325,8.387,0.0,,,False
10558,352.285,P07,TEAM_B,17.783,13.936,0.0,,,False
10564,352.485,P08,TEAM_B,18.203,8.193,0.0,,,False
10570,352.686,P07,TEAM_B,17.551,14.321,3.148,,,False
10576,352.886,P08,TEAM_B,17.927,8.146,0.0,,,False
10582,353.086,P07,TEAM_B,17.261,14.593,0.0,,,False
10588,353.286,P08,TEAM_B,17.494,8.226,0.0,,,False
10594,353.486,P07,TEAM_B,17.131,14.761,0.0,,,False
10600,353.687,P08,TEAM_B,17.319,8.126,0.0,,,False
10606,353.887,P07,TEAM_B,17.139,14.79,0.0,,,False
10612,354.087,P08,TEAM_B,16.967,8.268,0.0,,,False
10618,354.287,P07,TEAM_B,17.119,14.876,0.0,,,False
10624,354.487,P08,TEAM_B,16.718,8.248,0.0,,,False
10630,354.688,P07,TEAM_B,16.91,15.305,0.0,,,False
10636,354.888,P08,TEAM_B,16.225,8.306,0.0,,,False
10642,355.088,P07,TEAM_B,16.764,15.387,0.0,,,True
10648,355.288,P08,TEAM_B,15.759,8.324,0.0,,,False
10654,355.488,P07,TEAM_B,16.34,15.875,0.0,,,False
10660,355.689,P08,TEAM_B,15.218,8.77,4.229,,,False
10666,355.889,P07,TEAM_B,15.99,15.924,0.0,,,False
10672,356.089,P08,TEAM_B,14.678,8.901,0.0,,,False
10678,356.289,P07,TEAM_B,15.573,16.094,0.0,,,False
10684,356.489,P08,TEAM_B,14.254,9.231,0.0,,,False
10690,356.69,P07,TEAM_B,15.311,16.0,0.0,,,False
10696,356.89,P08,TEAM_B,13.183,9.365,0.0,,,False
10702,357.09,P07,TEAM_B,14.908,15.966,0.0,,,False
10708,357.29,P08,TEAM_B,12.503,9.119,3.368,,,False
10715,357.524,P07,TEAM_B,14.394,15.995,0.0,,,False
10720,357.691,P08,TEAM_B,12.053,8.949,3.462,,,False
10727,357.924,P07,TEAM_B,14.137,15.605,0.0,,,False
10732,358.091,P08,TEAM_B,11.295,8.511,2.934,,,False
10739,358.325,P07,TEAM_B,14.723,14.368,7.742,,,False
10744,358.491,P08,TEAM_B,11.027,7.832,3.952,,,False
10751,358.725,P07,TEAM_B,14.806,13.994,0.0,,,False
10756,358.892,P08,TEAM_B,11.431,6.51,0.0,,,False
10763,359.125,P07,TEAM_B,15.169,14.35,0.0,,,False
10768,359.292,P08,TEAM_B,10.559,6.676,2.474,,,False
10775,359.526,P07,TEAM_B,15.096,14.348,0.0,,,False
10780,359.693,P08,TEAM_B,9.957,7.715,0.0,,,False
10787,359.926,P07,TEAM_B,15.156,14.961,0.0,,,False
10792,360.093,P08,TEAM_B,9.725,8.28,5.187,,,False
10800,360.36,P07,TEAM_B,15.505,14.968,0.0,,,False
10804,360.493,P08,TEAM_B,9.558,8.687,0.0,,,False
10812,360.76,P07,TEAM_B,16.238,14.038,4.69,,,False
10816,360.894,P08,TEAM_B,9.726,8.132,0.0,,,False
10824,361.161,P07,TEAM_B,17.136,13.045,3.961,,,False
10828,361.294,P08,TEAM_B,10.094,7.323,4.899,,,False
10836,361.561,P07,TEAM_B,18.851,11.753,4.401,,,True
10840,361.695,P08,TEAM_B,10.875,6.093,4.902,,,False
10848,361.962,P06,TEAM_B,3.517,9.842,2.909,,,True
10852,362.095,P08,TEAM_B,11.95,4.721,0.0,,,False
10860,362.362,P06,TEAM_B,3.471,9.509,0.0,,,True
10864,362.495,P08,TEAM_B,14.296,3.461,0.0,,,False
10872,362.762,P06,TEAM_B,3.474,9.109,0.0,,,False
10876,362.896,P08,TEAM_B,16.485,2.363,4.885,,,False
10884,363.163,P06,TEAM_B,3.431,8.894,0.0,,,False
10888,363.296,P08,TEAM_B,17.27,1.272,4.447,,,False
10896,363.563,P06,TEAM_B,3.444,8.765,0.0,,,False
10900,363.697,P08,TEAM_B,17.292,0.565,0.0,,,False
10909,363.997,P06,TEAM_B,3.424,8.712,0.0,,,False
10921,364.397,P06,TEAM_B,3.35,8.144,5.928,,,False
10933,364.798,P06,TEAM_B,3.34,7.456,4.944,,,False
10945,365.198,P06,TEAM_B,3.532,7.152,0.0,,,False
10957,365.599,P06,TEAM_B,3.172,7.072,0.0,,,False
10969,365.999,P06,TEAM_B,3.123,7.135,0.0,,,False
10981,366.399,P06,TEAM_B,3.129,7.279,0.0,,,False
10993,366.8,P06,TEAM_B,2.91,8.337,2.665,,,False
11006,367.234,P06,TEAM_B,4.443,8.723,0.0,,,True
11018,367.634,P06,TEAM_B,4.71,10.432,3.585,,,False
11030,368.034,P06,TEAM_B,5.984,9.737,6.069,,,False
11042,368.435,P06,TEAM_B,7.142,9.229,3.191,,,False
11054,368.835,P06,TEAM_B,8.754,8.348,0.0,,,False
11066,369.236,P06,TEAM_B,8.689,8.599,0.0,,,False
11078,369.636,P06,TEAM_B,7.849,9.422,6.204,,,False
11090,370.036,P06,TEAM_B,6.743,10.661,3.524,,,False
11102,370.437,P06,TEAM_B,5.467,11.075,0.0,5.467,11.075,False
11114,370.837,P06,TEAM_B,4.19,11.122,2.654,,,False
11126,371.238,P06,TEAM_B,3.658,10.936,3.378,,,False
11138,371.638,P06,TEAM_B,3.468,10.545,0.0,3.468,10.545,False
11150,372.038,P06,TEAM_B,3.241,10.012,0.0,,,False
11162,372.439,P06,TEAM_B,3.379,8.888,0.0,,,False
11174,372.839,P06,TEAM_B,3.79,7.926,4.669,,,False
11254,375.508,P07,TEAM_B,3.578,7.418,2.462,,,False
11266,375.909,P07,TEAM_B,4.305,7.186,0.0,,,False
11278,376.309,P07,TEAM_B,4.967,6.987,0.0,,,False
11290,376.71,P07,TEAM_B,5.468,6.94,0.0,,,False
11302,377.11,P07,TEAM_B,5.905,6.392,0.0,,,False
11314,377.51,P07,TEAM_B,5.954,6.197,0.0,,,False
11317,377.611,P06,TEAM_B,21.739,1.982,0.0,,,False
11326,377.911,P07,TEAM_B,6.334,5.747,0.0,,,False
11329,378.011,P06,TEAM_B,21.761,2.002,0.0,,,False
11338,378.311,P07,TEAM_B,5.727,5.631,2.665,,,False
11341,378.411,P06,TEAM_B,21.743,2.024,0.0,,,False
11350,378.712,P07,TEAM_B,5.724,5.252,0.0,,,False
11353,378.812,P06,TEAM_B,21.708,2.035,0.0,,,False
11362,379.112,P07,TEAM_B,5.634,5.016,0.0,,,False
11365,379.212,P06,TEAM_B,21.732,2.026,0.0,,,False
11374,379.512,P07,TEAM_B,5.769,4.871,0.0,,,False
11377,379.613,P06,TEAM_B,21.72,2.027,0.0,,,False
11386,379.913,P07,TEAM_B,5.705,4.898,0.0,,,False
11389,380.013,P06,TEAM_B,21.715,2.022,0.0,,,False
11398,380.313,P07,TEAM_B,5.638,4.887,0.0,,,False
11401,380.413,P06,TEAM_B,21.709,2.017,0.0,,,False
11410,380.714,P07,TEAM_B,5.76,4.779,0.0,,,False
11413,380.814,P06,TEAM_B,21.703,2.024,0.0,,,False
11422,381.114,P07,TEAM_B,5.825,4.771,0.0,,,False
11425,381.214,P06,TEAM_B,21.709,2.023,0.0,,,False
11434,381.514,P07,TEAM_B,6.067,4.718,0.0,,,False
11437,381.615,P06,TEAM_B,21.704,2.018,0.0,,,False
11446,381.915,P07,TEAM_B,6.298,4.441,0.0,,,False
11449,382.015,P06,TEAM_B,21.709,2.023,0.0,,,False
11458,382.315,P07,TEAM_B,6.159,4.367,0.0,,,False
11461,382.415,P06,TEAM_B,21.726,2.014,0.0,,,False
11470,382.716,P07,TEAM_B,5.758,4.599,0.0,5.758,4.599,False
11473,382.816,P06,TEAM_B,21.704,2.018,0.0,,,False
11482,383.116,P07,TEAM_B,5.394,4.755,0.0,5.394,4.755,False
11485,383.216,P06,TEAM_B,21.607,2.039,0.0,,,False
11496,383.583,P07,TEAM_B,4.973,5.06,0.0,4.973,5.06,False
11497,383.617,P06,TEAM_B,21.351,1.947,0.0,,,False
11508,383.984,P07,TEAM_B,4.534,5.197,0.0,,,False
11509,384.017,P06,TEAM_B,21.226,1.959,0.0,,,False
11520,384.384,P07,TEAM_B,4.219,5.464,0.0,4.219,5.464,False
11521,384.417,P06,TEAM_B,21.019,1.989,0.0,,,False
11532,384.784,P07,TEAM_B,3.869,5.777,0.0,,,False
11533,384.818,P06,TEAM_B,20.688,2.391,0.0,,,False
11544,385.185,P07,TEAM_B,3.566,6.068,0.0,3.566,6.068,False
11545,385.218,P06,TEAM_B,20.463,2.124,0.0,,,False
11556,385.585,P07,TEAM_B,3.518,6.125,0.0,3.518,6.125,False
11557,385.619,P06,TEAM_B,20.028,2.001,0.0,,,False
11568,385.986,P07,TEAM_B,3.683,6.067,0.0,3.683,6.067,False
11569,386.019,P06,TEAM_B,19.417,1.734,0.0,,,False
11580,386.386,P07,TEAM_B,4.278,6.167,5.08,4.278,6.167,False
11581,386.419,P06,TEAM_B,18.777,1.418,2.415,,,False
11592,386.786,P07,TEAM_B,4.388,6.29,0.0,,,False
11593,386.82,P06,TEAM_B,18.531,1.366,5.959,,,False
11594,386.853,P01,TEAM_A,26.61,0.0,0.0,,,False
11604,387.187,P07,TEAM_B,4.431,6.425,0.0,,,False
11605,387.22,P06,TEAM_B,17.985,1.329,3.145,,,False
11606,387.254,P01,TEAM_A,26.169,0.051,0.0,,,False
11616,387.587,P07,TEAM_B,4.429,6.403,0.0,,,False
11617,387.621,P06,TEAM_B,17.369,1.2,2.519,,,False
11618,387.654,P01,TEAM_A,25.907,0.339,0.0,,,False
11628,387.988,P07,TEAM_B,4.292,6.384,0.0,,,False
11629,388.021,P06,TEAM_B,16.752,1.27,0.0,,,False
11630,388.054,P01,TEAM_A,25.792,0.531,0.0,,,False
11640,388.388,P07,TEAM_B,4.228,6.462,0.0,,,False
11642,388.455,P01,TEAM_A,25.914,0.716,0.0,,,False
11642,388.455,P06,TEAM_B,15.929,1.118,0.0,,,False
11652,388.788,P07,TEAM_B,4.047,6.567,0.0,,,False
11654,388.855,P01,TEAM_A,26.129,0.735,0.0,,,False
11654,388.855,P06,TEAM_B,15.081,1.246,0.0,,,False
11664,389.189,P07,TEAM_B,3.603,6.861,2.422,,,False
11666,389.256,P01,TEAM_A,26.381,0.707,0.0,,,False
11666,389.256,P06,TEAM_B,14.22,1.139,0.0,,,False
11676,389.589,P03,TEAM_A,26.093,0.0,0.0,,,False
11676,389.589,P07,TEAM_B,3.426,7.066,0.0,,,False
11678,389.656,P01,TEAM_A,26.389,0.68,0.0,,,False
11678,389.656,P06,TEAM_B,13.383,1.263,0.0,,,False
11689,390.023,P03,TEAM_A,26.165,0.0,0.0,,,True
11690,390.056,P01,TEAM_A,26.406,0.682,0.0,,,True
11690,390.056,P06,TEAM_B,12.861,1.281,3.178,,,False
11701,390.423,P03,TEAM_A,25.419,0.0,0.0,,,True
11702,390.457,P01,TEAM_A,26.56,0.794,0.0,,,True
11702,390.457,P06,TEAM_B,12.162,1.288,3.223,,,False
11713,390.824,P03,TEAM_A,24.792,0.03,0.0,,,False
11714,390.857,P01,TEAM_A,26.783,0.914,0.0,,,True
11714,390.857,P06,TEAM_B,11.467,1.444,0.0,,,False
11725,391.224,P03,TEAM_A,24.013,0.371,0.0,,,False
11726,391.258,P01,TEAM_A,27.011,1.089,0.0,,,False
11726,391.258,P06,TEAM_B,10.612,1.36,0.0,,,False
11737,391.625,P03,TEAM_A,23.449,0.524,0.0,,,False
11738,391.658,P01,TEAM_A,26.486,1.09,3.862,,,False
11738,391.658,P06,TEAM_B,9.913,1.479,0.0,,,False
11749,392.025,P03,TEAM_A,22.939,1.012,0.0,,,False
11750,392.058,P01,TEAM_A,26.803,1.188,0.0,,,False
11750,392.058,P06,TEAM_B,9.19,1.427,0.0,,,False
11761,392.425,P03,TEAM_A,22.632,1.438,0.0,,,False
11762,392.459,P01,TEAM_A,27.205,1.437,0.0,,,False
11762,392.459,P06,TEAM_B,8.511,1.509,3.273,,,False
11773,392.826,P03,TEAM_A,22.265,1.927,0.0,,,False
11774,392.859,P01,TEAM_A,27.409,1.701,0.0,,,False
11774,392.859,P06,TEAM_B,8.063,1.712,0.0,,,False
11785,393.226,P03,TEAM_A,21.874,2.435,0.0,,,False
11786,393.26,P01,TEAM_A,27.914,1.923,0.0,,,False
11786,393.26,P06,TEAM_B,7.56,1.713,0.0,,,False
11797,393.627,P03,TEAM_A,21.613,2.714,0.0,,,False
11798,393.66,P01,TEAM_A,28.346,2.39,2.645,,,False
11798,393.66,P06,TEAM_B,7.037,2.072,0.0,,,False
11809,394.027,P03,TEAM_A,21.257,3.223,0.0,,,False
11810,394.06,P01,TEAM_A,28.724,2.798,2.781,,,False
11810,394.06,P06,TEAM_B,6.331,2.161,0.0,,,False
11821,394.427,P03,TEAM_A,20.918,3.652,0.0,,,False
11822,394.461,P01,TEAM_A,29.071,3.039,0.0,,,False
11822,394.461,P06,TEAM_B,5.898,2.34,0.0,,,False
11833,394.828,P03,TEAM_A,20.662,3.807,0.0,,,False
11834,394.861,P06,TEAM_B,5.325,2.59,2.713,,,False
11845,395.228,P03,TEAM_A,20.307,4.258,0.0,,,False
11846,395.262,P06,TEAM_B,5.018,2.801,0.0,,,False
11857,395.629,P03,TEAM_A,19.977,4.584,0.0,,,False
11858,395.662,P06,TEAM_B,4.634,3.108,0.0,,,False
11861,395.762,P01,TEAM_A,29.522,4.912,0.0,,,False
11869,396.029,P03,TEAM_A,19.746,4.726,0.0,,,False
11870,396.062,P06,TEAM_B,4.393,3.291,0.0,,,False
11873,396.162,P01,TEAM_A,29.394,5.363,2.588,,,False
11881,396.429,P03,TEAM_A,19.492,4.988,0.0,,,False
11882,396.463,P06,TEAM_B,3.846,3.755,0.0,,,False
11885,396.563,P01,TEAM_A,29.09,5.763,2.906,,,False
11893,396.83,P03,TEAM_A,19.337,5.019,0.0,,,False
11894,396.863,P06,TEAM_B,3.428,4.093,0.0,,,False
11898,396.997,P01,TEAM_A,29.884,6.738,0.0,,,False
11905,397.23,P03,TEAM_A,19.263,5.019,0.0,,,False
11906,397.264,P06,TEAM_B,3.198,4.396,0.0,,,False
11910,397.397,P01,TEAM_A,29.575,7.059,0.0,,,False
11917,397.631,P03,TEAM_A,19.211,5.027,0.0,,,False
11918,397.664,P06,TEAM_B,2.887,4.776,0.0,,,False
11922,397.797,P01,TEAM_A,29.47,7.825,0.0,,,False
11929,398.031,P03,TEAM_A,19.15,5.183,0.0,,,False
11930,398.064,P06,TEAM_B,2.894,4.969,0.0,,,False
11934,398.198,P01,TEAM_A,29.39,8.604,0.0,,,False
11941,398.431,P03,TEAM_A,19.156,5.163,0.0,,,False
11942,398.465,P06,TEAM_B,2.596,5.333,0.0,,,False
11946,398.598,P01,TEAM_A,29.319,9.546,4.925,,,False
11953,398.832,P03,TEAM_A,19.177,5.147,0.0,,,False
11954,398.865,P06,TEAM_B,2.181,5.662,0.0,,,False
11958,398.999,P01,TEAM_A,29.247,10.132,3.639,,,False
11965,399.232,P03,TEAM_A,19.174,5.157,0.0,,,False
11966,399.266,P06,TEAM_B,1.914,6.112,0.0,,,False
11970,399.399,P01,TEAM_A,29.084,10.827,0.0,,,False
11977,399.633,P03,TEAM_A,19.177,5.147,0.0,,,False
11982,399.799,P01,TEAM_A,29.083,11.481,0.0,,,False
11989,400.033,P03,TEAM_A,19.182,5.159,0.0,,,False
11994,400.2,P01,TEAM_A,29.146,12.388,0.0,,,False
12001,400.433,P03,TEAM_A,19.172,5.167,0.0,,,False
12006,400.6,P01,TEAM_A,29.105,12.979,3.033,,,False
12013,400.834,P03,TEAM_A,19.161,5.175,0.0,,,False
12019,401.034,P01,TEAM_A,29.217,13.765,3.758,,,False
12025,401.234,P03,TEAM_A,19.161,5.175,0.0,,,False
12031,401.434,P01,TEAM_A,29.066,13.99,0.0,,,False
12037,401.635,P03,TEAM_A,19.166,5.187,0.0,,,False
12043,401.835,P01,TEAM_A,29.147,14.805,0.0,,,False
12049,402.035,P03,TEAM_A,19.165,5.014,0.0,,,False
12055,402.235,P01,TEAM_A,29.168,15.35,0.0,29.168,15.35,False
12062,402.469,P03,TEAM_A,19.073,4.934,0.0,,,False
12067,402.636,P01,TEAM_A,29.13,15.675,3.151,,,False
12074,402.869,P03,TEAM_A,18.981,4.908,0.0,,,False
12079,403.036,P01,TEAM_A,29.21,16.163,0.0,,,False
12086,403.27,P03,TEAM_A,18.937,4.916,0.0,,,False
12091,403.436,P01,TEAM_A,29.426,16.508,0.0,,,False
12098,403.67,P03,TEAM_A,18.763,5.088,0.0,,,False
12103,403.837,P01,TEAM_A,29.577,17.06,0.0,,,False
12110,404.07,P03,TEAM_A,18.648,5.311,0.0,,,False
12115,404.237,P01,TEAM_A,29.738,17.358,0.0,,,False
12122,404.471,P03,TEAM_A,18.462,5.418,0.0,,,False
12127,404.638,P01,TEAM_A,29.908,17.487,0.0,,,False
12134,404.871,P03,TEAM_A,18.222,5.753,0.0,,,False
12139,405.038,P01,TEAM_A,30.126,17.928,0.0,,,False
12146,405.272,P03,TEAM_A,18.134,6.101,0.0,,,False
12151,405.438,P01,TEAM_A,30.326,18.014,0.0,30.326,18.014,False
12158,405.672,P03,TEAM_A,18.037,6.338,0.0,,,False
12163,405.839,P01,TEAM_A,30.363,18.03,0.0,30.363,18.03,False
12170,406.072,P03,TEAM_A,17.946,6.437,0.0,,,False
12175,406.239,P01,TEAM_A,30.391,18.1,0.0,30.391,18.1,False
12182,406.473,P03,TEAM_A,17.768,6.676,0.0,,,False
12187,406.64,P01,TEAM_A,30.313,18.271,0.0,30.313,18.271,False
12194,406.873,P03,TEAM_A,17.719,6.825,0.0,,,False
12199,407.04,P01,TEAM_A,30.227,18.262,0.0,,,False
12206,407.274,P03,TEAM_A,17.716,6.987,0.0,,,False
12211,407.44,P01,TEAM_A,30.254,18.332,0.0,,,False
12218,407.674,P03,TEAM_A,17.626,7.169,0.0,,,False
12223,407.841,P01,TEAM_A,30.465,18.366,0.0,,,False
12230,408.074,P03,TEAM_A,17.496,7.129,0.0,,,False
12236,408.275,P01,TEAM_A,30.702,18.44,0.0,,,False
12242,408.475,P03,TEAM_A,17.28,7.366,0.0,,,False
12248,408.675,P01,TEAM_A,30.946,18.663,2.976,30.946,18.663,False
12254,408.875,P03,TEAM_A,17.155,7.486,0.0,,,False
12260,409.075,P01,TEAM_A,31.093,18.699,0.0,,,False
12267,409.309,P03,TEAM_A,17.147,7.539,0.0,,,False
12272,409.476,P01,TEAM_A,31.208,18.75,0.0,31.208,18.75,False
12279,409.709,P03,TEAM_A,17.048,7.705,0.0,,,False
12284,409.876,P01,TEAM_A,31.164,18.702,0.0,31.164,18.702,False
12291,410.11,P03,TEAM_A,16.932,7.76,0.0,,,False
12296,410.277,P01,TEAM_A,31.037,19.141,0.0,,,False
12303,410.51,P03,TEAM_A,16.679,7.886,0.0,,,False
12308,410.677,P01,TEAM_A,30.908,19.113,0.0,30.908,19.113,False
12315,410.911,P03,TEAM_A,16.581,7.946,0.0,,,False
12320,411.077,P01,TEAM_A,30.845,19.29,0.0,,,False
12327,411.311,P03,TEAM_A,16.637,8.035,0.0,,,False
12332,411.478,P01,TEAM_A,30.831,19.313,0.0,,,False
12340,411.745,P03,TEAM_A,16.623,8.232,0.0,,,False
12344,411.878,P01,TEAM_A,30.548,19.306,0.0,30.548,19.306,False
12352,412.145,P03,TEAM_A,16.616,8.191,0.0,,,False
12356,412.279,P01,TEAM_A,30.402,19.388,0.0,,,False
12364,412.545,P03,TEAM_A,16.605,8.189,0.0,,,False
12368,412.679,P01,TEAM_A,30.228,19.254,0.0,,,False
12376,412.946,P03,TEAM_A,16.592,8.227,0.0,,,False
12380,413.079,P01,TEAM_A,30.074,19.129,0.0,,,False
12388,413.346,P03,TEAM_A,16.637,8.194,0.0,,,False
12392,413.48,P01,TEAM_A,29.776,19.205,0.0,,,False
12400,413.747,P03,TEAM_A,16.668,8.361,0.0,,,False
12404,413.88,P01,TEAM_A,29.543,19.105,0.0,,,False
12412,414.147,P03,TEAM_A,16.8,8.301,0.0,,,False
12416,414.281,P01,TEAM_A,29.245,18.863,0.0,,,False
12424,414.547,P03,TEAM_A,16.88,8.294,0.0,,,False
12428,414.681,P01,TEAM_A,28.89,18.803,0.0,,,False
12436,414.948,P03,TEAM_A,16.941,8.244,0.0,,,False
12440,415.081,P01,TEAM_A,28.447,18.652,0.0,,,False
12448,415.348,P03,TEAM_A,16.958,8.227,0.0,,,False
12452,415.482,P01,TEAM_A,27.992,18.472,0.0,,,False
12460,415.749,P03,TEAM_A,16.952,8.246,0.0,,,False
12464,415.882,P01,TEAM_A,27.405,18.159,2.583,,,False
12472,416.149,P03,TEAM_A,16.948,8.225,0.0,,,False
12476,416.283,P01,TEAM_A,27.095,18.422,0.0,,,False
12484,416.549,P03,TEAM_A,16.954,8.207,0.0,,,False
12488,416.683,P01,TEAM_A,26.547,18.223,0.0,26.547,18.223,False
12496,416.95,P03,TEAM_A,16.948,8.225,0.0,,,False
12501,417.117,P01,TEAM_A,25.875,18.136,0.0,,,False
12508,417.35,P03,TEAM_A,16.948,8.225,0.0,,,False
12513,417.517,P01,TEAM_A,25.408,18.482,0.0,,,False
12520,417.751,P03,TEAM_A,16.95,8.186,0.0,,,False
12525,417.918,P01,TEAM_A,24.913,18.623,0.0,,,False
12532,418.151,P03,TEAM_A,16.943,8.205,0.0,,,False
12537,418.318,P01,TEAM_A,24.338,18.271,0.0,,,False
12545,418.585,P03,TEAM_A,16.903,8.258,0.0,,,False
12549,418.718,P01,TEAM_A,23.738,18.281,0.0,,,False
12557,418.985,P03,TEAM_A,16.734,8.331,0.0,,,False
12561,419.119,P01,TEAM_A,23.194,18.38,0.0,,,False
12569,419.386,P03,TEAM_A,16.236,8.686,0.0,,,False
12573,419.519,P01,TEAM_A,22.646,18.461,0.0,,,False
12581,419.786,P03,TEAM_A,15.739,9.088,0.0,,,False
12585,419.92,P01,TEAM_A,21.951,18.309,0.0,,,False
12593,420.186,P03,TEAM_A,15.088,9.255,0.0,,,False
12597,420.32,P01,TEAM_A,21.32,18.123,0.0,,,False
12605,420.587,P03,TEAM_A,14.556,9.355,0.0,,,False
12609,420.72,P01,TEAM_A,20.606,18.057,0.0,,,False
12617,420.987,P03,TEAM_A,14.1,9.451,0.0,,,False
12621,421.121,P01,TEAM_A,19.858,17.998,2.422,,,False
12629,421.388,P03,TEAM_A,14.126,9.48,0.0,,,False
12633,421.521,P01,TEAM_A,18.911,18.116,3.296,,,False
12641,421.788,P03,TEAM_A,13.596,9.472,0.0,,,False
12645,421.921,P01,TEAM_A,17.968,17.643,3.508,,,False
12653,422.188,P03,TEAM_A,13.353,9.412,0.0,,,False
12657,422.322,P01,TEAM_A,16.705,17.771,0.0,,,False
12665,422.589,P03,TEAM_A,13.179,9.44,0.0,,,False
12669,422.722,P01,TEAM_A,15.488,17.824,2.493,,,False
12677,422.989,P03,TEAM_A,13.199,9.392,0.0,,,False
12681,423.123,P01,TEAM_A,14.328,17.823,0.0,,,False
12689,423.39,P03,TEAM_A,13.199,9.392,0.0,,,False
12693,423.523,P01,TEAM_A,13.431,17.69,0.0,,,False
12701,423.79,P03,TEAM_A,13.197,9.493,0.0,,,False
12705,423.923,P01,TEAM_A,12.666,17.628,0.0,,,False
12713,424.19,P03,TEAM_A,13.114,9.686,0.0,,,False
12717,424.324,P01,TEAM_A,12.289,17.522,0.0,,,False
12725,424.591,P03,TEAM_A,13.041,9.729,0.0,,,False
12729,424.724,P01,TEAM_A,12.125,17.5,0.0,,,False
12737,424.991,P03,TEAM_A,12.978,9.619,0.0,,,False
12741,425.125,P01,TEAM_A,12.157,17.498,0.0,,,False
12749,425.392,P03,TEAM_A,12.631,9.378,0.0,,,False
12753,425.525,P01,TEAM_A,12.498,17.387,0.0,,,False
12761,425.792,P03,TEAM_A,12.382,9.258,0.0,,,False
12765,425.925,P01,TEAM_A,12.943,17.306,0.0,,,False
12773,426.192,P03,TEAM_A,12.336,9.23,0.0,,,False
12777,426.326,P01,TEAM_A,13.448,16.92,0.0,,,False
12785,426.593,P03,TEAM_A,12.605,9.276,0.0,,,False
12789,426.726,P01,TEAM_A,13.713,16.945,0.0,,,False
12797,426.993,P03,TEAM_A,12.729,8.968,0.0,,,False
12801,427.127,P01,TEAM_A,14.02,16.847,0.0,,,False
12809,427.394,P03,TEAM_A,12.232,8.698,0.0,,,False
12813,427.527,P01,TEAM_A,14.034,16.755,0.0,,,False
12821,427.794,P03,TEAM_A,11.03,8.449,0.0,,,False
12825,427.928,P01,TEAM_A,13.715,16.7,0.0,,,False
12833,428.194,P03,TEAM_A,10.203,8.169,0.0,,,False
12837,428.328,P01,TEAM_A,13.213,16.558,3.437,,,False
12845,428.595,P03,TEAM_A,10.4,7.607,3.157,,,False
12849,428.728,P01,TEAM_A,11.927,16.698,0.0,,,False
12857,428.995,P03,TEAM_A,11.645,6.926,5.376,,,False
12861,429.129,P01,TEAM_A,11.225,16.516,0.0,11.225,16.516,False
12869,429.396,P03,TEAM_A,13.367,6.059,3.56,,,False
12873,429.529,P01,TEAM_A,11.626,16.273,0.0,,,False
12881,429.796,P03,TEAM_A,15.307,5.088,2.771,,,False
12885,429.93,P01,TEAM_A,11.507,16.153,0.0,,,False
12893,430.196,P03,TEAM_A,15.782,3.972,5.261,,,False
12897,430.33,P01,TEAM_A,12.15,15.939,0.0,,,False
12905,430.597,P03,TEAM_A,15.763,3.372,3.381,,,False
12909,430.73,P01,TEAM_A,13.097,15.764,0.0,,,False
12917,430.997,P03,TEAM_A,15.862,2.835,0.0,,,False
12921,431.131,P01,TEAM_A,13.786,15.605,0.0,,,False
12929,431.398,P03,TEAM_A,15.36,2.674,0.0,,,False
12933,431.531,P01,TEAM_A,14.1,16.602,0.0,,,False
12941,431.798,P03,TEAM_A,14.397,2.659,0.0,,,False
12945,431.932,P01,TEAM_A,14.547,17.483,3.33,,,False
12953,432.198,P03,TEAM_A,12.847,2.801,7.205,,,False
12958,432.365,P01,TEAM_A,15.592,17.888,3.186,,,False
12965,432.599,P03,TEAM_A,11.611,2.808,8.419,,,False
12970,432.766,P01,TEAM_A,17.215,18.048,6.971,,,False
12977,432.999,P03,TEAM_A,9.285,2.791,3.808,,,False
12982,433.166,P01,TEAM_A,19.627,18.088,8.341,,,False
12989,433.4,P03,TEAM_A,8.179,2.576,5.262,,,False
12994,433.566,P01,TEAM_A,22.14,17.616,5.939,,,False
13001,433.8,P03,TEAM_A,6.904,2.89,3.888,,,True
13006,433.967,P01,TEAM_A,24.107,16.668,5.436,,,False
13018,434.367,P01,TEAM_A,25.459,15.723,5.149,,,False
13030,434.768,P01,TEAM_A,26.556,14.764,4.475,,,False
13042,435.168,P01,TEAM_A,26.957,13.709,0.0,,,False
13054,435.568,P01,TEAM_A,26.661,12.984,2.539,,,False
13066,435.969,P01,TEAM_A,25.664,13.015,5.079,,,True
13078,436.369,P01,TEAM_A,24.386,13.66,7.038,,,False
13090,436.77,P01,TEAM_A,22.521,14.5,6.254,,,False
13102,437.17,P01,TEAM_A,20.964,15.036,4.097,,,False
13114,437.57,P01,TEAM_A,20.433,15.623,0.0,,,False
13126,437.971,P01,TEAM_A,20.52,15.938,0.0,,,False
13130,438.104,P03,TEAM_A,12.962,18.918,3.615,,,False
13138,438.371,P01,TEAM_A,20.515,15.847,0.0,,,False
13142,438.505,P03,TEAM_A,15.93,18.7,0.0,,,False
13150,438.772,P01,TEAM_A,20.589,15.441,0.0,,,False
13154,438.905,P03,TEAM_A,18.016,18.952,2.505,,,False
13162,439.172,P01,TEAM_A,21.108,14.653,3.585,,,False
13166,439.306,P03,TEAM_A,18.953,18.276,5.072,,,False
13174,439.572,P01,TEAM_A,20.871,13.996,2.842,,,False
13178,439.706,P03,TEAM_A,19.664,18.871,3.397,,,False
13186,439.973,P01,TEAM_A,20.233,14.053,0.0,,,False
13190,440.106,P03,TEAM_A,20.68,18.813,2.546,20.68,18.813,False
13198,440.373,P01,TEAM_A,19.788,14.45,0.0,,,False
13202,440.507,P03,TEAM_A,21.449,18.609,2.659,21.449,18.609,False
13210,440.774,P01,TEAM_A,19.386,14.835,0.0,,,False
13214,440.907,P03,TEAM_A,22.388,18.586,3.61,22.388,18.586,False
13222,441.174,P01,TEAM_A,19.559,15.394,0.0,,,False
13226,441.308,P03,TEAM_A,23.404,18.616,3.892,,,False
13234,441.574,P01,TEAM_A,20.011,15.913,0.0,,,False
13238,441.708,P03,TEAM_A,24.307,18.292,4.261,,,True
13246,441.975,P01,TEAM_A,21.166,16.297,3.288,,,False
13250,442.108,P03,TEAM_A,25.466,18.353,2.647,,,False
13258,442.375,P01,TEAM_A,22.315,16.691,4.618,,,False
13262,442.509,P03,TEAM_A,26.733,18.202,3.046,26.733,18.202,False
13270,442.776,P01,TEAM_A,23.478,16.663,2.617,,,False
13274,442.909,P03,TEAM_A,28.091,18.656,2.865,,,False
13282,443.176,P01,TEAM_A,24.709,16.735,4.298,,,False
13286,443.31,P03,TEAM_A,28.673,18.336,0.0,,,False
13294,443.576,P01,TEAM_A,24.747,17.066,0.0,,,False
13298,443.71,P03,TEAM_A,28.871,18.359,0.0,,,False
13306,443.977,P01,TEAM_A,24.597,16.99,0.0,,,False
13310,444.11,P03,TEAM_A,28.699,18.143,0.0,,,False
13318,444.377,P01,TEAM_A,24.539,17.06,0.0,24.539,17.06,False
13322,444.511,P03,TEAM_A,28.611,18.224,0.0,,,False
13330,444.778,P01,TEAM_A,24.449,17.004,0.0,24.449,17.004,False
13334,444.911,P03,TEAM_A,28.755,18.34,0.0,,,False
13342,445.178,P01,TEAM_A,24.289,17.278,0.0,,,False
13346,445.312,P03,TEAM_A,29.53,18.605,5.584,29.53,18.605,False
13354,445.578,P01,TEAM_A,23.959,17.655,0.0,,,False
13358,445.712,P03,TEAM_A,30.729,18.277,0.0,,,False
13366,445.979,P01,TEAM_A,23.807,17.761,0.0,,,False
13370,446.112,P03,TEAM_A,31.93,17.269,4.745,,,False
13378,446.379,P01,TEAM_A,23.575,17.997,0.0,,,False
13382,446.513,P03,TEAM_A,32.388,15.969,0.0,,,False
13390,446.78,P01,TEAM_A,23.348,17.907,0.0,23.348,17.907,False
13394,446.913,P03,TEAM_A,33.336,15.058,6.481,,,False
13402,447.18,P01,TEAM_A,23.312,18.078,0.0,,,False
13406,447.314,P03,TEAM_A,33.683,13.641,6.616,,,False
13414,447.58,P01,TEAM_A,23.556,18.172,0.0,,,False
13418,447.714,P03,TEAM_A,34.295,13.177,2.498,,,False
13426,447.981,P01,TEAM_A,23.936,18.456,0.0,,,False
13431,448.148,P03,TEAM_A,34.452,12.077,0.0,,,False
13438,448.381,P01,TEAM_A,24.042,18.606,0.0,,,False
13443,448.548,P03,TEAM_A,34.907,11.613,0.0,,,False
13450,448.782,P01,TEAM_A,24.259,18.668,0.0,24.259,18.668,False
13455,448.949,P03,TEAM_A,35.145,11.03,2.421,,,False
13462,449.182,P01,TEAM_A,24.587,19.185,2.938,,,False
13467,449.349,P03,TEAM_A,35.655,10.682,0.0,,,False
13474,449.582,P01,TEAM_A,24.904,19.401,0.0,,,False
13479,449.749,P03,TEAM_A,35.977,10.547,0.0,,,False
13486,449.983,P01,TEAM_A,25.427,19.233,2.645,,,False
13491,450.15,P03,TEAM_A,36.106,10.337,0.0,,,False
13498,450.383,P01,TEAM_A,26.105,19.488,0.0,,,False
13503,450.55,P03,TEAM_A,36.026,10.021,0.0,,,False
13515,450.951,P03,TEAM_A,35.395,9.737,0.0,,,False
13527,451.351,P03,TEAM_A,34.91,9.222,3.207,,,False
13539,451.751,P03,TEAM_A,33.873,8.216,5.444,,,False
13551,452.152,P03,TEAM_A,32.785,7.078,6.113,,,False
13563,452.552,P03,TEAM_A,31.479,6.057,3.668,,,False
13575,452.952,P03,TEAM_A,30.263,4.988,5.828,,,False
13587,453.353,P03,TEAM_A,28.795,4.007,0.0,,,False
13599,453.753,P03,TEAM_A,27.758,3.217,4.835,,,False
13611,454.154,P03,TEAM_A,26.161,2.582,3.591,,,False
13623,454.554,P03,TEAM_A,24.4,2.175,4.161,,,False
13632,454.854,P07,TEAM_B,27.799,5.955,2.765,,,False
13635,454.954,P03,TEAM_A,22.894,1.98,3.505,,,True
13644,455.255,P07,TEAM_B,27.159,6.854,2.924,,,False
13647,455.355,P03,TEAM_A,21.536,2.097,3.46,,,False
13656,455.655,P07,TEAM_B,26.62,8.326,5.144,,,False
13659,455.755,P03,TEAM_A,20.171,2.269,3.63,,,False
13669,456.089,P07,TEAM_B,25.556,9.156,5.144,,,False
13671,456.156,P03,TEAM_A,18.668,2.11,4.817,,,False
13681,456.489,P07,TEAM_B,24.272,9.704,3.483,,,False
13683,456.556,P03,TEAM_A,17.607,2.142,5.013,,,False
13693,456.89,P07,TEAM_B,22.868,10.198,4.621,,,False
13695,456.957,P03,TEAM_A,15.852,2.135,3.665,,,False
13705,457.29,P07,TEAM_B,21.209,10.72,4.457,,,False
13707,457.357,P03,TEAM_A,14.069,2.422,3.79,,,False
13717,457.691,P07,TEAM_B,19.403,10.742,5.287,,,False
13719,457.757,P03,TEAM_A,12.161,2.721,3.116,,,False
13729,458.091,P07,TEAM_B,17.288,11.762,7.543,,,False
13731,458.158,P03,TEAM_A,10.191,3.123,7.301,,,False
13741,458.491,P07,TEAM_B,15.068,12.622,4.981,,,False
13743,458.558,P03,TEAM_A,8.74,4.452,3.656,,,False
13753,458.892,P07,TEAM_B,13.472,13.835,8.128,,,True
13755,458.959,P03,TEAM_A,7.163,7.144,0.0,,,True
13765,459.292,P07,TEAM_B,13.02,14.88,0.0,,,False
13781,459.826,P07,TEAM_B,13.037,15.765,0.0,,,False
13793,460.226,P07,TEAM_B,12.901,16.043,0.0,,,False
13805,460.627,P07,TEAM_B,13.108,15.093,5.604,,,False
13817,461.027,P07,TEAM_B,13.583,14.195,0.0,,,False
13829,461.428,P07,TEAM_B,14.357,12.945,0.0,,,False
13841,461.828,P07,TEAM_B,14.607,11.985,4.678,,,False
13853,462.228,P07,TEAM_B,14.666,11.582,0.0,,,False
13865,462.629,P07,TEAM_B,14.754,11.483,0.0,,,False
13877,463.029,P07,TEAM_B,14.781,12.081,0.0,,,False
13889,463.43,P07,TEAM_B,14.779,12.828,4.036,,,False
13901,463.83,P07,TEAM_B,14.962,13.371,0.0,,,False
13913,464.23,P07,TEAM_B,15.217,13.664,0.0,,,False
13925,464.631,P07,TEAM_B,15.487,13.9,0.0,,,False
13937,465.031,P07,TEAM_B,15.625,14.018,0.0,,,False
13949,465.432,P07,TEAM_B,15.733,14.05,0.0,,,False
13961,465.832,P07,TEAM_B,15.687,14.105,0.0,,,False
13975,466.299,P07,TEAM_B,15.309,14.469,0.0,,,False
13993,466.9,P07,TEAM_B,15.089,14.696,0.0,,,False
14009,467.434,P07,TEAM_B,14.537,14.569,0.0,,,False
14021,467.834,P07,TEAM_B,14.048,14.472,0.0,,,False
14033,468.234,P07,TEAM_B,13.511,13.985,0.0,,,False
14045,468.635,P07,TEAM_B,13.016,13.581,0.0,,,False
14057,469.035,P07,TEAM_B,12.724,12.881,0.0,,,False
14069,469.436,P07,TEAM_B,13.096,12.226,0.0,,,False
14081,469.836,P07,TEAM_B,13.122,11.766,0.0,,,False
14093,470.236,P07,TEAM_B,12.634,11.612,0.0,,,False
14105,470.637,P07,TEAM_B,12.546,11.491,0.0,,,False
14117,471.037,P07,TEAM_B,12.043,11.55,0.0,,,False
14129,471.438,P07,TEAM_B,11.92,11.604,0.0,,,False
14142,471.871,P07,TEAM_B,11.851,11.808,0.0,,,False
14154,472.272,P07,TEAM_B,11.618,12.341,0.0,,,False
14166,472.672,P07,TEAM_B,11.569,12.461,0.0,,,False
14178,473.073,P07,TEAM_B,11.363,12.494,0.0,,,False
14190,473.473,P07,TEAM_B,11.174,12.774,0.0,,,False
14202,473.873,P07,TEAM_B,11.051,12.963,0.0,,,False
14214,474.274,P07,TEAM_B,10.783,12.979,0.0,,,False
14226,474.674,P07,TEAM_B,10.639,13.175,0.0,,,False
14238,475.075,P07,TEAM_B,10.58,13.242,0.0,,,False
14250,475.475,P07,TEAM_B,10.437,13.01,0.0,,,False
14262,475.875,P07,TEAM_B,10.387,13.015,0.0,,,False
14274,476.276,P07,TEAM_B,10.223,13.095,0.0,,,False
14286,476.676,P07,TEAM_B,10.116,13.078,0.0,,,False
14298,477.077,P07,TEAM_B,10.004,13.032,0.0,,,False
14310,477.477,P07,TEAM_B,9.588,13.069,0.0,,,False
14322,477.877,P07,TEAM_B,9.566,13.042,0.0,,,False
14334,478.278,P07,TEAM_B,9.513,13.205,0.0,,,False
14346,478.678,P07,TEAM_B,9.574,13.102,0.0,,,False
14358,479.079,P07,TEAM_B,9.541,13.138,0.0,,,False
14370,479.479,P07,TEAM_B,9.535,13.232,0.0,,,False
14382,479.879,P07,TEAM_B,9.67,13.269,0.0,,,False
14394,480.28,P07,TEAM_B,9.645,13.365,0.0,,,True
14407,480.714,P07,TEAM_B,9.3,13.034,0.0,,,False
14463,482.582,P03,TEAM_A,2.655,7.816,3.506,,,True
14475,482.983,P03,TEAM_A,2.317,7.783,0.0,,,False
14476,483.016,P07,TEAM_B,2.507,9.898,0.0,,,False
14487,483.383,P03,TEAM_A,2.551,7.723,0.0,2.551,7.723,False
14488,483.416,P07,TEAM_B,2.698,9.285,3.255,,,False
14500,483.817,P07,TEAM_B,2.672,9.611,3.714,,,False
14512,484.217,P07,TEAM_B,3.586,10.324,4.859,,,False
14518,484.417,P03,TEAM_A,2.778,7.936,2.181,,,False
14524,484.617,P07,TEAM_B,4.758,9.266,0.0,,,False
14532,484.884,P03,TEAM_A,4.39,7.447,3.299,,,False
14536,485.018,P07,TEAM_B,6.028,7.91,0.0,,,False
14544,485.285,P03,TEAM_A,6.658,7.079,0.0,,,True
14548,485.418,P07,TEAM_B,8.147,6.056,6.12,,,True
14558,485.752,P03,TEAM_A,9.589,6.572,0.0,9.589,6.572,False
14560,485.819,P07,TEAM_B,11.007,3.972,0.0,,,False
14570,486.152,P03,TEAM_A,13.465,5.37,0.0,,,False
14572,486.219,P07,TEAM_B,13.822,2.693,3.778,,,False
14582,486.553,P03,TEAM_A,16.219,4.771,0.0,,,False
14584,486.619,P07,TEAM_B,17.462,1.522,7.642,,,False
14594,486.953,P03,TEAM_A,19.181,3.716,0.0,,,False
14596,487.02,P07,TEAM_B,19.592,1.545,6.154,,,False
14606,487.354,P03,TEAM_A,21.762,3.07,6.358,,,False
14608,487.42,P07,TEAM_B,22.054,1.047,6.807,,,False
14618,487.754,P03,TEAM_A,24.358,2.304,6.369,,,False
14620,487.821,P07,TEAM_B,24.53,0.673,6.309,,,False
14630,488.154,P03,TEAM_A,27.404,2.525,0.0,,,False
14632,488.221,P07,TEAM_B,26.517,1.516,6.504,,,False
14642,488.555,P03,TEAM_A,28.528,2.636,3.402,,,False
14644,488.621,P07,TEAM_B,27.112,2.168,4.261,,,False
14654,488.955,P03,TEAM_A,30.956,3.121,5.081,,,False
14656,489.022,P07,TEAM_B,26.379,2.928,2.857,,,False
14666,489.356,P03,TEAM_A,32.348,3.344,3.357,,,False
14668,489.422,P07,TEAM_B,24.877,3.951,4.723,,,False
14678,489.756,P03,TEAM_A,33.509,3.888,3.145,,,False
14680,489.823,P07,TEAM_B,22.752,4.716,4.723,,,False
14690,490.156,P03,TEAM_A,33.782,4.753,0.0,,,False
14692,490.223,P07,TEAM_B,20.45,5.286,6.825,,,False
14702,490.557,P03,TEAM_A,33.841,5.721,0.0,,,False
14704,490.623,P07,TEAM_B,17.888,4.867,5.426,,,False
14714,490.957,P03,TEAM_A,33.061,6.55,4.085,,,False
14716,491.024,P07,TEAM_B,15.536,4.629,8.222,,,False
14726,491.358,P03,TEAM_A,32.173,7.092,3.904,,,False
14728,491.424,P07,TEAM_B,12.528,4.877,3.854,,,False
14738,491.758,P03,TEAM_A,30.862,7.262,4.495,,,False
14740,491.825,P07,TEAM_B,9.193,5.535,7.69,9.193,5.535,False
14750,492.158,P03,TEAM_A,29.533,7.258,4.208,,,False
14752,492.225,P07,TEAM_B,6.27,5.779,0.0,,,False
14762,492.559,P03,TEAM_A,29.077,7.716,3.02,,,False
14765,492.659,P07,TEAM_B,3.531,5.669,7.259,,,False
14774,492.959,P03,TEAM_A,27.848,7.997,2.668,,,False
14777,493.059,P07,TEAM_B,1.786,5.313,4.798,,,True
14786,493.36,P03,TEAM_A,26.884,8.277,0.0,,,False
14798,493.76,P03,TEAM_A,26.037,8.393,0.0,,,False
14810,494.16,P03,TEAM_A,25.267,8.463,0.0,,,False
14822,494.561,P03,TEAM_A,24.498,8.473,0.0,,,False
14834,494.961,P03,TEAM_A,23.802,8.512,0.0,,,False
14846,495.362,P03,TEAM_A,22.967,8.318,0.0,,,False
14858,495.762,P03,TEAM_A,22.151,8.238,0.0,,,False
14870,496.162,P03,TEAM_A,21.303,8.117,0.0,,,False
14882,496.563,P03,TEAM_A,20.438,7.928,0.0,,,False
14894,496.963,P03,TEAM_A,19.54,8.063,0.0,,,False
14906,497.364,P03,TEAM_A,18.665,8.125,0.0,,,False
14918,497.764,P03,TEAM_A,17.766,8.109,2.809,,,False
14930,498.164,P03,TEAM_A,17.016,8.022,2.437,,,False
14942,498.565,P03,TEAM_A,16.202,7.974,2.602,,,False
14954,498.965,P03,TEAM_A,15.471,7.93,0.0,,,False
14966,499.366,P03,TEAM_A,15.207,7.856,0.0,,,False
14978,499.766,P03,TEAM_A,14.403,7.617,0.0,,,False
14990,500.166,P03,TEAM_A,13.481,7.604,0.0,,,False
15002,500.567,P03,TEAM_A,13.059,7.626,0.0,,,False
15015,501.0,P03,TEAM_A,12.972,7.661,0.0,,,False
15027,501.401,P03,TEAM_A,13.357,7.776,0.0,,,True
15039,501.801,P03,TEAM_A,13.529,7.671,0.0,,,True
15059,502.469,P03,TEAM_A,13.376,7.736,0.0,,,False
15071,502.869,P03,TEAM_A,13.595,7.536,0.0,,,False
15086,503.37,P03,TEAM_A,13.62,7.539,0.0,,,True
15099,503.803,P03,TEAM_A,13.976,7.567,0.0,,,False
15111,504.204,P03,TEAM_A,14.658,7.44,0.0,,,False
15123,504.604,P03,TEAM_A,15.47,7.288,0.0,,,False
15137,505.071,P03,TEAM_A,15.597,6.808,0.0,,,False
15150,505.505,P03,TEAM_A,16.462,7.092,4.26,,,True
15163,505.939,P03,TEAM_A,17.173,7.014,2.783,,,True
15175,506.339,P03,TEAM_A,17.941,6.602,0.0,,,False
15187,506.74,P03,TEAM_A,18.432,6.65,5.741,,,False
15785,526.693,P03,TEAM_A,19.073,9.31,0.0,,,False
15797,527.093,P03,TEAM_A,18.529,9.23,0.0,,,False
15809,527.494,P03,TEAM_A,17.904,9.092,0.0,,,False
15821,527.894,P03,TEAM_A,17.111,8.894,0.0,,,False
15833,528.294,P03,TEAM_A,16.473,8.894,0.0,,,False
15845,528.695,P03,TEAM_A,15.946,8.658,0.0,,,False
15857,529.095,P03,TEAM_A,15.079,9.563,5.293,,,False
15869,529.496,P03,TEAM_A,14.388,10.671,6.724,,,False
15881,529.896,P03,TEAM_A,13.333,12.129,3.709,,,False
15893,530.296,P03,TEAM_A,12.948,12.922,3.535,,,False
15905,530.697,P03,TEAM_A,12.648,13.297,0.0,,,False
15917,531.097,P03,TEAM_A,11.559,12.733,0.0,,,False
15929,531.498,P03,TEAM_A,10.481,13.098,0.0,,,False
15941,531.898,P03,TEAM_A,9.733,13.043,0.0,,,False
15953,532.298,P03,TEAM_A,9.029,12.501,4.444,,,False
15965,532.699,P03,TEAM_A,8.576,12.571,0.0,,,False
15973,532.966,P11,TEAM_B,14.283,0.0,3.298,,,False
15977,533.099,P03,TEAM_A,8.831,12.381,0.0,,,False
15985,533.366,P11,TEAM_B,13.893,0.357,0.0,13.893,0.357,False
15989,533.5,P03,TEAM_A,9.282,11.22,5.263,,,False
15997,533.767,P11,TEAM_B,13.237,0.262,0.0,13.237,0.262,False
16002,533.933,P03,TEAM_A,9.387,10.213,0.0,,,False
16009,534.167,P11,TEAM_B,12.934,0.075,0.0,,,False
16014,534.334,P03,TEAM_A,9.731,9.069,0.0,,,False
16021,534.567,P11,TEAM_B,12.475,1.129,3.9,12.475,1.129,False
16026,534.734,P03,TEAM_A,9.649,8.431,0.0,,,False
16033,534.968,P11,TEAM_B,11.698,2.31,0.0,,,False
16038,535.135,P03,TEAM_A,10.035,7.592,4.312,10.035,7.592,False
16045,535.368,P11,TEAM_B,10.842,3.263,0.0,,,False
16050,535.535,P03,TEAM_A,8.685,7.591,0.0,,,False
16057,535.769,P11,TEAM_B,10.912,5.19,6.473,,,False
16062,535.935,P03,TEAM_A,7.002,7.595,3.243,,,False
16069,536.169,P11,TEAM_B,12.077,6.788,7.351,,,False
16074,536.336,P03,TEAM_A,6.296,6.996,2.691,6.296,6.996,False
16081,536.569,P11,TEAM_B,14.011,8.62,6.756,,,False
16086,536.736,P03,TEAM_A,5.99,6.378,0.0,,,False
16093,536.97,P11,TEAM_B,15.777,11.315,0.0,,,False
16098,537.137,P03,TEAM_A,6.212,6.195,0.0,6.212,6.195,False
16102,537.27,P02,TEAM_A,17.067,10.837,6.012,,,False
16105,537.37,P11,TEAM_B,18.509,12.097,6.117,,,False
16110,537.537,P03,TEAM_A,5.693,6.724,0.0,,,False
16114,537.67,P02,TEAM_A,19.779,10.86,7.463,,,False
16117,537.771,P11,TEAM_B,21.006,13.397,7.388,,,False
16122,537.937,P03,TEAM_A,5.093,7.528,0.0,,,False
16126,538.071,P02,TEAM_A,22.291,10.623,5.377,,,False
16129,538.171,P11,TEAM_B,21.712,14.697,0.0,,,False
16134,538.338,P03,TEAM_A,5.204,8.627,0.0,,,False
16138,538.471,P02,TEAM_A,23.399,11.759,0.0,,,False
16146,538.738,P03,TEAM_A,5.063,8.943,0.0,,,False
16150,538.872,P02,TEAM_A,23.427,13.287,4.063,,,False
16158,539.139,P03,TEAM_A,4.923,9.627,0.0,,,False
16162,539.272,P02,TEAM_A,22.679,14.911,3.786,,,False
16170,539.539,P03,TEAM_A,5.044,9.833,0.0,,,False
16174,539.672,P02,TEAM_A,22.761,15.652,5.654,,,False
16182,539.939,P03,TEAM_A,4.958,10.558,0.0,,,False
16186,540.073,P02,TEAM_A,23.698,16.403,3.081,,,False
16194,540.34,P03,TEAM_A,5.318,10.343,0.0,,,False
16198,540.473,P02,TEAM_A,24.744,16.028,2.698,,,False
16206,540.74,P03,TEAM_A,5.825,10.082,0.0,,,False
16210,540.874,P02,TEAM_A,25.913,15.651,3.972,,,False
16218,541.141,P03,TEAM_A,6.003,9.735,0.0,,,False
16222,541.274,P02,TEAM_A,26.742,15.546,3.156,,,False
16230,541.541,P03,TEAM_A,6.366,9.21,0.0,,,True
16234,541.674,P02,TEAM_A,27.418,14.87,0.0,,,False
16242,541.941,P03,TEAM_A,6.358,8.932,0.0,,,True
16246,542.075,P02,TEAM_A,27.959,13.771,6.597,,,False
16254,542.342,P03,TEAM_A,6.505,8.554,0.0,,,True
16258,542.475,P02,TEAM_A,28.184,12.739,3.695,,,False
16266,542.742,P03,TEAM_A,6.272,8.414,0.0,,,False
16270,542.876,P02,TEAM_A,28.022,11.182,4.782,,,False
16278,543.143,P03,TEAM_A,5.951,8.475,0.0,,,False
16282,543.276,P02,TEAM_A,27.81,10.029,0.0,,,False
16290,543.543,P03,TEAM_A,5.88,8.501,0.0,,,False
16294,543.676,P02,TEAM_A,27.398,8.486,2.581,,,False
16302,543.943,P03,TEAM_A,5.886,8.57,0.0,,,False
16306,544.077,P02,TEAM_A,26.928,6.697,4.284,,,False
16314,544.344,P03,TEAM_A,6.059,8.678,0.0,,,False
16318,544.477,P02,TEAM_A,26.325,4.829,4.69,,,False
16326,544.744,P03,TEAM_A,6.23,8.944,2.467,,,False
16330,544.878,P02,TEAM_A,25.733,3.767,2.533,,,False
16338,545.145,P03,TEAM_A,6.697,9.144,0.0,,,False
16342,545.278,P02,TEAM_A,25.365,2.877,3.462,,,False
16350,545.545,P03,TEAM_A,6.818,9.54,2.463,,,False
16354,545.678,P02,TEAM_A,25.291,2.189,0.0,,,False
16366,546.079,P02,TEAM_A,25.334,1.291,0.0,,,False
16378,546.479,P02,TEAM_A,26.564,1.294,0.0,,,False
16390,546.88,P02,TEAM_A,27.055,1.358,4.603,,,False
16402,547.28,P02,TEAM_A,27.863,1.248,0.0,,,False
16414,547.68,P02,TEAM_A,27.403,0.951,0.0,,,False
16426,548.081,P02,TEAM_A,26.56,0.928,3.768,,,False
16438,548.481,P02,TEAM_A,24.146,0.641,5.136,,,False
16450,548.882,P02,TEAM_A,21.608,1.456,7.551,,,False
16462,549.282,P02,TEAM_A,19.145,1.488,7.503,,,False
16474,549.682,P02,TEAM_A,16.784,1.351,7.39,,,False
16486,550.083,P02,TEAM_A,12.353,1.713,0.0,,,False
16498,550.483,P02,TEAM_A,9.405,2.362,0.0,9.405,2.362,False
16510,550.884,P02,TEAM_A,6.708,2.371,5.972,,,False
16522,551.284,P02,TEAM_A,5.264,2.13,0.0,,,False
16526,551.418,P03,TEAM_A,16.251,16.622,4.466,,,False
16534,551.684,P02,TEAM_A,3.773,2.296,2.842,,,False
16538,551.818,P03,TEAM_A,15.122,15.938,2.94,,,False
16546,552.085,P02,TEAM_A,2.566,3.374,0.0,,,False
16550,552.218,P03,TEAM_A,14.165,14.918,3.77,,,False
16558,552.485,P02,TEAM_A,1.822,4.452,0.0,,,False
16562,552.619,P03,TEAM_A,13.273,14.308,2.941,,,False
16570,552.886,P02,TEAM_A,1.161,4.852,0.0,,,False
16574,553.019,P03,TEAM_A,12.589,13.507,0.0,,,False
16582,553.286,P02,TEAM_A,1.24,4.402,0.0,,,False
16586,553.42,P03,TEAM_A,12.671,12.551,0.0,,,False
16594,553.686,P02,TEAM_A,0.988,5.105,2.608,,,False
16597,553.787,P01,TEAM_A,2.502,13.672,7.169,,,False
16598,553.82,P03,TEAM_A,12.096,12.288,0.0,,,False
16606,554.087,P02,TEAM_A,1.261,5.575,0.0,,,False
16609,554.187,P01,TEAM_A,2.355,12.755,2.611,,,False
16610,554.22,P03,TEAM_A,11.753,12.401,0.0,,,False
16621,554.587,P01,TEAM_A,1.88,11.541,5.896,,,False
16622,554.621,P03,TEAM_A,11.699,12.072,0.0,,,True
16623,554.654,P02,TEAM_A,2.292,6.791,6.556,,,True
16633,554.988,P01,TEAM_A,2.04,10.676,4.048,,,False
16634,555.021,P03,TEAM_A,12.161,12.231,0.0,,,True
16635,555.054,P02,TEAM_A,3.277,7.16,0.0,,,False
16646,555.422,P01,TEAM_A,2.511,10.069,0.0,,,False
16647,555.455,P02,TEAM_A,2.929,7.367,0.0,,,True
16647,555.455,P03,TEAM_A,12.12,12.022,0.0,,,False
16659,555.855,P01,TEAM_A,2.652,10.202,0.0,,,False
16659,555.855,P03,TEAM_A,12.246,12.057,0.0,,,False
16660,555.889,P02,TEAM_A,2.489,7.315,0.0,2.489,7.315,True
16671,556.256,P01,TEAM_A,2.498,10.298,0.0,,,False
16671,556.256,P03,TEAM_A,12.995,12.015,3.283,,,False
16676,556.423,P02,TEAM_A,2.27,5.321,0.0,,,False
16683,556.656,P01,TEAM_A,2.485,10.501,0.0,,,False
16683,556.656,P03,TEAM_A,13.861,11.723,3.748,,,False
16688,556.823,P02,TEAM_A,2.3,3.236,6.022,,,False
16695,557.057,P01,TEAM_A,2.52,10.505,0.0,,,False
16695,557.057,P03,TEAM_A,15.49,11.629,5.043,,,True
16700,557.223,P02,TEAM_A,2.637,1.734,2.598,,,True
16707,557.457,P01,TEAM_A,2.445,10.233,0.0,,,False
16707,557.457,P03,TEAM_A,17.221,11.112,6.28,,,False
16712,557.624,P02,TEAM_A,2.411,0.636,4.804,,,True
16719,557.857,P01,TEAM_A,2.542,9.931,0.0,,,False
16719,557.857,P03,TEAM_A,18.552,10.457,5.033,,,False
16731,558.258,P01,TEAM_A,2.87,9.859,0.0,,,False
16731,558.258,P03,TEAM_A,19.609,9.408,0.0,,,False
16743,558.658,P01,TEAM_A,3.12,10.084,0.0,,,False
16743,558.658,P03,TEAM_A,20.201,8.643,3.087,,,False
16755,559.058,P01,TEAM_A,3.573,10.494,0.0,,,False
16755,559.058,P03,TEAM_A,20.684,8.008,0.0,,,False
16767,559.459,P01,TEAM_A,3.894,11.003,0.0,,,False
16767,559.459,P03,TEAM_A,21.02,7.488,0.0,,,False
16779,559.859,P01,TEAM_A,4.057,11.477,2.437,,,False
16779,559.859,P03,TEAM_A,21.423,7.145,0.0,,,False
16791,560.26,P01,TEAM_A,4.088,12.234,0.0,,,False
16791,560.26,P03,TEAM_A,21.911,6.852,0.0,,,False
16803,560.66,P01,TEAM_A,4.598,12.757,2.978,,,False
16803,560.66,P03,TEAM_A,22.366,6.701,0.0,,,False
16815,561.061,P01,TEAM_A,5.469,12.776,0.0,,,False
16815,561.061,P03,TEAM_A,22.731,6.102,0.0,,,False
16827,561.461,P01,TEAM_A,6.222,13.027,0.0,,,False
16827,561.461,P03,TEAM_A,23.125,5.709,0.0,,,False
16827,561.461,P10,TEAM_B,15.321,5.104,0.0,,,False
16839,561.861,P01,TEAM_A,6.775,13.084,3.16,,,False
16839,561.861,P03,TEAM_A,23.265,5.353,0.0,,,False
16839,561.861,P10,TEAM_B,15.601,4.69,0.0,,,False
16851,562.262,P01,TEAM_A,7.556,13.054,4.679,,,False
16851,562.262,P10,TEAM_B,16.114,4.38,0.0,,,False
16863,562.662,P01,TEAM_A,8.035,13.349,4.591,,,False
16863,562.662,P10,TEAM_B,16.776,4.094,0.0,,,False
16875,563.062,P01,TEAM_A,8.728,13.292,0.0,,,False
16875,563.062,P10,TEAM_B,17.012,4.002,0.0,,,False
16887,563.463,P01,TEAM_A,9.29,13.524,0.0,,,False
16887,563.463,P10,TEAM_B,17.654,3.862,0.0,,,False
16899,563.863,P01,TEAM_A,10.03,13.552,0.0,,,False
16899,563.863,P10,TEAM_B,18.381,3.967,0.0,,,False
16911,564.264,P01,TEAM_A,10.541,14.052,2.636,,,False
16911,564.264,P10,TEAM_B,19.023,4.087,0.0,,,False
16923,564.664,P01,TEAM_A,11.126,14.133,3.67,,,False
16923,564.664,P10,TEAM_B,19.688,4.121,0.0,,,False
16935,565.065,P01,TEAM_A,11.349,14.559,0.0,,,False
16935,565.065,P10,TEAM_B,20.251,4.212,0.0,,,False
16947,565.465,P01,TEAM_A,11.876,14.669,0.0,,,False
16947,565.465,P10,TEAM_B,20.816,3.966,0.0,,,False
16959,565.865,P01,TEAM_A,11.759,15.171,8.351,,,False
16959,565.865,P10,TEAM_B,21.292,4.029,0.0,,,False
16971,566.266,P01,TEAM_A,12.213,15.409,0.0,,,False
16971,566.266,P10,TEAM_B,21.673,4.046,0.0,,,False
16983,566.666,P01,TEAM_A,12.389,15.777,0.0,,,False
16983,566.666,P10,TEAM_B,21.243,4.642,0.0,,,False
16995,567.067,P01,TEAM_A,11.943,16.478,3.219,,,False
16995,567.067,P10,TEAM_B,20.607,5.32,0.0,,,False
17007,567.467,P01,TEAM_A,11.293,16.89,2.894,,,False
17007,567.467,P10,TEAM_B,19.841,5.34,0.0,,,False
17019,567.867,P01,TEAM_A,11.232,16.831,0.0,,,False
17019,567.867,P10,TEAM_B,19.213,5.049,0.0,,,False
17031,568.268,P01,TEAM_A,10.664,17.223,2.906,,,False
17031,568.268,P10,TEAM_B,18.689,4.724,0.0,,,False
17043,568.668,P01,TEAM_A,10.343,17.666,0.0,,,False
17043,568.668,P10,TEAM_B,18.322,4.006,2.597,,,False
17055,569.068,P01,TEAM_A,10.102,17.692,0.0,,,False
17055,569.068,P10,TEAM_B,17.817,3.638,0.0,,,False
17067,569.469,P01,TEAM_A,9.001,17.448,4.222,,,False
17067,569.469,P10,TEAM_B,17.404,2.974,2.513,,,False
17079,569.869,P01,TEAM_A,8.555,17.348,0.0,,,False
17079,569.869,P10,TEAM_B,17.311,2.611,0.0,,,False
17091,570.27,P10,TEAM_B,16.497,2.541,4.265,,,False
17095,570.403,P03,TEAM_A,18.063,5.647,5.132,,,False
17103,570.67,P10,TEAM_B,15.605,3.033,0.0,,,False
17107,570.804,P03,TEAM_A,16.868,4.751,2.915,,,False
17115,571.071,P10,TEAM_B,14.469,3.893,3.839,,,False
17119,571.204,P03,TEAM_A,16.044,4.262,3.891,,,False
17127,571.471,P10,TEAM_B,14.166,4.133,0.0,,,False
17131,571.604,P03,TEAM_A,14.947,4.02,6.491,,,True
17139,571.871,P10,TEAM_B,13.813,3.811,0.0,,,True
17144,572.038,P03,TEAM_A,14.314,3.808,0.0,,,True
17151,572.272,P05,TEAM_B,1.869,9.662,0.0,,,False
17152,572.305,P10,TEAM_B,12.524,3.777,7.388,12.524,3.777,True
17158,572.505,P03,TEAM_A,13.442,3.671,6.796,,,False
17163,572.672,P05,TEAM_B,2.232,9.136,0.0,,,False
17164,572.705,P10,TEAM_B,9.746,3.749,6.618,9.746,3.749,False
17170,572.906,P03,TEAM_A,11.407,3.411,0.0,,,False
17175,573.072,P05,TEAM_B,1.974,8.958,0.0,,,False
17176,573.106,P10,TEAM_B,7.548,3.08,6.189,,,False
17182,573.306,P03,TEAM_A,9.268,3.316,0.0,,,False
17187,573.473,P05,TEAM_B,2.286,8.554,0.0,,,False
17188,573.506,P10,TEAM_B,6.267,1.916,6.153,,,False
17194,573.706,P03,TEAM_A,6.741,2.6,6.556,6.741,2.6,False
17199,573.873,P05,TEAM_B,1.759,8.305,2.96,,,False
17200,573.907,P10,TEAM_B,5.18,1.376,2.496,,,True
17209,574.207,P03,TEAM_A,4.824,1.262,2.232,,,False
17211,574.274,P05,TEAM_B,1.914,7.71,0.0,,,False
17223,574.674,P05,TEAM_B,1.477,7.216,3.261,,,False
17240,575.241,P05,TEAM_B,0.321,7.746,0.0,,,False
17258,575.842,P05,TEAM_B,0.052,7.366,0.0,,,False
17276,576.443,P05,TEAM_B,0.0,7.249,0.0,,,False
17294,577.043,P05,TEAM_B,0.0,7.368,0.0,,,False
17312,577.644,P05,TEAM_B,0.0,7.318,0.0,,,False
17330,578.244,P01,TEAM_A,9.406,13.256,0.0,,,False
17330,578.244,P05,TEAM_B,0.0,7.387,0.0,,,False
17342,578.645,P01,TEAM_A,9.112,13.349,2.994,,,False
17348,578.845,P05,TEAM_B,0.0,7.387,0.0,,,False
17354,579.045,P01,TEAM_A,8.873,13.194,0.0,,,False
17366,579.446,P01,TEAM_A,8.73,13.172,0.0,,,False
17366,579.446,P05,TEAM_B,0.0,7.405,0.0,,,False
17378,579.846,P01,TEAM_A,9.032,13.065,0.0,,,False
17384,580.046,P05,TEAM_B,0.0,7.439,0.0,,,False
17390,580.246,P01,TEAM_A,9.1,12.989,0.0,,,False
17399,580.547,P03,TEAM_A,6.943,3.377,0.0,,,True
17402,580.647,P01,TEAM_A,9.129,12.922,0.0,,,False
17402,580.647,P05,TEAM_B,0.037,7.602,0.0,,,False
17411,580.947,P03,TEAM_A,7.841,2.925,0.0,,,True
17414,581.047,P01,TEAM_A,9.465,12.849,0.0,,,False
17420,581.247,P05,TEAM_B,0.005,7.729,0.0,,,False
17423,581.347,P03,TEAM_A,8.905,2.482,0.0,,,True
17426,581.448,P01,TEAM_A,10.188,12.793,4.476,,,False
17432,581.648,P09,TEAM_B,9.968,3.415,7.664,,,False
17435,581.748,P03,TEAM_A,10.232,2.011,4.77,,,False
17438,581.848,P01,TEAM_A,10.722,12.862,2.622,,,False
17438,581.848,P05,TEAM_B,0.321,7.826,0.0,,,False
17444,582.048,P09,TEAM_B,10.584,4.006,0.0,,,False
17447,582.148,P03,TEAM_A,11.147,1.801,0.0,,,False
17450,582.248,P01,TEAM_A,11.221,13.385,0.0,,,False
17456,582.449,P05,TEAM_B,0.353,7.968,0.0,,,False
17456,582.449,P09,TEAM_B,10.367,4.726,2.997,,,False
17459,582.549,P03,TEAM_A,11.693,1.742,0.0,,,False
17462,582.649,P01,TEAM_A,11.788,13.679,0.0,,,False
17468,582.849,P09,TEAM_B,9.514,5.468,3.623,,,False
17471,582.949,P03,TEAM_A,12.412,2.05,0.0,,,False
17474,583.049,P01,TEAM_A,12.242,13.988,0.0,,,False
17474,583.049,P05,TEAM_B,0.561,8.067,0.0,,,False
17480,583.249,P09,TEAM_B,8.524,6.038,2.634,,,False
17483,583.349,P03,TEAM_A,12.475,2.198,0.0,,,False
17486,583.45,P01,TEAM_A,12.342,14.203,0.0,,,False
17492,583.65,P05,TEAM_B,0.561,8.067,0.0,,,False
17492,583.65,P09,TEAM_B,7.72,6.315,0.0,7.72,6.315,False
17495,583.75,P03,TEAM_A,12.03,2.787,0.0,,,False
17498,583.85,P01,TEAM_A,12.081,15.256,0.0,,,False
17501,583.95,P12,TEAM_B,6.563,3.838,0.0,,,True
17504,584.05,P09,TEAM_B,7.009,6.34,0.0,,,False
17507,584.15,P03,TEAM_A,11.251,3.533,0.0,,,False
17510,584.25,P01,TEAM_A,11.572,15.836,0.0,,,False
17510,584.25,P05,TEAM_B,0.385,8.002,0.0,0.385,8.002,False
17513,584.35,P12,TEAM_B,6.993,3.94,0.0,,,False
17516,584.451,P09,TEAM_B,6.515,6.58,3.175,,,False
17519,584.551,P03,TEAM_A,10.081,4.225,6.646,,,False
17522,584.651,P01,TEAM_A,11.624,16.21,2.778,,,False
17525,584.751,P12,TEAM_B,7.155,4.168,0.0,,,False
17528,584.851,P05,TEAM_B,0.386,8.165,0.0,,,False
17528,584.851,P09,TEAM_B,6.053,6.846,0.0,,,False
17531,584.951,P03,TEAM_A,9.674,4.521,2.537,,,False
17534,585.051,P01,TEAM_A,11.576,16.527,2.509,,,False
17537,585.151,P12,TEAM_B,7.639,4.271,2.706,,,False
17540,585.251,P09,TEAM_B,5.67,7.058,0.0,,,False
17543,585.351,P03,TEAM_A,8.973,4.984,3.737,,,False
17544,585.385,P05,TEAM_B,0.497,7.973,0.0,,,False
17546,585.452,P01,TEAM_A,11.545,16.875,0.0,,,False
17549,585.552,P12,TEAM_B,8.218,4.262,0.0,,,True
17552,585.652,P09,TEAM_B,5.208,7.181,0.0,,,False
17555,585.752,P03,TEAM_A,8.091,5.339,4.014,,,True
17558,585.852,P01,TEAM_A,11.551,17.252,2.67,11.551,17.252,False
17559,585.885,P05,TEAM_B,0.496,7.865,0.0,,,False
17561,585.952,P12,TEAM_B,8.848,4.215,0.0,,,False
17564,586.052,P09,TEAM_B,4.543,7.393,0.0,,,False
17567,586.152,P03,TEAM_A,7.243,6.139,3.01,,,False
17570,586.252,P01,TEAM_A,11.535,17.662,0.0,11.535,17.662,False
17573,586.352,P12,TEAM_B,9.839,4.253,0.0,,,False
17576,586.453,P09,TEAM_B,4.265,7.387,0.0,,,False
17579,586.553,P03,TEAM_A,6.491,6.52,0.0,,,False
17582,586.653,P01,TEAM_A,11.619,17.876,0.0,11.619,17.876,False
17585,586.753,P12,TEAM_B,10.305,4.35,0.0,,,False
17588,586.853,P09,TEAM_B,4.129,7.119,0.0,,,False
17591,586.953,P03,TEAM_A,6.149,6.748,0.0,,,False
17594,587.053,P01,TEAM_A,11.716,18.152,0.0,11.716,18.152,False
17597,587.153,P12,TEAM_B,10.953,4.36,0.0,,,False
17600,587.253,P09,TEAM_B,3.737,7.159,0.0,,,False
17604,587.387,P03,TEAM_A,5.254,7.097,0.0,,,False
17606,587.454,P01,TEAM_A,11.812,18.583,0.0,11.812,18.583,False
17609,587.554,P12,TEAM_B,10.549,4.871,0.0,,,False
17612,587.654,P09,TEAM_B,3.614,7.094,0.0,,,False
17616,587.787,P03,TEAM_A,4.542,7.67,0.0,,,False
17618,587.854,P01,TEAM_A,12.056,18.971,0.0,12.056,18.971,False
17621,587.954,P12,TEAM_B,10.513,5.034,0.0,,,False
17624,588.054,P09,TEAM_B,3.355,7.008,0.0,,,False
17628,588.188,P03,TEAM_A,3.914,7.965,0.0,,,False
17630,588.254,P01,TEAM_A,12.413,19.228,0.0,,,False
17633,588.354,P12,TEAM_B,10.74,5.065,0.0,,,False
17636,588.455,P09,TEAM_B,3.271,7.018,0.0,,,True
17640,588.588,P03,TEAM_A,3.669,7.912,0.0,,,True
17642,588.655,P01,TEAM_A,12.746,19.489,0.0,,,False
17645,588.755,P12,TEAM_B,10.569,5.325,0.0,10.569,5.325,False
17648,588.855,P09,TEAM_B,3.204,7.03,0.0,,,True
17652,588.988,P03,TEAM_A,2.868,8.076,0.0,,,True
17654,589.055,P01,TEAM_A,13.28,19.588,0.0,,,False
17657,589.155,P12,TEAM_B,10.446,5.408,0.0,,,False
17660,589.255,P09,TEAM_B,3.524,6.988,0.0,,,True
17666,589.456,P01,TEAM_A,13.693,19.636,0.0,13.693,19.636,False
17669,589.556,P12,TEAM_B,10.303,5.48,0.0,,,False
17670,589.589,P03,TEAM_A,1.349,8.63,0.0,,,False
17671,589.622,P02,TEAM_A,9.781,0.0,0.0,,,False
17672,589.656,P09,TEAM_B,3.418,7.276,0.0,,,False
17678,589.856,P01,TEAM_A,14.053,19.626,0.0,,,False
17681,589.956,P12,TEAM_B,10.639,5.481,0.0,,,False
17683,590.023,P02,TEAM_A,9.935,0.0,0.0,,,False
17683,590.023,P03,TEAM_A,1.643,8.31,0.0,,,True
17684,590.056,P09,TEAM_B,3.472,7.356,0.0,,,True
17693,590.356,P12,TEAM_B,11.584,5.712,3.546,,,False
17695,590.423,P02,TEAM_A,10.132,0.184,0.0,,,False
17695,590.423,P03,TEAM_A,1.79,8.152,0.0,,,False
17696,590.457,P09,TEAM_B,3.517,7.601,0.0,,,False
17705,590.757,P12,TEAM_B,12.878,6.041,0.0,,,False
17707,590.824,P03,TEAM_A,2.044,8.329,0.0,,,False
17708,590.857,P02,TEAM_A,11.046,0.524,0.0,,,False
17708,590.857,P09,TEAM_B,3.42,8.153,0.0,,,False
17717,591.157,P12,TEAM_B,13.555,7.028,2.739,,,False
17719,591.224,P03,TEAM_A,1.939,8.925,0.0,,,False
17720,591.257,P02,TEAM_A,11.755,0.724,2.845,,,False
17720,591.257,P09,TEAM_B,3.477,8.717,3.899,,,False
17729,591.558,P12,TEAM_B,14.102,9.352,8.305,,,False
17731,591.624,P03,TEAM_A,2.255,9.414,2.456,,,False
17732,591.658,P02,TEAM_A,12.589,0.875,4.73,,,False
17732,591.658,P09,TEAM_B,3.306,9.85,5.863,,,False
17741,591.958,P12,TEAM_B,13.851,11.059,2.913,,,False
17743,592.025,P03,TEAM_A,2.385,9.824,0.0,,,False
17744,592.058,P02,TEAM_A,13.149,1.043,3.214,,,False
17744,592.058,P09,TEAM_B,3.505,10.605,0.0,,,False
17753,592.358,P12,TEAM_B,12.885,11.891,3.964,,,True
17755,592.425,P03,TEAM_A,3.339,9.771,5.918,,,False
17756,592.459,P02,TEAM_A,13.9,1.127,0.0,,,False
17756,592.459,P09,TEAM_B,4.177,11.239,4.796,,,False
17765,592.759,P12,TEAM_B,12.218,11.645,0.0,,,False
17767,592.826,P03,TEAM_A,4.43,10.717,4.642,,,True
17768,592.859,P02,TEAM_A,14.424,1.385,0.0,,,False
17768,592.859,P09,TEAM_B,4.926,11.566,5.015,,,True
17777,593.159,P12,TEAM_B,12.408,12.568,0.0,12.408,12.568,False
17779,593.226,P03,TEAM_A,5.756,11.457,4.433,,,True
17780,593.259,P02,TEAM_A,15.185,1.857,0.0,,,False
17780,593.259,P09,TEAM_B,6.887,11.526,6.763,,,True
17789,593.56,P12,TEAM_B,12.797,12.736,4.414,,,False
17791,593.626,P03,TEAM_A,7.486,11.329,3.417,,,False
17792,593.66,P02,TEAM_A,16.289,2.449,4.354,,,False
17801,593.96,P12,TEAM_B,13.532,12.926,0.0,,,False
17803,594.027,P03,TEAM_A,9.38,11.218,0.0,,,True
17804,594.06,P02,TEAM_A,17.4,3.522,3.425,,,False
17813,594.36,P12,TEAM_B,13.947,13.065,0.0,,,False
17815,594.427,P03,TEAM_A,10.823,11.827,0.0,,,False
17816,594.461,P02,TEAM_A,17.715,4.192,3.3,,,False
17825,594.761,P12,TEAM_B,14.164,13.135,0.0,,,False
17827,594.828,P03,TEAM_A,10.943,11.731,0.0,,,False
17828,594.861,P02,TEAM_A,18.289,5.044,0.0,,,False
17837,595.161,P12,TEAM_B,14.255,13.111,0.0,,,False
17839,595.228,P03,TEAM_A,10.79,11.829,0.0,,,False
17840,595.261,P02,TEAM_A,18.674,5.366,0.0,,,False
17849,595.562,P12,TEAM_B,14.308,13.113,0.0,,,False
17851,595.628,P03,TEAM_A,10.836,11.796,0.0,,,False
17852,595.662,P02,TEAM_A,19.074,5.739,0.0,,,False
17862,595.995,P12,TEAM_B,14.456,13.121,0.0,,,False
17863,596.029,P03,TEAM_A,10.062,11.787,0.0,,,False
17864,596.062,P02,TEAM_A,19.28,6.313,0.0,,,False
17874,596.396,P12,TEAM_B,14.627,13.101,0.0,,,False
17875,596.429,P03,TEAM_A,9.515,11.975,0.0,,,False
17876,596.463,P02,TEAM_A,19.55,6.692,0.0,,,False
17886,596.796,P12,TEAM_B,14.882,13.198,0.0,,,False
17887,596.83,P03,TEAM_A,9.177,12.172,0.0,,,False
17888,596.863,P02,TEAM_A,19.669,7.189,0.0,,,False
17898,597.197,P12,TEAM_B,15.138,13.098,0.0,,,False
17899,597.23,P03,TEAM_A,8.907,12.102,0.0,,,False
17900,597.263,P02,TEAM_A,19.703,7.107,0.0,,,False
17910,597.597,P12,TEAM_B,15.625,12.708,0.0,,,False
17912,597.664,P02,TEAM_A,19.601,6.819,0.0,,,False
17920,597.931,P03,TEAM_A,8.66,11.499,0.0,,,True
17922,597.997,P12,TEAM_B,16.122,12.382,0.0,,,False
17924,598.064,P02,TEAM_A,19.494,6.93,0.0,,,False
17934,598.398,P12,TEAM_B,16.573,11.855,0.0,,,False
17936,598.465,P02,TEAM_A,19.551,6.786,0.0,,,False
17938,598.531,P03,TEAM_A,8.793,12.024,0.0,,,True
17946,598.798,P12,TEAM_B,17.014,11.547,0.0,,,False
17948,598.865,P02,TEAM_A,19.764,6.549,0.0,,,False
17950,598.932,P03,TEAM_A,8.961,12.058,0.0,,,False
17959,599.232,P12,TEAM_B,17.665,11.181,2.584,,,False
17960,599.265,P02,TEAM_A,19.909,6.618,0.0,,,False
17962,599.332,P03,TEAM_A,9.406,12.146,3.685,,,False
17971,599.632,P12,TEAM_B,18.225,10.724,0.0,,,False
17972,599.666,P02,TEAM_A,20.149,6.447,0.0,,,False
17974,599.732,P03,TEAM_A,9.973,12.64,2.988,,,True
17983,600.033,P12,TEAM_B,18.888,10.513,2.582,,,False
17984,600.066,P02,TEAM_A,20.402,6.32,0.0,,,False
17986,600.133,P03,TEAM_A,10.242,12.09,3.071,,,False
17995,600.433,P12,TEAM_B,19.407,10.439,0.0,,,False
17996,600.467,P02,TEAM_A,20.733,6.167,0.0,,,False
17998,600.533,P03,TEAM_A,10.107,11.314,0.0,,,False
18007,600.834,P12,TEAM_B,19.944,10.259,0.0,,,False
18008,600.867,P02,TEAM_A,21.12,6.141,0.0,,,False
18010,600.934,P03,TEAM_A,10.173,11.683,2.692,,,False
18019,601.234,P12,TEAM_B,20.418,10.122,0.0,,,False
18020,601.267,P02,TEAM_A,21.551,6.342,0.0,,,False
18022,601.334,P03,TEAM_A,11.252,11.957,3.112,,,False
18031,601.634,P12,TEAM_B,20.772,10.304,0.0,,,False
18032,601.668,P02,TEAM_A,22.021,6.634,0.0,,,False
18034,601.734,P03,TEAM_A,12.487,11.602,0.0,,,False
18043,602.035,P12,TEAM_B,21.064,10.084,0.0,,,False
18044,602.068,P02,TEAM_A,22.602,6.506,0.0,,,False
18046,602.135,P03,TEAM_A,13.637,10.815,0.0,,,False
18055,602.435,P12,TEAM_B,21.249,9.98,0.0,,,False
18056,602.469,P02,TEAM_A,23.091,6.26,0.0,,,False
18058,602.535,P03,TEAM_A,14.194,9.816,2.537,,,False
18067,602.836,P12,TEAM_B,21.362,9.386,0.0,,,False
18068,602.869,P02,TEAM_A,23.382,5.925,0.0,,,False
18070,602.936,P03,TEAM_A,15.262,9.214,3.008,,,False
18076,603.136,P10,TEAM_B,15.642,2.51,0.0,15.642,2.51,False
18079,603.236,P12,TEAM_B,21.49,9.341,0.0,,,False
18080,603.269,P02,TEAM_A,23.442,5.744,0.0,,,False
18082,603.336,P03,TEAM_A,16.12,8.688,2.614,,,False
18088,603.536,P10,TEAM_B,15.74,2.447,0.0,,,False
18091,603.636,P12,TEAM_B,21.674,9.234,0.0,,,False
18092,603.67,P02,TEAM_A,23.215,5.462,0.0,,,False
18094,603.736,P03,TEAM_A,17.028,8.316,3.461,,,False
18100,603.937,P10,TEAM_B,15.988,2.06,0.0,,,False
18103,604.037,P12,TEAM_B,21.911,9.143,0.0,,,False
18104,604.07,P02,TEAM_A,22.811,5.353,0.0,,,False
18106,604.137,P03,TEAM_A,17.533,8.423,0.0,,,False
18112,604.337,P10,TEAM_B,15.987,1.627,0.0,,,False
18115,604.437,P12,TEAM_B,21.991,9.362,0.0,,,False
18116,604.471,P02,TEAM_A,22.344,5.288,0.0,,,False
18118,604.537,P03,TEAM_A,17.879,8.556,0.0,,,False
18124,604.737,P10,TEAM_B,15.841,1.5,0.0,,,False
18127,604.838,P12,TEAM_B,21.969,9.784,0.0,,,False
18128,604.871,P02,TEAM_A,21.87,4.992,0.0,,,False
18130,604.938,P03,TEAM_A,18.058,8.883,0.0,,,False
18136,605.138,P10,TEAM_B,15.899,1.22,0.0,,,False
18139,605.238,P12,TEAM_B,21.934,10.071,0.0,,,False
18140,605.271,P02,TEAM_A,21.462,5.015,0.0,,,False
18142,605.338,P03,TEAM_A,18.091,9.392,0.0,,,False
18148,605.538,P10,TEAM_B,15.644,0.863,0.0,,,False
18151,605.638,P12,TEAM_B,21.791,10.203,0.0,,,False
18152,605.672,P02,TEAM_A,21.255,5.137,0.0,,,False
18154,605.738,P03,TEAM_A,18.076,9.751,0.0,,,False
18160,605.939,P10,TEAM_B,15.405,0.691,0.0,,,False
18163,606.039,P12,TEAM_B,21.621,10.42,0.0,,,False
18164,606.072,P02,TEAM_A,21.175,5.119,0.0,,,False
18166,606.139,P03,TEAM_A,17.854,10.385,0.0,,,False
18172,606.339,P10,TEAM_B,15.416,0.594,0.0,,,False
18175,606.439,P12,TEAM_B,21.417,10.778,0.0,,,False
18176,606.473,P02,TEAM_A,21.102,5.119,0.0,,,False
18178,606.539,P03,TEAM_A,17.64,10.914,2.782,,,False
18184,606.739,P10,TEAM_B,15.347,0.526,0.0,,,False
18187,606.84,P12,TEAM_B,21.318,11.16,2.797,,,False
18188,606.873,P02,TEAM_A,20.975,4.74,0.0,,,False
18190,606.94,P03,TEAM_A,17.392,11.144,0.0,,,False
18196,607.14,P10,TEAM_B,15.282,0.498,0.0,,,False
18199,607.24,P12,TEAM_B,21.309,11.431,0.0,,,False
18200,607.273,P02,TEAM_A,20.899,4.74,0.0,,,False
18202,607.34,P03,TEAM_A,17.076,11.079,0.0,,,False
18208,607.54,P10,TEAM_B,15.282,0.498,0.0,,,False
18211,607.64,P12,TEAM_B,21.509,11.511,0.0,,,False
18212,607.674,P02,TEAM_A,20.679,4.678,0.0,,,False
18214,607.74,P03,TEAM_A,16.741,11.183,0.0,,,False
18220,607.941,P10,TEAM_B,15.282,0.498,0.0,,,False
18223,608.041,P12,TEAM_B,21.821,11.676,0.0,,,False
18224,608.074,P02,TEAM_A,20.374,4.323,0.0,,,False
18226,608.141,P03,TEAM_A,16.545,10.777,0.0,,,False
18232,608.341,P10,TEAM_B,15.282,0.498,0.0,,,False
18235,608.441,P12,TEAM_B,22.098,11.682,0.0,,,False
18236,608.475,P02,TEAM_A,20.118,3.908,0.0,,,False
18238,608.541,P03,TEAM_A,16.376,10.521,0.0,,,False
18244,608.741,P10,TEAM_B,15.292,0.5,0.0,,,False
18247,608.842,P12,TEAM_B,22.248,11.727,0.0,,,False
18249,608.908,P02,TEAM_A,19.776,3.841,0.0,,,False
18250,608.942,P03,TEAM_A,16.211,10.458,0.0,,,False
18256,609.142,P10,TEAM_B,15.292,0.5,0.0,,,False
18259,609.242,P12,TEAM_B,22.26,11.73,0.0,,,False
18261,609.309,P02,TEAM_A,19.394,3.541,0.0,,,False
18262,609.342,P03,TEAM_A,16.09,9.874,3.837,,,False
18268,609.542,P10,TEAM_B,15.296,0.492,0.0,,,False
18271,609.642,P12,TEAM_B,22.134,11.943,0.0,,,False
18273,609.709,P02,TEAM_A,19.033,3.42,0.0,,,False
18274,609.742,P03,TEAM_A,16.006,9.77,0.0,,,False
18280,609.943,P10,TEAM_B,15.296,0.492,0.0,,,False
18283,610.043,P12,TEAM_B,21.877,12.099,0.0,,,False
18285,610.11,P02,TEAM_A,18.81,3.333,0.0,,,False
18286,610.143,P03,TEAM_A,16.002,9.747,0.0,,,False
18292,610.343,P10,TEAM_B,15.292,0.5,0.0,,,False
18295,610.443,P12,TEAM_B,21.76,12.196,0.0,,,False
18297,610.51,P02,TEAM_A,18.59,3.173,0.0,,,False
18298,610.543,P03,TEAM_A,16.198,9.841,0.0,,,False
18304,610.743,P10,TEAM_B,15.287,0.508,0.0,,,False
18307,610.844,P12,TEAM_B,21.747,12.192,0.0,,,False
18309,610.91,P02,TEAM_A,18.554,3.185,0.0,,,False
18310,610.944,P03,TEAM_A,16.601,9.703,0.0,,,False
18316,611.144,P10,TEAM_B,15.282,0.498,0.0,,,False
18319,611.244,P12,TEAM_B,21.884,12.413,0.0,,,False
18321,611.311,P02,TEAM_A,18.545,3.223,0.0,,,False
18322,611.344,P03,TEAM_A,16.881,9.912,0.0,,,False
18328,611.544,P10,TEAM_B,15.287,0.508,0.0,,,False
18331,611.644,P12,TEAM_B,21.859,12.406,0.0,,,False
18333,611.711,P02,TEAM_A,18.601,3.386,0.0,,,False
18334,611.744,P03,TEAM_A,17.13,10.046,0.0,,,False
18340,611.945,P10,TEAM_B,15.287,0.508,0.0,,,False
18343,612.045,P12,TEAM_B,21.871,12.41,0.0,,,False
18345,612.111,P02,TEAM_A,18.77,3.412,0.0,,,False
18346,612.145,P03,TEAM_A,17.454,9.912,0.0,,,False
18352,612.345,P10,TEAM_B,15.287,0.508,0.0,,,False
18355,612.445,P12,TEAM_B,21.883,12.466,0.0,,,False
18357,612.512,P02,TEAM_A,18.887,3.427,0.0,,,False
18358,612.545,P03,TEAM_A,17.787,9.5,0.0,,,False
18364,612.745,P10,TEAM_B,15.282,0.498,0.0,,,False
18367,612.846,P12,TEAM_B,21.828,12.033,0.0,,,False
18370,612.946,P02,TEAM_A,19.168,3.583,0.0,,,False
18370,612.946,P03,TEAM_A,17.833,9.503,0.0,,,False
18376,613.146,P10,TEAM_B,15.292,0.5,0.0,,,False
18379,613.246,P12,TEAM_B,21.797,11.594,0.0,,,False
18382,613.346,P02,TEAM_A,19.333,3.596,0.0,,,False
18382,613.346,P03,TEAM_A,17.808,9.694,0.0,,,False
18388,613.546,P10,TEAM_B,15.296,0.492,0.0,,,False
18391,613.646,P12,TEAM_B,21.805,11.105,0.0,,,False
18394,613.746,P02,TEAM_A,19.498,3.574,0.0,,,False
18394,613.746,P03,TEAM_A,17.701,9.928,0.0,,,False
18400,613.947,P10,TEAM_B,15.296,0.492,0.0,,,False
18403,614.047,P12,TEAM_B,21.881,10.938,0.0,,,False
18406,614.147,P02,TEAM_A,19.58,3.583,0.0,,,False
18406,614.147,P03,TEAM_A,17.52,10.209,0.0,,,False
18412,614.347,P10,TEAM_B,15.296,0.492,0.0,,,False
18415,614.447,P12,TEAM_B,21.893,10.965,0.0,,,False
18418,614.547,P02,TEAM_A,19.637,3.584,0.0,,,False
18419,614.581,P03,TEAM_A,17.251,10.215,0.0,,,False
18424,614.747,P10,TEAM_B,15.296,0.492,0.0,,,False
18427,614.848,P12,TEAM_B,21.893,10.965,0.0,,,False
18430,614.948,P02,TEAM_A,19.671,3.611,0.0,,,False
18431,614.981,P03,TEAM_A,17.24,10.168,0.0,,,False
18436,615.148,P10,TEAM_B,15.301,0.485,0.0,,,False
18439,615.248,P12,TEAM_B,21.905,10.968,0.0,,,False
18442,615.348,P02,TEAM_A,19.697,3.618,0.0,,,False
18443,615.381,P03,TEAM_A,17.317,10.196,0.0,,,False
18448,615.548,P10,TEAM_B,15.305,0.477,0.0,,,False
18451,615.648,P12,TEAM_B,21.832,10.946,0.0,,,False
18454,615.748,P02,TEAM_A,19.677,3.613,0.0,,,False
18455,615.782,P03,TEAM_A,17.305,10.195,0.0,,,False
18460,615.949,P10,TEAM_B,15.301,0.485,0.0,,,False
18463,616.049,P12,TEAM_B,21.759,10.901,0.0,,,False
18466,616.149,P02,TEAM_A,19.645,3.603,0.0,,,False
18467,616.182,P03,TEAM_A,17.335,10.22,0.0,,,False
18472,616.349,P10,TEAM_B,15.301,0.485,0.0,,,False
18475,616.449,P12,TEAM_B,21.783,10.885,0.0,,,False
18478,616.549,P02,TEAM_A,19.639,3.601,0.0,,,False
18479,616.583,P03,TEAM_A,17.467,10.32,0.0,,,False
18484,616.749,P10,TEAM_B,15.305,0.477,0.0,,,False
18487,616.85,P12,TEAM_B,22.039,10.891,0.0,,,False
18490,616.95,P02,TEAM_A,19.619,3.595,0.0,,,False
18491,616.983,P03,TEAM_A,17.79,10.246,0.0,,,False
18496,617.15,P10,TEAM_B,15.305,0.477,0.0,,,False
18499,617.25,P12,TEAM_B,22.307,10.996,0.0,,,False
18502,617.35,P02,TEAM_A,19.613,3.593,0.0,,,False
18503,617.383,P03,TEAM_A,18.134,10.284,0.0,,,False
18508,617.55,P10,TEAM_B,15.305,0.494,0.0,,,False
18511,617.65,P12,TEAM_B,22.747,11.225,0.0,,,False
18514,617.75,P02,TEAM_A,19.617,3.578,0.0,,,False
18515,617.784,P03,TEAM_A,18.475,10.05,0.0,,,False
18520,617.951,P10,TEAM_B,15.305,0.494,0.0,,,False
18523,618.051,P12,TEAM_B,23.139,11.368,0.0,,,False
18526,618.151,P02,TEAM_A,19.63,3.582,0.0,,,False
18527,618.184,P03,TEAM_A,18.758,9.95,0.0,,,False
18532,618.351,P10,TEAM_B,15.31,0.487,0.0,,,False
18535,618.451,P12,TEAM_B,23.435,11.222,0.0,,,False
18538,618.551,P02,TEAM_A,19.617,3.578,0.0,,,False
18539,618.585,P03,TEAM_A,18.959,9.826,0.0,,,False
18544,618.751,P10,TEAM_B,15.296,0.492,0.0,,,False
18547,618.852,P12,TEAM_B,23.887,11.145,0.0,,,False
18550,618.952,P02,TEAM_A,19.611,3.576,0.0,,,False
18551,618.985,P03,TEAM_A,19.216,9.919,0.0,,,False
18556,619.152,P10,TEAM_B,15.282,0.482,0.0,,,False
18559,619.252,P12,TEAM_B,24.256,10.836,0.0,,,False
18562,619.352,P02,TEAM_A,19.607,3.567,0.0,,,False
18563,619.385,P03,TEAM_A,19.437,9.712,0.0,,,False
18568,619.552,P10,TEAM_B,15.429,0.423,0.0,,,False
18571,619.652,P12,TEAM_B,24.541,10.484,0.0,,,False
18574,619.752,P02,TEAM_A,19.649,3.588,0.0,,,False
18575,619.786,P03,TEAM_A,19.584,9.759,0.0,,,False
18580,619.953,P10,TEAM_B,15.567,0.34,0.0,,,False
18583,620.053,P12,TEAM_B,24.855,10.341,0.0,,,False
18586,620.153,P02,TEAM_A,19.692,3.609,0.0,,,False
18587,620.186,P03,TEAM_A,19.645,9.74,0.0,,,False
18592,620.353,P10,TEAM_B,15.776,0.437,0.0,,,False
18595,620.453,P12,TEAM_B,25.175,10.085,0.0,,,False
18598,620.553,P02,TEAM_A,19.839,3.633,0.0,,,False
18599,620.587,P03,TEAM_A,19.628,9.782,0.0,,,False
18604,620.753,P10,TEAM_B,16.289,0.521,0.0,,,False
18607,620.854,P12,TEAM_B,25.314,9.447,0.0,,,False
18610,620.954,P02,TEAM_A,19.959,3.672,0.0,,,False
18611,620.987,P03,TEAM_A,19.546,9.779,0.0,,,False
18616,621.154,P10,TEAM_B,16.91,0.407,0.0,,,False
18619,621.254,P12,TEAM_B,25.443,9.032,0.0,,,False
18622,621.354,P02,TEAM_A,20.194,3.502,0.0,,,False
18623,621.387,P03,TEAM_A,19.394,10.012,0.0,,,False
18628,621.554,P10,TEAM_B,17.27,0.467,2.497,,,False
18631,621.654,P12,TEAM_B,25.625,8.696,0.0,,,False
18634,621.754,P02,TEAM_A,20.318,3.478,0.0,,,False
18635,621.788,P03,TEAM_A,19.206,10.138,0.0,,,False
18640,621.955,P10,TEAM_B,17.724,0.533,0.0,,,False
18643,622.055,P12,TEAM_B,25.576,7.947,0.0,,,False
18646,622.155,P02,TEAM_A,20.494,3.543,0.0,,,False
18647,622.188,P03,TEAM_A,18.935,10.242,0.0,,,False
18652,622.355,P10,TEAM_B,18.37,0.465,0.0,,,False
18655,622.455,P12,TEAM_B,25.47,7.459,2.673,,,False
18658,622.555,P02,TEAM_A,20.612,3.54,0.0,,,False
18659,622.589,P03,TEAM_A,18.64,10.256,0.0,,,False
18664,622.755,P10,TEAM_B,18.57,0.44,0.0,,,False
18667,622.856,P12,TEAM_B,25.316,7.061,0.0,,,False
18670,622.956,P02,TEAM_A,20.737,3.45,0.0,,,False
18671,622.989,P03,TEAM_A,18.27,10.448,0.0,,,False
18676,623.156,P10,TEAM_B,18.942,0.462,0.0,,,False
18679,623.256,P12,TEAM_B,25.211,7.019,0.0,,,False
18682,623.356,P02,TEAM_A,20.83,3.433,0.0,,,False
18683,623.389,P03,TEAM_A,18.035,10.508,0.0,,,False
18688,623.556,P10,TEAM_B,19.124,0.555,0.0,,,False
18691,623.656,P12,TEAM_B,25.251,6.789,0.0,,,False
18694,623.756,P02,TEAM_A,20.877,3.419,0.0,,,False
18695,623.79,P03,TEAM_A,17.726,10.611,0.0,,,False
18700,623.957,P10,TEAM_B,19.142,0.58,0.0,,,False
18703,624.057,P12,TEAM_B,25.492,6.823,0.0,,,False
18706,624.157,P02,TEAM_A,21.0,3.414,0.0,,,False
18707,624.19,P03,TEAM_A,17.534,10.485,0.0,,,False
18712,624.357,P10,TEAM_B,19.141,0.558,0.0,,,False
18715,624.457,P12,TEAM_B,25.62,6.765,0.0,,,False
18718,624.557,P02,TEAM_A,21.065,3.406,0.0,,,False
18719,624.591,P03,TEAM_A,17.297,10.542,0.0,,,False
18724,624.757,P10,TEAM_B,19.105,0.509,0.0,,,False
18727,624.858,P12,TEAM_B,25.829,6.68,0.0,,,False
18730,624.958,P02,TEAM_A,21.144,3.518,0.0,,,False
18731,624.991,P03,TEAM_A,17.167,10.255,0.0,,,False
18736,625.158,P10,TEAM_B,18.976,0.43,0.0,,,False
18739,625.258,P12,TEAM_B,25.868,6.52,0.0,,,False
18742,625.358,P02,TEAM_A,21.194,3.284,0.0,,,False
18749,625.592,P10,TEAM_B,18.857,0.327,0.0,,,False
18751,625.658,P12,TEAM_B,25.967,6.429,0.0,,,False
18754,625.758,P02,TEAM_A,21.227,3.268,0.0,,,False
18761,625.992,P10,TEAM_B,18.703,0.249,0.0,,,False
18763,626.059,P12,TEAM_B,26.048,6.355,0.0,,,False
18766,626.159,P02,TEAM_A,21.381,3.282,0.0,,,False
18773,626.392,P10,TEAM_B,18.709,0.275,0.0,,,False
18775,626.459,P12,TEAM_B,26.293,6.23,0.0,,,False
18778,626.559,P02,TEAM_A,21.517,3.286,0.0,,,False
18785,626.793,P10,TEAM_B,18.7,0.521,0.0,,,False
18787,626.86,P12,TEAM_B,26.588,6.329,0.0,,,True
18790,626.96,P02,TEAM_A,21.667,3.168,0.0,,,False
18797,627.193,P10,TEAM_B,18.707,0.379,0.0,,,False
18799,627.26,P12,TEAM_B,26.925,6.598,0.0,,,False
18802,627.36,P02,TEAM_A,21.503,3.199,0.0,,,False
18809,627.594,P10,TEAM_B,18.643,0.3,0.0,,,False
18811,627.66,P12,TEAM_B,27.179,6.624,0.0,,,True
18814,627.76,P02,TEAM_A,21.412,3.206,0.0,,,False
18821,627.994,P10,TEAM_B,18.568,0.236,0.0,,,False
18823,628.061,P12,TEAM_B,27.662,6.88,0.0,,,True
18826,628.161,P02,TEAM_A,21.36,3.21,0.0,,,False
18833,628.394,P10,TEAM_B,18.55,0.227,0.0,,,False
18835,628.461,P12,TEAM_B,27.952,7.108,0.0,,,False
18838,628.561,P02,TEAM_A,21.397,3.236,0.0,,,False
18845,628.795,P10,TEAM_B,18.55,0.227,0.0,,,False
18847,628.862,P12,TEAM_B,28.195,7.373,0.0,,,False
18850,628.962,P02,TEAM_A,21.504,3.407,0.0,,,False
18857,629.195,P10,TEAM_B,18.558,0.224,0.0,,,False
18859,629.262,P12,TEAM_B,28.584,7.769,0.0,,,False
18862,629.362,P02,TEAM_A,21.633,3.342,0.0,,,False
18869,629.596,P10,TEAM_B,18.558,0.224,0.0,,,False
18871,629.662,P12,TEAM_B,28.756,7.991,0.0,,,False
18874,629.762,P02,TEAM_A,21.897,3.29,0.0,,,False
18881,629.996,P10,TEAM_B,18.546,0.218,0.0,,,False
18883,630.063,P12,TEAM_B,28.888,7.851,0.0,,,False
18886,630.163,P02,TEAM_A,22.02,3.297,0.0,,,False
18893,630.396,P10,TEAM_B,18.541,0.237,0.0,,,False
18895,630.463,P12,TEAM_B,29.202,7.766,0.0,,,False
18898,630.563,P02,TEAM_A,22.218,3.156,0.0,,,False
18905,630.797,P10,TEAM_B,18.912,0.431,0.0,,,False
18907,630.864,P12,TEAM_B,29.245,7.639,0.0,,,False
18910,630.964,P02,TEAM_A,22.294,3.146,0.0,,,False
18917,631.197,P10,TEAM_B,18.908,0.422,0.0,,,False
18919,631.264,P12,TEAM_B,29.191,7.473,0.0,,,True
18922,631.364,P02,TEAM_A,22.363,3.12,0.0,,,False
18929,631.598,P10,TEAM_B,18.907,0.428,0.0,,,False
18931,631.664,P12,TEAM_B,28.856,7.058,0.0,,,True
18934,631.764,P02,TEAM_A,22.321,3.119,0.0,,,False
18941,631.998,P10,TEAM_B,18.905,0.412,0.0,,,False
18943,632.065,P12,TEAM_B,28.663,6.869,0.0,,,False
18946,632.165,P02,TEAM_A,22.161,3.082,0.0,,,False
18947,632.198,P03,TEAM_A,18.148,10.443,0.0,,,False
18953,632.398,P10,TEAM_B,18.675,0.279,0.0,,,False
18955,632.465,P12,TEAM_B,28.521,6.915,0.0,,,False
18958,632.565,P02,TEAM_A,22.039,2.926,0.0,,,False
18959,632.599,P03,TEAM_A,18.054,10.648,0.0,,,False
18965,632.799,P10,TEAM_B,18.871,0.394,0.0,,,False
18967,632.866,P12,TEAM_B,28.289,6.835,0.0,,,False
18970,632.966,P02,TEAM_A,21.921,2.95,0.0,,,False
18971,632.999,P03,TEAM_A,17.978,11.048,0.0,,,False
18978,633.233,P10,TEAM_B,19.231,0.636,0.0,,,False
18979,633.266,P12,TEAM_B,27.998,6.671,0.0,,,False
18982,633.366,P02,TEAM_A,22.026,2.921,0.0,,,False
18983,633.399,P03,TEAM_A,18.143,11.175,0.0,,,False
18990,633.633,P10,TEAM_B,19.517,0.868,0.0,,,False
18991,633.666,P12,TEAM_B,27.882,6.374,0.0,,,False
18994,633.766,P02,TEAM_A,22.365,2.841,0.0,,,False
18995,633.8,P03,TEAM_A,18.232,11.058,0.0,,,False
19003,634.067,P10,TEAM_B,19.926,0.982,0.0,,,False
19003,634.067,P12,TEAM_B,28.005,6.411,0.0,,,False
19006,634.167,P02,TEAM_A,22.687,2.703,0.0,,,False
19007,634.2,P03,TEAM_A,18.229,11.009,0.0,,,False
19015,634.467,P10,TEAM_B,20.337,1.093,0.0,,,False
19015,634.467,P12,TEAM_B,27.92,6.336,0.0,,,False
19018,634.567,P02,TEAM_A,23.132,2.598,0.0,,,False
19019,634.601,P03,TEAM_A,18.163,10.959,0.0,,,False
19027,634.868,P10,TEAM_B,20.726,1.105,0.0,,,False
19027,634.868,P12,TEAM_B,27.728,6.274,0.0,,,False
19030,634.968,P02,TEAM_A,23.467,2.604,0.0,,,False
19031,635.001,P03,TEAM_A,17.948,10.951,0.0,,,False
19039,635.268,P10,TEAM_B,21.026,1.15,0.0,,,False
19039,635.268,P12,TEAM_B,27.57,6.48,0.0,,,False
19042,635.368,P02,TEAM_A,23.776,2.733,0.0,,,False
19043,635.401,P03,TEAM_A,17.665,10.915,0.0,,,False
19051,635.668,P10,TEAM_B,21.327,1.125,0.0,,,False
19051,635.668,P12,TEAM_B,27.194,6.339,0.0,,,False
19054,635.768,P02,TEAM_A,24.205,2.696,0.0,,,False
19055,635.802,P03,TEAM_A,17.527,10.861,0.0,,,False
19063,636.069,P10,TEAM_B,21.636,1.126,0.0,,,False
19063,636.069,P12,TEAM_B,27.019,6.43,0.0,,,False
19066,636.169,P02,TEAM_A,24.426,2.886,0.0,,,False
19067,636.202,P03,TEAM_A,17.446,10.881,0.0,,,False
19075,636.469,P10,TEAM_B,21.43,1.191,0.0,,,False
19075,636.469,P12,TEAM_B,26.676,6.576,0.0,,,False
19078,636.569,P02,TEAM_A,24.482,2.836,0.0,,,False
19079,636.603,P03,TEAM_A,17.39,10.902,0.0,,,False
19087,636.87,P10,TEAM_B,20.948,1.306,0.0,,,False
19087,636.87,P12,TEAM_B,26.501,6.744,0.0,,,False
19090,636.97,P02,TEAM_A,24.129,2.912,0.0,,,False
19091,637.003,P03,TEAM_A,17.315,10.899,0.0,,,False
19099,637.27,P10,TEAM_B,20.345,1.299,2.581,,,False
19099,637.27,P12,TEAM_B,26.203,6.772,0.0,,,False
19102,637.37,P02,TEAM_A,23.43,3.004,0.0,,,False
19103,637.403,P03,TEAM_A,17.327,10.614,0.0,,,False
19111,637.67,P10,TEAM_B,19.552,1.163,3.07,,,False
19111,637.67,P12,TEAM_B,26.008,6.842,0.0,,,False
19114,637.77,P02,TEAM_A,22.663,3.13,0.0,,,False
19115,637.804,P03,TEAM_A,17.285,10.588,0.0,,,False
19123,638.071,P10,TEAM_B,18.524,0.813,3.484,,,False
19123,638.071,P12,TEAM_B,25.845,6.898,0.0,,,False
19126,638.171,P02,TEAM_A,21.89,3.313,3.072,,,False
19127,638.204,P03,TEAM_A,16.943,10.829,0.0,,,False
19135,638.471,P10,TEAM_B,17.851,0.824,3.959,,,False
19135,638.471,P12,TEAM_B,25.539,6.943,0.0,,,False
19138,638.571,P02,TEAM_A,21.136,3.405,0.0,,,False
19139,638.605,P03,TEAM_A,16.689,10.548,0.0,,,False
19147,638.872,P10,TEAM_B,16.551,0.859,0.0,,,False
19147,638.872,P12,TEAM_B,25.231,6.903,0.0,,,False
19150,638.972,P02,TEAM_A,20.065,3.601,0.0,,,False
19152,639.038,P03,TEAM_A,16.479,10.198,0.0,,,False
19159,639.272,P10,TEAM_B,14.922,1.078,3.331,,,False
19159,639.272,P12,TEAM_B,24.787,6.597,0.0,,,False
19162,639.372,P02,TEAM_A,18.889,3.287,0.0,,,False
19164,639.439,P03,TEAM_A,16.432,9.639,0.0,,,False
19171,639.672,P10,TEAM_B,13.363,1.663,3.958,,,False
19171,639.672,P12,TEAM_B,24.33,6.177,0.0,,,False
19174,639.772,P02,TEAM_A,17.629,3.065,2.835,,,False
19176,639.839,P03,TEAM_A,15.869,10.06,0.0,,,False
19183,640.073,P10,TEAM_B,11.74,2.056,4.002,,,False
19183,640.073,P12,TEAM_B,23.828,6.012,0.0,,,False
19186,640.173,P02,TEAM_A,17.2,3.137,0.0,,,False
19188,640.24,P03,TEAM_A,15.283,10.428,0.0,,,False
19195,640.473,P10,TEAM_B,10.51,2.38,3.859,,,False
19195,640.473,P12,TEAM_B,23.305,5.909,2.705,,,False
19199,640.607,P02,TEAM_A,16.807,3.483,0.0,,,False
19200,640.64,P03,TEAM_A,14.23,11.077,3.603,,,False
19207,640.874,P10,TEAM_B,9.278,2.707,2.454,,,False
19207,640.874,P12,TEAM_B,22.838,6.162,0.0,,,False
19211,641.007,P02,TEAM_A,16.998,3.758,0.0,,,False
19212,641.04,P03,TEAM_A,13.064,12.108,4.289,,,False
19219,641.274,P10,TEAM_B,7.998,2.792,0.0,,,False
19219,641.274,P12,TEAM_B,22.294,6.583,2.407,,,False
19224,641.441,P03,TEAM_A,12.576,12.784,2.698,,,False
19231,641.674,P10,TEAM_B,7.187,3.333,0.0,,,False
19231,641.674,P12,TEAM_B,21.904,7.018,0.0,,,False
19236,641.841,P03,TEAM_A,11.639,12.854,0.0,11.639,12.854,False
19243,642.075,P10,TEAM_B,6.638,3.803,2.852,,,False
19243,642.075,P12,TEAM_B,21.577,7.446,0.0,,,False
19248,642.242,P03,TEAM_A,11.105,13.052,0.0,,,False
19255,642.475,P10,TEAM_B,6.371,4.232,0.0,,,False
19255,642.475,P12,TEAM_B,21.157,7.815,0.0,,,False
19258,642.575,P02,TEAM_A,17.127,5.481,0.0,,,False
19260,642.642,P03,TEAM_A,10.474,13.191,0.0,,,False
19267,642.876,P10,TEAM_B,6.193,4.807,0.0,,,False
19267,642.876,P12,TEAM_B,20.798,8.041,0.0,,,False
19270,642.976,P02,TEAM_A,17.518,6.012,0.0,,,False
19272,643.042,P03,TEAM_A,10.268,13.337,0.0,,,False
19279,643.276,P10,TEAM_B,5.815,5.319,0.0,,,False
19279,643.276,P12,TEAM_B,20.487,8.413,0.0,,,False
19282,643.376,P02,TEAM_A,17.736,6.392,0.0,,,False
19284,643.443,P03,TEAM_A,9.999,13.588,0.0,,,False
19291,643.676,P10,TEAM_B,5.886,5.687,2.927,,,False
19291,643.676,P12,TEAM_B,20.126,8.911,0.0,,,False
19294,643.776,P02,TEAM_A,18.001,6.63,0.0,,,False
19296,643.843,P03,TEAM_A,9.52,13.265,3.215,,,False
19303,644.077,P10,TEAM_B,6.312,6.163,0.0,,,False
19303,644.077,P12,TEAM_B,19.793,9.235,0.0,,,False
19306,644.177,P02,TEAM_A,18.077,6.891,0.0,,,False
19308,644.244,P03,TEAM_A,8.99,13.045,0.0,,,False
19315,644.477,P10,TEAM_B,6.063,6.764,0.0,,,False
19315,644.477,P12,TEAM_B,19.36,9.837,0.0,,,False
19318,644.577,P02,TEAM_A,18.102,6.589,0.0,,,False
19320,644.644,P03,TEAM_A,8.318,13.026,3.187,,,False
19327,644.878,P10,TEAM_B,6.082,7.326,0.0,,,False
19327,644.878,P12,TEAM_B,18.939,10.287,0.0,,,False
19330,644.978,P02,TEAM_A,17.937,6.435,0.0,,,False
19332,645.044,P03,TEAM_A,8.053,12.825,3.588,,,False
19339,645.278,P10,TEAM_B,6.54,7.638,2.657,,,False
19339,645.278,P12,TEAM_B,18.549,10.411,0.0,,,False
19342,645.378,P02,TEAM_A,17.766,6.248,0.0,,,False
19344,645.445,P03,TEAM_A,7.215,13.092,0.0,,,False
19351,645.678,P10,TEAM_B,6.438,7.877,0.0,,,False
19351,645.678,P12,TEAM_B,18.032,10.859,0.0,,,False
19354,645.778,P02,TEAM_A,17.388,5.863,0.0,,,False
19356,645.845,P03,TEAM_A,6.732,12.824,0.0,,,False
19363,646.079,P10,TEAM_B,6.323,7.99,0.0,,,False
19363,646.079,P12,TEAM_B,17.536,11.078,0.0,,,False
19366,646.179,P02,TEAM_A,17.103,5.215,0.0,,,False
19368,646.246,P03,TEAM_A,5.796,13.051,0.0,,,False
19375,646.479,P10,TEAM_B,6.172,8.307,0.0,,,False
19375,646.479,P12,TEAM_B,16.991,11.346,2.566,,,False
19378,646.579,P02,TEAM_A,16.652,4.822,0.0,,,False
19380,646.646,P03,TEAM_A,5.453,12.637,2.769,,,False
19387,646.88,P10,TEAM_B,5.89,8.616,0.0,,,False
19387,646.88,P12,TEAM_B,16.427,11.591,0.0,,,False
19390,646.98,P02,TEAM_A,16.611,4.383,2.572,,,False
19392,647.046,P03,TEAM_A,4.817,12.512,4.137,,,False
19399,647.28,P12,TEAM_B,15.654,11.878,0.0,,,False
19402,647.38,P02,TEAM_A,16.142,4.166,0.0,,,False
19404,647.447,P03,TEAM_A,4.376,12.302,2.485,,,False
19411,647.68,P12,TEAM_B,14.906,12.173,2.54,,,False
19414,647.78,P02,TEAM_A,15.876,4.063,0.0,,,False
19416,647.847,P03,TEAM_A,4.247,12.011,2.703,,,False
19424,648.114,P12,TEAM_B,13.939,12.292,0.0,,,False
19426,648.181,P02,TEAM_A,15.404,3.725,0.0,,,False
19428,648.248,P03,TEAM_A,3.648,11.841,0.0,,,False
19436,648.515,P12,TEAM_B,13.06,12.545,0.0,,,False
19438,648.581,P02,TEAM_A,14.457,3.619,0.0,,,False
19440,648.648,P03,TEAM_A,3.248,11.763,2.437,,,False
19448,648.915,P12,TEAM_B,12.483,12.75,3.193,,,False
19450,648.982,P02,TEAM_A,13.577,3.607,0.0,,,False
19452,649.048,P03,TEAM_A,2.868,11.389,0.0,,,False
19460,649.315,P12,TEAM_B,11.89,12.794,0.0,,,False
19462,649.382,P02,TEAM_A,12.74,3.611,2.738,,,False
19464,649.449,P03,TEAM_A,2.5,11.409,0.0,,,False
19472,649.716,P12,TEAM_B,11.263,12.923,0.0,,,False
19474,649.782,P02,TEAM_A,11.92,3.853,3.39,,,False
19476,649.849,P03,TEAM_A,2.568,11.263,0.0,,,False
19484,650.116,P12,TEAM_B,11.179,12.834,0.0,,,False
19486,650.183,P02,TEAM_A,11.209,4.224,0.0,,,False
19488,650.25,P03,TEAM_A,2.622,11.362,0.0,,,False
19496,650.517,P12,TEAM_B,11.418,13.255,0.0,,,False
19498,650.583,P02,TEAM_A,11.355,4.086,0.0,,,False
19500,650.65,P03,TEAM_A,2.626,11.707,0.0,,,False
19508,650.917,P12,TEAM_B,12.529,13.717,0.0,,,False
19510,650.984,P02,TEAM_A,11.97,3.645,5.891,,,False
19512,651.05,P03,TEAM_A,3.176,11.79,3.323,,,True
19520,651.317,P12,TEAM_B,13.414,13.566,4.115,,,False
19522,651.384,P02,TEAM_A,13.023,3.128,0.0,,,False
19525,651.484,P03,TEAM_A,3.718,12.341,0.0,,,True
19532,651.718,P12,TEAM_B,14.626,12.763,4.287,,,False
19534,651.784,P02,TEAM_A,14.744,2.322,0.0,,,False
19544,652.118,P12,TEAM_B,14.628,12.069,0.0,,,False
19546,652.185,P02,TEAM_A,16.153,2.023,0.0,,,False
19556,652.519,P12,TEAM_B,14.435,11.074,0.0,,,False
19558,652.585,P02,TEAM_A,17.316,2.604,5.349,17.316,2.604,False
19570,652.986,P02,TEAM_A,17.654,2.238,6.162,,,False
19587,653.553,P02,TEAM_A,18.163,1.915,0.0,,,False
19599,653.953,P02,TEAM_A,18.254,2.045,0.0,,,False
19599,653.953,P03,TEAM_A,5.027,10.472,0.0,,,True
19599,653.953,P12,TEAM_B,16.023,5.321,0.0,,,False
19611,654.354,P02,TEAM_A,18.783,1.897,2.688,,,False
19611,654.354,P03,TEAM_A,5.535,9.729,0.0,,,False
19623,654.754,P02,TEAM_A,20.353,2.196,4.913,,,False
19623,654.754,P03,TEAM_A,5.936,9.399,0.0,,,False
19635,655.154,P02,TEAM_A,22.511,1.948,4.596,,,False
19635,655.154,P03,TEAM_A,6.54,9.259,0.0,,,False
19647,655.555,P02,TEAM_A,25.637,2.261,8.454,,,False
19659,655.955,P02,TEAM_A,28.355,3.18,7.831,,,False
19671,656.356,P02,TEAM_A,30.918,4.847,7.683,,,False
19683,656.756,P02,TEAM_A,32.496,6.218,6.585,32.496,6.218,False
19695,657.157,P02,TEAM_A,33.56,7.846,2.598,,,False
19707,657.557,P02,TEAM_A,33.936,8.912,0.0,,,False
19719,657.957,P02,TEAM_A,34.178,9.143,0.0,,,False
19731,658.358,P02,TEAM_A,34.716,9.273,0.0,,,False
19743,658.758,P02,TEAM_A,34.775,9.334,0.0,,,False
19755,659.159,P02,TEAM_A,35.168,9.514,0.0,,,False
19767,659.559,P02,TEAM_A,35.283,9.594,0.0,,,False
19779,659.959,P02,TEAM_A,35.227,9.575,0.0,,,False
19791,660.36,P02,TEAM_A,35.22,9.593,0.0,,,True
19803,660.76,P02,TEAM_A,35.25,9.625,0.0,,,True
19815,661.16,P02,TEAM_A,35.146,9.568,0.0,,,True
19839,661.961,P02,TEAM_A,35.101,9.266,0.0,,,True
19851,662.362,P02,TEAM_A,34.866,9.127,0.0,,,False
19863,662.762,P02,TEAM_A,34.862,9.185,0.0,,,False
19869,662.962,P03,TEAM_A,25.967,10.261,2.788,,,False
19875,663.163,P02,TEAM_A,34.508,9.02,0.0,,,True
19881,663.363,P03,TEAM_A,26.724,10.541,2.7,,,False
19887,663.563,P02,TEAM_A,34.266,8.93,0.0,,,True
19893,663.763,P03,TEAM_A,27.308,10.645,0.0,,,False
19905,664.163,P03,TEAM_A,27.851,10.84,0.0,,,False
19917,664.564,P03,TEAM_A,28.282,11.068,0.0,,,False
19920,664.664,P02,TEAM_A,32.807,7.856,0.0,,,False
19929,664.964,P03,TEAM_A,28.374,11.167,0.0,,,False
19941,665.365,P03,TEAM_A,28.778,11.689,0.0,,,False
19943,665.431,P02,TEAM_A,32.976,8.534,0.0,,,True
19953,665.765,P03,TEAM_A,29.375,12.186,2.804,,,False
19955,665.832,P02,TEAM_A,32.967,8.582,0.0,,,True
19965,666.166,P03,TEAM_A,29.844,12.81,2.428,,,False
19967,666.232,P02,TEAM_A,32.785,8.655,0.0,,,True
19977,666.566,P03,TEAM_A,30.339,13.126,0.0,,,False
19979,666.633,P02,TEAM_A,32.651,8.661,0.0,,,True
19989,666.966,P03,TEAM_A,30.695,13.117,0.0,,,False
19991,667.033,P02,TEAM_A,32.641,8.673,0.0,,,True
20001,667.367,P03,TEAM_A,30.819,12.655,2.918,,,True
20003,667.433,P02,TEAM_A,32.707,8.723,0.0,,,True
20014,667.8,P03,TEAM_A,31.177,12.745,0.0,,,True
20015,667.834,P02,TEAM_A,32.603,8.655,0.0,,,True
20026,668.201,P03,TEAM_A,31.958,12.914,3.817,,,True
20027,668.234,P02,TEAM_A,32.509,8.576,0.0,,,False
20038,668.601,P03,TEAM_A,31.403,12.209,0.0,,,True
20039,668.635,P02,TEAM_A,32.425,8.518,0.0,,,False
20050,669.002,P03,TEAM_A,31.486,12.167,0.0,,,True
20051,669.035,P02,TEAM_A,32.575,8.624,0.0,,,False
20062,669.402,P03,TEAM_A,31.34,11.385,3.098,,,False
20063,669.435,P02,TEAM_A,32.729,8.628,0.0,,,False
20074,669.802,P03,TEAM_A,31.415,11.37,0.0,,,False
20075,669.836,P02,TEAM_A,32.621,8.699,0.0,,,True
20086,670.203,P03,TEAM_A,31.407,10.943,0.0,,,False
20087,670.236,P02,TEAM_A,32.531,8.483,0.0,,,True
20098,670.603,P03,TEAM_A,31.52,10.65,3.415,,,False
20099,670.637,P02,TEAM_A,32.635,8.515,0.0,,,True
20110,671.004,P03,TEAM_A,31.428,10.223,0.0,,,False
20111,671.037,P02,TEAM_A,32.692,8.542,0.0,,,True
20122,671.404,P03,TEAM_A,32.086,10.551,0.0,,,False
20123,671.437,P02,TEAM_A,32.618,8.439,0.0,,,False
20134,671.804,P03,TEAM_A,32.328,10.734,0.0,,,False
20135,671.838,P02,TEAM_A,32.948,8.538,0.0,,,False
20146,672.205,P03,TEAM_A,32.394,10.685,0.0,,,True
20147,672.238,P02,TEAM_A,32.985,8.383,0.0,,,False
20158,672.605,P03,TEAM_A,32.422,10.532,0.0,,,True
20159,672.639,P02,TEAM_A,32.938,8.311,0.0,,,False
20171,673.039,P02,TEAM_A,32.771,8.005,0.0,,,False
20172,673.072,P03,TEAM_A,32.611,10.516,0.0,,,True
20183,673.439,P02,TEAM_A,32.643,7.693,0.0,,,False
20184,673.473,P03,TEAM_A,32.703,10.321,0.0,,,False
20195,673.84,P02,TEAM_A,32.49,7.366,0.0,,,False
20196,673.873,P03,TEAM_A,32.469,9.774,0.0,,,False
20207,674.24,P02,TEAM_A,32.446,7.334,0.0,,,False
20208,674.274,P03,TEAM_A,32.498,9.152,0.0,,,False
20219,674.641,P02,TEAM_A,32.437,7.315,0.0,,,True
20220,674.674,P03,TEAM_A,32.619,8.802,0.0,,,True
20231,675.041,P02,TEAM_A,32.314,7.087,0.0,,,True
20232,675.074,P03,TEAM_A,32.49,8.212,0.0,,,True
20243,675.441,P02,TEAM_A,32.27,6.997,0.0,,,True
20244,675.475,P03,TEAM_A,32.361,7.718,0.0,,,True
20255,675.842,P02,TEAM_A,32.314,7.058,0.0,,,True
20256,675.875,P03,TEAM_A,32.344,7.648,0.0,,,True
20267,676.242,P02,TEAM_A,32.174,6.976,0.0,,,True
20268,676.276,P03,TEAM_A,32.246,7.529,0.0,,,True
20279,676.643,P02,TEAM_A,32.244,7.031,0.0,,,True
20280,676.676,P03,TEAM_A,32.167,7.45,0.0,,,True
20292,677.076,P02,TEAM_A,32.455,7.17,0.0,,,False
20292,677.076,P03,TEAM_A,32.086,7.432,0.0,,,False
20304,677.477,P03,TEAM_A,32.063,7.257,0.0,,,False
20316,677.877,P03,TEAM_A,32.311,7.479,0.0,,,True
20328,678.278,P03,TEAM_A,32.49,7.646,0.0,,,False
20340,678.678,P03,TEAM_A,32.499,7.509,0.0,,,False
20352,679.078,P03,TEAM_A,32.428,7.357,0.0,,,False
20364,679.479,P03,TEAM_A,32.758,7.47,0.0,,,False
20376,679.879,P03,TEAM_A,32.848,7.504,0.0,,,False
20388,680.28,P03,TEAM_A,32.885,7.613,0.0,,,False
20400,680.68,P03,TEAM_A,32.508,7.435,0.0,,,False
20412,681.08,P03,TEAM_A,32.108,7.26,0.0,,,False
20424,681.481,P03,TEAM_A,31.845,7.095,0.0,,,False
20436,681.881,P03,TEAM_A,31.637,6.954,0.0,,,False
20448,682.282,P03,TEAM_A,31.751,7.203,0.0,,,False
20460,682.682,P03,TEAM_A,31.624,7.049,0.0,,,False
20472,683.082,P03,TEAM_A,31.609,6.985,0.0,,,False
20484,683.483,P03,TEAM_A,31.45,6.822,0.0,,,False
20496,683.883,P03,TEAM_A,31.78,7.171,0.0,,,False
20508,684.284,P03,TEAM_A,32.008,7.324,0.0,,,False
20520,684.684,P03,TEAM_A,32.108,7.26,0.0,,,False
20532,685.084,P03,TEAM_A,31.904,6.887,0.0,,,False
20544,685.485,P03,TEAM_A,31.964,6.925,0.0,,,False
20556,685.885,P03,TEAM_A,31.973,6.942,0.0,,,False
20568,686.286,P03,TEAM_A,31.972,6.971,0.0,,,False
20580,686.686,P03,TEAM_A,31.964,6.953,0.0,,,False
20592,687.086,P03,TEAM_A,31.947,6.918,0.0,,,False
20604,687.487,P03,TEAM_A,31.938,6.929,0.0,,,False
20616,687.887,P03,TEAM_A,32.007,6.985,0.0,,,False
20628,688.288,P03,TEAM_A,32.077,7.012,0.0,,,False
20640,688.688,P03,TEAM_A,32.095,6.989,0.0,,,False
20652,689.088,P03,TEAM_A,32.078,6.954,0.0,,,False
20664,689.489,P03,TEAM_A,32.323,7.076,0.0,,,False
20676,689.889,P03,TEAM_A,32.455,7.2,0.0,,,False
20688,690.29,P03,TEAM_A,32.688,7.537,0.0,,,False
20700,690.69,P03,TEAM_A,32.679,7.517,0.0,,,False
20712,691.09,P03,TEAM_A,32.724,7.582,0.0,,,False
20724,691.491,P03,TEAM_A,32.76,7.66,0.0,,,False
20736,691.891,P03,TEAM_A,32.77,7.68,0.0,,,False
20748,692.292,P03,TEAM_A,32.724,7.582,0.0,,,False
20760,692.692,P03,TEAM_A,32.697,7.556,0.0,,,False
20772,693.092,P03,TEAM_A,32.86,7.683,0.0,,,False
20784,693.493,P03,TEAM_A,32.98,7.877,0.0,,,False
20796,693.893,P03,TEAM_A,33.361,8.248,2.649,,,False
20808,694.294,P03,TEAM_A,33.845,8.546,0.0,,,False
20820,694.694,P03,TEAM_A,34.016,8.684,0.0,,,False
20832,695.094,P03,TEAM_A,34.02,8.594,0.0,,,False
20844,695.495,P03,TEAM_A,34.199,8.587,0.0,,,False
20856,695.895,P03,TEAM_A,34.178,8.542,0.0,,,False
20868,696.296,P03,TEAM_A,34.236,8.6,0.0,,,False
20880,696.696,P03,TEAM_A,34.246,8.622,0.0,,,False
20892,697.096,P03,TEAM_A,34.225,8.578,0.0,,,False
20904,697.497,P03,TEAM_A,34.233,8.562,0.0,,,False
20916,697.897,P03,TEAM_A,34.233,8.562,0.0,,,False
20928,698.298,P03,TEAM_A,34.315,8.702,0.0,,,False
20940,698.698,P03,TEAM_A,34.481,8.667,0.0,,,False
20952,699.098,P03,TEAM_A,34.364,8.293,0.0,,,False
20965,699.532,P03,TEAM_A,34.439,8.044,0.0,,,False
20977,699.933,P03,TEAM_A,34.79,7.868,0.0,,,False
20989,700.333,P03,TEAM_A,34.718,7.581,0.0,,,False
21001,700.733,P03,TEAM_A,34.8,7.564,0.0,,,False
21013,701.134,P03,TEAM_A,34.79,7.544,0.0,,,False
21025,701.534,P03,TEAM_A,34.563,7.146,0.0,,,False
21037,701.935,P03,TEAM_A,34.82,7.146,0.0,,,False
21049,702.335,P03,TEAM_A,34.832,7.253,0.0,,,False
21061,702.735,P03,TEAM_A,34.833,7.482,0.0,,,False
21073,703.136,P03,TEAM_A,34.856,7.612,0.0,,,True
21085,703.536,P03,TEAM_A,34.959,7.635,0.0,,,False
21097,703.937,P03,TEAM_A,35.064,7.603,0.0,,,False
21109,704.337,P03,TEAM_A,35.316,7.765,0.0,,,False
21121,704.737,P03,TEAM_A,35.334,7.768,0.0,,,False
21133,705.138,P03,TEAM_A,35.316,7.765,0.0,,,False
21145,705.538,P03,TEAM_A,35.366,7.831,0.0,,,False
21157,705.939,P03,TEAM_A,35.312,7.726,0.0,,,False
21169,706.339,P03,TEAM_A,35.217,7.634,0.0,,,False
21181,706.739,P03,TEAM_A,35.284,7.703,0.0,,,False
21194,707.173,P03,TEAM_A,35.267,7.699,0.0,,,False
21206,707.574,P03,TEAM_A,35.261,7.717,0.0,,,False
21218,707.974,P03,TEAM_A,35.25,7.696,0.0,,,False
21230,708.374,P03,TEAM_A,35.216,7.689,0.0,,,False
21242,708.775,P03,TEAM_A,35.194,7.648,0.0,,,False
21254,709.175,P03,TEAM_A,35.222,7.672,0.0,,,False
21266,709.576,P03,TEAM_A,35.222,7.672,0.0,,,False
21278,709.976,P03,TEAM_A,35.205,7.668,0.0,,,False
21293,710.476,P03,TEAM_A,35.16,7.641,0.0,,,False
21296,710.577,P10,TEAM_B,22.63,3.853,2.933,,,False
21305,710.877,P03,TEAM_A,35.177,7.644,0.0,,,False
21308,710.977,P10,TEAM_B,22.135,4.769,2.707,,,False
21317,711.277,P03,TEAM_A,35.182,7.682,0.0,,,False
21320,711.377,P10,TEAM_B,21.804,5.892,2.816,,,False
21329,711.678,P03,TEAM_A,35.177,7.644,0.0,,,False
21332,711.778,P10,TEAM_B,21.601,7.017,2.75,,,False
21341,712.078,P03,TEAM_A,35.199,7.685,0.0,,,False
21344,712.178,P10,TEAM_B,21.513,8.245,3.332,,,False
21354,712.512,P03,TEAM_A,35.199,7.685,0.0,,,False
21356,712.579,P10,TEAM_B,21.59,9.529,3.469,,,False
21366,712.912,P03,TEAM_A,35.175,7.699,0.0,,,False
21368,712.979,P10,TEAM_B,21.692,10.487,2.738,,,False
21378,713.313,P03,TEAM_A,35.285,7.852,0.0,,,False
21380,713.379,P10,TEAM_B,21.839,11.309,2.474,,,False
21390,713.713,P03,TEAM_A,35.094,7.719,0.0,,,False
21392,713.78,P10,TEAM_B,21.895,11.773,2.733,,,False
21402,714.113,P03,TEAM_A,35.021,7.522,0.0,,,False
21404,714.18,P10,TEAM_B,21.926,12.268,0.0,,,False
21414,714.514,P03,TEAM_A,34.534,6.953,0.0,,,False
21416,714.581,P10,TEAM_B,21.776,12.622,0.0,,,False
21426,714.914,P03,TEAM_A,33.243,5.943,5.836,,,False
21428,714.981,P10,TEAM_B,20.916,13.293,3.507,,,False
21438,715.315,P03,TEAM_A,31.02,4.796,5.842,,,False
21440,715.381,P10,TEAM_B,19.685,13.681,5.482,,,False
21450,715.715,P03,TEAM_A,28.283,3.455,5.38,,,False
21452,715.782,P10,TEAM_B,18.088,13.672,4.165,,,False
21462,716.115,P03,TEAM_A,24.559,2.505,0.0,,,False
21464,716.182,P10,TEAM_B,16.204,13.895,4.932,,,False
21474,716.516,P03,TEAM_A,21.398,2.67,7.411,,,False
21476,716.583,P10,TEAM_B,14.349,13.719,4.704,,,False
21486,716.916,P03,TEAM_A,18.466,2.033,7.017,,,False
21488,716.983,P10,TEAM_B,12.816,13.214,4.911,,,False
21498,717.317,P03,TEAM_A,15.542,1.837,0.0,,,False
21500,717.383,P10,TEAM_B,12.145,12.678,4.578,,,False
21510,717.717,P03,TEAM_A,11.647,2.212,0.0,,,False
21512,717.784,P10,TEAM_B,11.456,11.104,4.423,,,False
21522,718.117,P03,TEAM_A,7.571,2.679,0.0,,,False
21534,718.518,P03,TEAM_A,4.531,3.221,0.0,,,False
21546,718.918,P03,TEAM_A,2.443,4.406,0.0,,,False
21558,719.319,P03,TEAM_A,1.143,6.491,5.061,,,False
21579,720.019,P03,TEAM_A,19.732,9.433,0.0,,,False
21585,720.22,P01,TEAM_A,3.233,11.087,0.0,,,False
21586,720.253,P02,TEAM_A,0.699,13.632,5.639,,,False
21591,720.42,P03,TEAM_A,18.733,10.147,3.784,,,False
21597,720.62,P01,TEAM_A,3.079,12.326,4.028,,,False
21598,720.653,P02,TEAM_A,0.581,13.893,3.267,,,False
21603,720.82,P03,TEAM_A,18.355,10.823,0.0,,,False
21609,721.02,P01,TEAM_A,3.753,14.365,4.938,,,True
21610,721.054,P02,TEAM_A,1.415,14.242,2.709,,,False
21615,721.221,P03,TEAM_A,18.84,11.574,0.0,,,False
21622,721.454,P02,TEAM_A,2.2,13.82,0.0,,,False
21623,721.487,P01,TEAM_A,5.842,15.939,0.0,,,False
21627,721.621,P03,TEAM_A,19.73,11.659,0.0,,,False
21634,721.854,P02,TEAM_A,3.556,12.469,8.053,,,False
21635,721.888,P01,TEAM_A,8.289,15.576,5.825,,,False
21639,722.021,P03,TEAM_A,20.862,11.653,3.363,,,False
21646,722.255,P02,TEAM_A,5.381,11.445,6.808,,,True
21647,722.288,P01,TEAM_A,10.188,15.471,7.766,,,False
21651,722.422,P03,TEAM_A,21.68,11.762,0.0,,,False
21658,722.655,P02,TEAM_A,7.234,10.172,5.822,,,False
21659,722.689,P01,TEAM_A,11.302,15.692,4.295,,,False
21663,722.822,P03,TEAM_A,22.184,11.984,0.0,,,False
21670,723.056,P02,TEAM_A,9.171,9.367,7.133,,,False
21671,723.089,P01,TEAM_A,11.805,15.983,0.0,,,False
21675,723.222,P03,TEAM_A,22.648,11.922,0.0,,,False
21682,723.456,P02,TEAM_A,11.125,8.144,7.632,,,False
21683,723.489,P01,TEAM_A,12.217,16.529,0.0,,,False
21687,723.623,P03,TEAM_A,23.03,11.768,0.0,,,False
21694,723.856,P02,TEAM_A,12.576,7.322,0.0,,,False
21695,723.89,P01,TEAM_A,12.118,16.814,0.0,12.118,16.814,False
21706,724.257,P02,TEAM_A,14.177,6.606,0.0,,,False
21707,724.29,P01,TEAM_A,12.433,16.862,0.0,,,True
21718,724.657,P02,TEAM_A,15.185,5.859,4.265,,,False
21719,724.691,P01,TEAM_A,13.378,16.891,2.946,,,False
21730,725.058,P02,TEAM_A,15.782,5.651,0.0,,,False
21731,725.091,P01,TEAM_A,14.355,16.813,4.108,,,False
21742,725.458,P02,TEAM_A,16.036,5.382,0.0,,,False
21743,725.491,P01,TEAM_A,15.142,16.812,0.0,,,False
21754,725.858,P02,TEAM_A,16.368,5.122,0.0,,,False
21755,725.892,P01,TEAM_A,15.678,16.85,0.0,,,False
21766,726.259,P02,TEAM_A,16.592,5.028,0.0,,,False
21767,726.292,P01,TEAM_A,16.016,16.827,0.0,,,False
21779,726.693,P02,TEAM_A,16.914,4.928,0.0,,,False
21780,726.726,P01,TEAM_A,16.206,16.803,0.0,16.206,16.803,False
21791,727.093,P02,TEAM_A,17.065,4.904,0.0,,,True
21792,727.126,P01,TEAM_A,16.488,16.601,0.0,,,False
21803,727.493,P02,TEAM_A,17.323,4.619,0.0,,,False
21804,727.527,P01,TEAM_A,16.683,16.338,0.0,16.683,16.338,False
21816,727.927,P01,TEAM_A,16.748,16.13,0.0,,,False
21816,727.927,P02,TEAM_A,17.513,4.638,0.0,,,False
21828,728.328,P01,TEAM_A,16.776,16.012,0.0,,,False
21828,728.328,P02,TEAM_A,17.624,4.577,0.0,,,False
21840,728.728,P01,TEAM_A,16.986,15.872,0.0,,,False
21840,728.728,P02,TEAM_A,17.699,4.307,0.0,,,False
21852,729.128,P01,TEAM_A,17.028,15.904,0.0,,,False
21852,729.128,P02,TEAM_A,17.499,4.203,0.0,,,False
21864,729.529,P01,TEAM_A,17.05,15.876,0.0,,,False
21864,729.529,P02,TEAM_A,17.245,4.184,0.0,,,False
21876,729.929,P01,TEAM_A,16.97,15.871,0.0,,,False
21876,729.929,P02,TEAM_A,16.921,4.287,0.0,,,False
21888,730.33,P01,TEAM_A,16.959,15.781,0.0,,,False
21888,730.33,P02,TEAM_A,16.561,4.325,0.0,,,False
21900,730.73,P01,TEAM_A,17.004,15.724,0.0,,,False
21900,730.73,P02,TEAM_A,16.51,4.324,0.0,,,False
21912,731.13,P01,TEAM_A,16.959,15.781,0.0,,,False
21912,731.13,P02,TEAM_A,16.491,4.474,0.0,,,False
21924,731.531,P01,TEAM_A,17.16,15.673,0.0,,,False
21924,731.531,P02,TEAM_A,16.48,4.592,0.0,,,False
21936,731.931,P01,TEAM_A,17.517,15.813,0.0,,,False
21936,731.931,P02,TEAM_A,16.64,4.367,0.0,,,False
21948,732.332,P01,TEAM_A,17.874,15.809,0.0,,,False
21948,732.332,P02,TEAM_A,16.822,4.365,0.0,,,False
21960,732.732,P01,TEAM_A,18.458,15.801,0.0,,,False
21960,732.732,P02,TEAM_A,17.102,4.2,0.0,,,False
21972,733.132,P01,TEAM_A,19.017,15.832,0.0,,,False
21972,733.132,P02,TEAM_A,17.263,3.87,0.0,,,False
21984,733.533,P01,TEAM_A,19.592,15.728,0.0,,,False
21984,733.533,P02,TEAM_A,16.996,3.798,0.0,,,False
21996,733.933,P01,TEAM_A,20.118,15.81,0.0,,,False
21996,733.933,P02,TEAM_A,17.122,3.831,0.0,,,False
22008,734.334,P01,TEAM_A,20.791,15.657,0.0,,,False
22008,734.334,P02,TEAM_A,17.198,3.832,0.0,,,False
22020,734.734,P01,TEAM_A,21.319,15.698,0.0,,,False
22020,734.734,P02,TEAM_A,17.289,3.539,0.0,,,False
22032,735.134,P01,TEAM_A,21.702,15.631,0.0,,,False
22032,735.134,P02,TEAM_A,17.124,3.466,0.0,,,False
22044,735.535,P01,TEAM_A,21.993,15.844,0.0,,,False
22044,735.535,P02,TEAM_A,17.371,3.524,0.0,,,False
22056,735.935,P01,TEAM_A,22.19,16.245,0.0,,,False
22056,735.935,P02,TEAM_A,17.676,3.547,0.0,,,False
22068,736.336,P01,TEAM_A,22.294,16.508,0.0,,,False
22068,736.336,P02,TEAM_A,17.826,3.565,0.0,,,False
22080,736.736,P01,TEAM_A,22.356,16.761,0.0,,,False
22080,736.736,P02,TEAM_A,17.981,3.624,0.0,,,False
22083,736.836,P10,TEAM_B,11.927,0.533,0.0,,,False
22092,737.136,P01,TEAM_A,22.466,17.237,0.0,,,False
22092,737.136,P02,TEAM_A,18.107,3.628,0.0,,,False
22095,737.236,P10,TEAM_B,12.12,0.384,0.0,,,False
22104,737.537,P01,TEAM_A,22.495,17.545,0.0,,,False
22104,737.537,P02,TEAM_A,18.275,3.537,0.0,,,False
22107,737.637,P10,TEAM_B,12.748,0.403,0.0,,,False
22116,737.937,P01,TEAM_A,22.799,17.527,0.0,,,False
22116,737.937,P02,TEAM_A,18.382,3.52,0.0,,,False
22119,738.037,P10,TEAM_B,13.427,0.319,0.0,,,False
22128,738.338,P01,TEAM_A,23.165,17.439,0.0,,,False
22128,738.338,P02,TEAM_A,18.59,3.601,0.0,,,False
22131,738.438,P10,TEAM_B,13.943,0.418,0.0,,,False
22140,738.738,P01,TEAM_A,23.558,17.246,0.0,,,False
22140,738.738,P02,TEAM_A,18.779,3.466,0.0,,,False
22143,738.838,P10,TEAM_B,14.741,0.578,0.0,,,False
22152,739.138,P01,TEAM_A,23.766,17.333,0.0,,,False
22152,739.138,P02,TEAM_A,19.03,3.328,0.0,,,False
22155,739.239,P10,TEAM_B,15.492,0.728,4.087,,,False
22164,739.539,P01,TEAM_A,23.915,17.494,0.0,,,False
22164,739.539,P02,TEAM_A,19.323,3.452,0.0,,,False
22167,739.639,P10,TEAM_B,16.206,0.892,4.542,,,False
22176,739.939,P01,TEAM_A,23.991,17.308,0.0,,,False
22176,739.939,P02,TEAM_A,19.573,3.468,0.0,,,False
22179,740.039,P10,TEAM_B,16.78,1.026,4.842,,,False
22188,740.34,P01,TEAM_A,23.901,17.371,0.0,,,False
22188,740.34,P02,TEAM_A,19.986,3.566,0.0,,,False
22191,740.44,P10,TEAM_B,17.244,1.149,2.511,,,False
22200,740.74,P01,TEAM_A,23.455,17.218,0.0,,,False
22200,740.74,P02,TEAM_A,20.424,3.604,0.0,,,False
22203,740.84,P10,TEAM_B,17.846,1.292,0.0,,,False
22212,741.14,P01,TEAM_A,23.047,17.349,0.0,,,False
22212,741.14,P02,TEAM_A,20.765,3.654,0.0,,,False
22215,741.24,P10,TEAM_B,18.096,1.439,7.021,,,False
22224,741.541,P01,TEAM_A,22.551,17.347,0.0,,,False
22224,741.541,P02,TEAM_A,21.141,3.619,0.0,,,False
22227,741.641,P10,TEAM_B,18.677,1.628,0.0,,,False
22236,741.941,P01,TEAM_A,21.935,17.268,0.0,,,False
22236,741.941,P02,TEAM_A,21.595,3.6,0.0,,,False
22239,742.041,P10,TEAM_B,18.995,1.785,0.0,,,False
22248,742.342,P01,TEAM_A,21.322,17.266,0.0,,,False
22248,742.342,P02,TEAM_A,21.853,3.55,0.0,,,False
22251,742.442,P10,TEAM_B,19.298,1.984,0.0,,,False
22260,742.742,P01,TEAM_A,20.635,17.262,0.0,,,False
22260,742.742,P02,TEAM_A,22.045,3.665,0.0,,,False
22263,742.842,P10,TEAM_B,19.492,1.956,0.0,,,False
22272,743.142,P01,TEAM_A,20.046,17.349,0.0,,,False
22272,743.142,P02,TEAM_A,22.159,3.603,0.0,,,False
22275,743.243,P10,TEAM_B,19.525,1.684,0.0,,,False
22284,743.543,P01,TEAM_A,19.412,17.408,0.0,,,False
22284,743.543,P02,TEAM_A,22.204,3.638,0.0,,,False
22287,743.643,P10,TEAM_B,19.227,1.511,0.0,,,False
22296,743.943,P01,TEAM_A,18.812,17.392,0.0,,,False
22296,743.943,P02,TEAM_A,22.138,3.638,0.0,,,False
22299,744.043,P10,TEAM_B,18.875,1.395,0.0,,,False
22308,744.344,P01,TEAM_A,18.641,17.403,0.0,,,False
22308,744.344,P02,TEAM_A,21.706,3.598,0.0,,,False
22312,744.477,P10,TEAM_B,18.383,1.181,0.0,,,False
22320,744.744,P01,TEAM_A,18.686,17.439,0.0,,,False
22320,744.744,P02,TEAM_A,21.34,3.651,0.0,,,False
22324,744.877,P10,TEAM_B,18.25,1.132,0.0,,,False
22332,745.144,P01,TEAM_A,18.706,17.318,0.0,,,False
22332,745.144,P02,TEAM_A,20.854,3.681,0.0,,,False
22336,745.278,P10,TEAM_B,17.645,1.131,0.0,,,False
22344,745.545,P01,TEAM_A,18.602,17.337,0.0,,,False
22344,745.545,P02,TEAM_A,20.318,3.478,0.0,,,False
22348,745.678,P10,TEAM_B,17.022,1.065,2.95,,,False
22356,745.945,P01,TEAM_A,18.348,17.341,0.0,,,False
22356,745.945,P02,TEAM_A,19.815,3.342,0.0,,,False
22360,746.079,P10,TEAM_B,16.428,1.066,3.977,,,False
22368,746.346,P01,TEAM_A,17.893,17.237,0.0,,,False
22368,746.346,P02,TEAM_A,19.337,3.119,0.0,,,False
22372,746.479,P10,TEAM_B,15.847,1.182,2.629,,,False
22380,746.746,P01,TEAM_A,17.418,17.322,0.0,,,False
22380,746.746,P02,TEAM_A,18.868,2.916,0.0,,,False
22384,746.879,P10,TEAM_B,15.108,1.138,0.0,,,False
22392,747.146,P01,TEAM_A,16.959,17.477,0.0,,,False
22392,747.146,P02,TEAM_A,18.334,2.772,0.0,,,False
22396,747.28,P10,TEAM_B,14.331,1.28,0.0,,,False
22404,747.547,P01,TEAM_A,16.402,17.45,0.0,,,False
22404,747.547,P02,TEAM_A,17.69,2.703,0.0,,,False
22408,747.68,P10,TEAM_B,13.41,1.274,0.0,,,False
22416,747.947,P01,TEAM_A,15.78,17.553,0.0,,,False
22416,747.947,P02,TEAM_A,17.472,2.671,0.0,,,False
22420,748.081,P10,TEAM_B,12.602,1.366,0.0,,,False
22428,748.348,P01,TEAM_A,15.281,17.515,0.0,,,False
22428,748.348,P02,TEAM_A,16.937,2.771,0.0,,,False
22432,748.481,P10,TEAM_B,12.124,1.339,3.461,,,False
22440,748.748,P01,TEAM_A,14.716,17.482,0.0,,,False
22440,748.748,P02,TEAM_A,16.617,2.914,0.0,,,False
22444,748.881,P10,TEAM_B,11.551,1.312,0.0,,,False
22452,749.148,P01,TEAM_A,14.405,17.454,0.0,,,False
22452,749.148,P02,TEAM_A,16.433,2.94,2.561,,,False
22456,749.282,P10,TEAM_B,10.806,1.192,0.0,,,False
22464,749.549,P02,TEAM_A,15.384,2.863,0.0,,,False
22465,749.582,P01,TEAM_A,14.216,17.364,0.0,,,False
22468,749.682,P10,TEAM_B,10.249,1.72,0.0,,,False
22476,749.949,P02,TEAM_A,14.556,2.75,0.0,,,False
22477,749.983,P01,TEAM_A,13.916,17.369,0.0,,,False
22480,750.083,P10,TEAM_B,10.121,1.646,0.0,,,False
22488,750.35,P02,TEAM_A,13.787,2.693,0.0,,,False
22489,750.383,P01,TEAM_A,13.503,17.472,0.0,,,False
22492,750.483,P10,TEAM_B,9.219,2.297,2.508,,,False
22500,750.75,P02,TEAM_A,13.565,2.934,0.0,,,False
22501,750.783,P01,TEAM_A,13.454,17.473,0.0,,,False
22504,750.883,P10,TEAM_B,9.939,2.558,0.0,,,False
22512,751.15,P02,TEAM_A,13.644,2.925,0.0,,,False
22513,751.184,P01,TEAM_A,13.617,17.376,0.0,,,False
22516,751.284,P10,TEAM_B,10.157,2.725,0.0,,,False
22524,751.551,P02,TEAM_A,13.656,3.062,0.0,,,False
22525,751.584,P01,TEAM_A,14.148,17.212,0.0,,,False
22528,751.684,P10,TEAM_B,10.461,2.794,0.0,,,False
22536,751.951,P02,TEAM_A,14.131,3.06,0.0,,,False
22537,751.985,P01,TEAM_A,14.576,17.33,0.0,,,False
22540,752.085,P10,TEAM_B,10.662,2.765,0.0,,,False
22548,752.352,P02,TEAM_A,13.971,3.281,0.0,,,False
22549,752.385,P01,TEAM_A,15.372,17.179,0.0,,,False
22552,752.485,P10,TEAM_B,10.9,2.811,0.0,,,False
22560,752.752,P02,TEAM_A,14.071,3.244,0.0,,,False
22561,752.785,P01,TEAM_A,16.214,17.107,0.0,,,False
22564,752.885,P10,TEAM_B,10.456,3.047,0.0,,,False
22572,753.152,P02,TEAM_A,13.827,3.69,0.0,,,False
22573,753.186,P01,TEAM_A,16.962,17.079,0.0,,,False
22576,753.286,P10,TEAM_B,10.558,3.277,0.0,,,False
22584,753.553,P02,TEAM_A,13.922,3.658,0.0,,,False
22585,753.586,P01,TEAM_A,17.58,17.028,0.0,,,False
22588,753.686,P10,TEAM_B,11.109,3.455,0.0,,,False
22596,753.953,P02,TEAM_A,13.783,3.925,0.0,,,False
22597,753.987,P01,TEAM_A,18.022,17.095,0.0,,,False
22600,754.087,P10,TEAM_B,10.28,4.009,2.984,10.28,4.009,False
22608,754.354,P02,TEAM_A,13.572,4.231,0.0,,,False
22609,754.387,P01,TEAM_A,18.391,17.1,0.0,,,False
22612,754.487,P10,TEAM_B,9.828,4.213,0.0,9.828,4.213,False
22620,754.754,P02,TEAM_A,13.392,4.293,0.0,,,False
22621,754.787,P01,TEAM_A,18.577,16.997,0.0,,,False
22624,754.887,P10,TEAM_B,9.077,4.378,0.0,9.077,4.378,False
22632,755.154,P02,TEAM_A,12.981,4.544,0.0,,,False
22633,755.188,P01,TEAM_A,18.612,17.185,0.0,,,False
22636,755.288,P10,TEAM_B,8.884,4.806,0.0,,,False
22644,755.555,P02,TEAM_A,12.622,4.608,0.0,,,False
22645,755.588,P01,TEAM_A,18.694,17.194,0.0,,,False
22648,755.688,P10,TEAM_B,8.334,5.025,4.389,,,False
22656,755.955,P02,TEAM_A,12.318,4.838,0.0,,,False
22657,755.989,P01,TEAM_A,18.941,17.223,0.0,,,False
22660,756.089,P10,TEAM_B,7.552,5.891,0.0,7.552,5.891,False
22668,756.356,P02,TEAM_A,12.323,4.766,0.0,,,False
22669,756.389,P01,TEAM_A,19.675,17.077,2.665,,,False
22672,756.489,P10,TEAM_B,7.245,7.376,7.144,,,False
22680,756.756,P02,TEAM_A,11.688,4.871,0.0,,,False
22681,756.789,P01,TEAM_A,20.808,16.683,0.0,,,True
22684,756.889,P10,TEAM_B,6.78,9.384,6.113,,,False
22692,757.156,P02,TEAM_A,10.963,5.264,0.0,10.963,5.264,False
22693,757.19,P01,TEAM_A,22.087,16.52,2.73,,,False
22696,757.29,P10,TEAM_B,6.955,11.15,5.578,,,False
22704,757.557,P02,TEAM_A,10.545,5.355,0.0,,,False
22705,757.59,P01,TEAM_A,23.396,16.143,4.63,,,True
22708,757.69,P10,TEAM_B,7.391,13.225,5.149,,,False
22716,757.957,P02,TEAM_A,10.1,5.661,0.0,,,False
22717,757.991,P01,TEAM_A,24.642,15.996,2.631,,,False
22720,758.091,P10,TEAM_B,8.098,14.95,3.737,,,False
22728,758.358,P02,TEAM_A,10.142,5.772,0.0,,,False
22729,758.391,P01,TEAM_A,25.586,15.906,0.0,,,False
22732,758.491,P10,TEAM_B,8.312,16.563,2.591,,,False
22740,758.758,P02,TEAM_A,10.129,5.935,0.0,,,False
22741,758.791,P01,TEAM_A,25.733,15.008,0.0,,,False
22741,758.791,P11,TEAM_B,22.612,15.847,6.365,,,False
22744,758.891,P10,TEAM_B,8.419,17.968,3.127,,,False
22752,759.158,P02,TEAM_A,10.606,5.936,3.803,10.606,5.936,False
22753,759.192,P01,TEAM_A,24.828,14.333,5.907,,,False
22753,759.192,P11,TEAM_B,20.712,14.401,6.095,,,False
22757,759.325,P10,TEAM_B,8.662,19.134,0.0,,,False
22764,759.559,P02,TEAM_A,10.52,6.257,0.0,,,False
22765,759.592,P01,TEAM_A,23.417,13.443,5.678,,,False
22765,759.592,P11,TEAM_B,18.408,12.89,7.741,,,False
22769,759.726,P10,TEAM_B,9.4,19.581,0.0,,,False
22776,759.959,P02,TEAM_A,10.877,6.224,0.0,,,False
22777,759.993,P01,TEAM_A,21.94,12.169,8.224,,,False
22777,759.993,P11,TEAM_B,17.234,11.112,4.947,,,False
22783,760.193,P10,TEAM_B,9.759,20.0,0.0,,,False
22788,760.36,P02,TEAM_A,11.262,6.2,0.0,,,False
22789,760.393,P01,TEAM_A,20.894,10.566,0.0,,,False
22789,760.393,P11,TEAM_B,17.644,9.384,4.59,,,False
22796,760.627,P10,TEAM_B,10.82,19.984,0.0,,,False
22800,760.76,P02,TEAM_A,11.472,5.979,0.0,,,False
22801,760.793,P01,TEAM_A,21.262,9.28,4.138,,,False
22801,760.793,P11,TEAM_B,18.942,7.723,8.052,,,False
22808,761.027,P10,TEAM_B,12.004,19.786,2.886,12.004,19.786,False
22812,761.16,P02,TEAM_A,12.026,5.91,0.0,,,False
22813,761.194,P01,TEAM_A,22.285,8.149,6.164,,,False
22813,761.194,P11,TEAM_B,20.78,6.358,5.132,,,False
22820,761.427,P10,TEAM_B,13.198,19.685,2.509,,,False
22824,761.561,P02,TEAM_A,13.065,5.871,4.019,,,False
22825,761.594,P01,TEAM_A,23.449,6.9,8.035,,,False
22825,761.594,P11,TEAM_B,22.486,4.363,0.0,,,False
22832,761.828,P10,TEAM_B,13.893,19.88,0.0,,,False
22836,761.961,P02,TEAM_A,13.717,5.59,0.0,13.717,5.59,False
22837,761.995,P01,TEAM_A,24.227,4.957,0.0,,,False
22837,761.995,P11,TEAM_B,23.561,2.256,6.393,,,False
22844,762.228,P10,TEAM_B,14.383,19.465,0.0,,,False
22848,762.362,P02,TEAM_A,13.785,5.855,0.0,,,False
22849,762.395,P01,TEAM_A,24.631,4.13,0.0,,,False
22849,762.395,P11,TEAM_B,24.026,1.387,0.0,,,False
22856,762.629,P10,TEAM_B,13.747,19.323,0.0,13.747,19.323,False
22860,762.762,P02,TEAM_A,13.896,6.061,0.0,,,False
22861,762.795,P01,TEAM_A,24.818,4.013,0.0,,,False
22861,762.795,P11,TEAM_B,23.794,1.112,0.0,,,False
22868,763.029,P10,TEAM_B,12.818,18.676,2.884,,,False
22872,763.162,P02,TEAM_A,14.236,6.204,4.67,,,False
22873,763.196,P01,TEAM_A,24.898,5.152,4.566,,,False
22873,763.196,P11,TEAM_B,23.075,1.981,3.44,,,False
22880,763.429,P10,TEAM_B,11.925,17.856,0.0,,,False
22884,763.563,P02,TEAM_A,14.167,7.355,3.39,14.167,7.355,False
22885,763.596,P01,TEAM_A,24.802,7.085,7.547,,,False
22885,763.596,P11,TEAM_B,22.408,3.182,4.629,,,False
22892,763.83,P10,TEAM_B,11.783,17.05,2.458,,,False
22896,763.963,P02,TEAM_A,13.783,7.56,0.0,,,True
22897,763.997,P01,TEAM_A,24.479,9.256,3.445,,,False
22897,763.997,P11,TEAM_B,21.788,4.474,0.0,,,False
22904,764.23,P10,TEAM_B,12.589,16.422,3.652,,,False
22908,764.364,P02,TEAM_A,13.88,7.196,0.0,,,True
22909,764.397,P01,TEAM_A,23.935,12.067,7.747,,,False
22909,764.397,P11,TEAM_B,21.006,6.403,6.565,,,False
22916,764.631,P10,TEAM_B,14.176,16.177,4.132,,,False
22920,764.764,P02,TEAM_A,14.557,6.048,2.478,,,False
22921,764.797,P01,TEAM_A,23.315,14.722,4.728,,,False
22921,764.797,P11,TEAM_B,19.303,7.656,5.557,,,False
22928,765.031,P10,TEAM_B,16.507,15.465,5.866,,,True
22932,765.164,P02,TEAM_A,15.516,5.248,3.45,,,False
22933,765.198,P01,TEAM_A,22.586,16.193,2.493,,,False
22933,765.198,P11,TEAM_B,17.736,8.917,5.034,,,False
22940,765.431,P10,TEAM_B,17.663,14.587,0.0,,,True
22944,765.565,P02,TEAM_A,16.559,4.66,3.486,,,False
22945,765.598,P01,TEAM_A,21.656,17.514,2.742,,,False
22945,765.598,P11,TEAM_B,16.192,10.822,7.963,,,False
22952,765.832,P10,TEAM_B,16.871,14.749,2.728,,,False
22956,765.965,P02,TEAM_A,18.157,4.536,5.651,,,False
22957,765.999,P01,TEAM_A,20.182,18.172,5.171,,,False
22957,765.999,P11,TEAM_B,14.747,12.995,7.225,,,False
22964,766.232,P10,TEAM_B,15.295,15.464,4.88,,,False
22968,766.366,P02,TEAM_A,19.587,4.771,2.93,,,False
22969,766.399,P01,TEAM_A,18.597,18.545,6.213,,,False
22969,766.399,P11,TEAM_B,13.559,14.403,4.769,,,False
22976,766.633,P10,TEAM_B,14.24,16.419,0.0,,,False
22980,766.766,P02,TEAM_A,20.682,4.961,2.869,,,False
22981,766.799,P01,TEAM_A,17.413,18.87,2.661,,,False
22981,766.799,P11,TEAM_B,12.97,14.758,0.0,,,False
22988,767.033,P10,TEAM_B,14.071,16.938,2.399,,,False
22992,767.166,P02,TEAM_A,21.07,4.805,0.0,,,False
22993,767.2,P01,TEAM_A,16.325,19.056,3.681,,,False
22993,767.2,P11,TEAM_B,12.607,14.42,0.0,,,False
23004,767.567,P02,TEAM_A,21.316,4.322,0.0,,,False
23005,767.6,P01,TEAM_A,15.219,19.277,3.932,,,False
23005,767.6,P11,TEAM_B,12.127,14.233,0.0,,,False
23016,767.967,P02,TEAM_A,21.518,4.101,0.0,,,False
23017,768.001,P01,TEAM_A,14.186,19.468,2.786,,,False
23017,768.001,P11,TEAM_B,11.897,14.296,0.0,,,False
23028,768.368,P02,TEAM_A,21.409,4.38,0.0,,,False
23029,768.401,P01,TEAM_A,13.188,19.717,0.0,,,False
23029,768.401,P11,TEAM_B,11.457,14.306,0.0,,,False
23040,768.768,P02,TEAM_A,21.035,4.759,0.0,,,False
23041,768.801,P01,TEAM_A,12.264,19.737,0.0,,,False
23041,768.801,P11,TEAM_B,10.664,14.478,0.0,,,False
23052,769.168,P02,TEAM_A,20.298,4.718,2.741,,,False
23053,769.202,P01,TEAM_A,12.247,19.738,0.0,,,False
23053,769.202,P11,TEAM_B,9.824,14.767,0.0,,,False
23064,769.569,P02,TEAM_A,19.689,3.98,0.0,,,False
23065,769.602,P01,TEAM_A,12.899,19.17,4.157,,,False
23065,769.602,P11,TEAM_B,9.727,14.688,0.0,,,False
23076,769.969,P02,TEAM_A,18.858,3.252,2.749,,,False
23077,770.003,P01,TEAM_A,12.794,19.393,0.0,,,False
23077,770.003,P11,TEAM_B,9.808,14.269,0.0,,,False
23088,770.37,P02,TEAM_A,17.987,2.623,3.284,,,False
23089,770.403,P01,TEAM_A,12.993,19.601,0.0,,,False
23100,770.77,P02,TEAM_A,17.737,2.226,4.318,,,False
23100,770.77,P11,TEAM_B,11.74,12.431,0.0,,,False
23101,770.803,P01,TEAM_A,12.981,19.758,0.0,,,False
23112,771.17,P02,TEAM_A,16.851,1.902,0.0,,,False
23112,771.17,P11,TEAM_B,12.132,10.951,5.43,,,False
23113,771.204,P01,TEAM_A,13.105,19.939,0.0,,,False
23124,771.571,P02,TEAM_A,16.303,1.714,0.0,,,False
23124,771.571,P11,TEAM_B,11.918,9.662,5.715,,,False
23125,771.604,P01,TEAM_A,13.25,19.808,0.0,,,False
23136,771.971,P02,TEAM_A,15.248,1.63,3.766,,,False
23136,771.971,P11,TEAM_B,10.897,9.071,0.0,,,False
23137,772.005,P01,TEAM_A,13.214,19.872,0.0,,,False
23148,772.372,P02,TEAM_A,14.418,1.674,5.181,,,False
23148,772.372,P11,TEAM_B,9.287,9.351,0.0,,,False
23149,772.405,P01,TEAM_A,13.113,20.0,0.0,,,False
23160,772.772,P02,TEAM_A,13.073,1.671,0.0,13.073,1.671,False
23160,772.772,P11,TEAM_B,7.926,9.642,0.0,,,False
23161,772.805,P01,TEAM_A,13.122,20.0,0.0,,,False
23163,772.872,P03,TEAM_A,8.959,9.227,6.689,,,False
23172,773.172,P02,TEAM_A,12.222,2.187,2.853,,,True
23173,773.206,P01,TEAM_A,13.313,19.899,0.0,,,False
23174,773.239,P11,TEAM_B,6.086,9.408,4.717,,,False
23184,773.573,P02,TEAM_A,12.229,3.751,5.602,,,False
23185,773.606,P01,TEAM_A,13.567,19.577,0.0,,,False
23186,773.64,P03,TEAM_A,12.51,0.04,7.14,,,False
23196,773.973,P02,TEAM_A,12.831,5.536,6.251,,,False
23197,774.007,P01,TEAM_A,13.801,19.508,0.0,13.801,19.508,False
23198,774.04,P03,TEAM_A,13.952,0.536,0.0,,,False
23208,774.374,P02,TEAM_A,12.11,7.867,6.43,,,False
23209,774.407,P01,TEAM_A,13.953,19.286,0.0,,,False
23210,774.44,P03,TEAM_A,14.922,1.205,0.0,,,False
23220,774.774,P02,TEAM_A,10.637,10.46,0.0,,,False
23221,774.807,P01,TEAM_A,13.837,19.382,0.0,13.837,19.382,False
23222,774.841,P03,TEAM_A,15.627,1.831,2.887,,,False
23232,775.174,P02,TEAM_A,9.065,12.346,6.313,,,True
23233,775.208,P01,TEAM_A,13.873,19.195,0.0,,,False
23234,775.241,P03,TEAM_A,15.297,2.365,0.0,,,False
23244,775.575,P02,TEAM_A,8.262,13.721,0.0,,,False
23245,775.608,P01,TEAM_A,13.9,19.163,0.0,,,False
23246,775.642,P03,TEAM_A,15.29,2.916,0.0,,,False
23256,775.975,P02,TEAM_A,7.768,15.655,0.0,,,False
23257,776.009,P01,TEAM_A,13.784,19.259,0.0,,,False
23258,776.042,P03,TEAM_A,14.938,3.471,0.0,,,False
23268,776.376,P02,TEAM_A,8.053,16.224,0.0,,,False
23269,776.409,P01,TEAM_A,13.563,19.111,0.0,,,False
23270,776.442,P03,TEAM_A,14.917,3.901,3.028,,,False
23280,776.776,P02,TEAM_A,8.32,16.81,3.166,,,False
23281,776.809,P01,TEAM_A,13.55,18.925,0.0,,,False
23282,776.843,P03,TEAM_A,15.16,4.364,2.42,,,False
23293,777.21,P01,TEAM_A,13.618,18.643,0.0,,,False
23294,777.243,P03,TEAM_A,15.31,4.785,0.0,,,False
23305,777.61,P01,TEAM_A,13.816,18.389,0.0,,,False
23307,777.677,P03,TEAM_A,15.833,5.073,0.0,,,False
23317,778.011,P01,TEAM_A,14.03,18.137,0.0,14.03,18.137,False
23319,778.077,P03,TEAM_A,16.566,5.211,2.962,,,False
23329,778.411,P01,TEAM_A,14.111,17.981,0.0,14.111,17.981,False
23331,778.478,P03,TEAM_A,17.903,5.781,3.431,,,False
23341,778.811,P01,TEAM_A,14.296,17.762,0.0,,,False
23343,778.878,P03,TEAM_A,19.367,6.251,4.024,,,False
23355,779.279,P03,TEAM_A,20.899,6.754,4.128,,,False
23367,779.679,P03,TEAM_A,22.419,7.169,4.691,,,False
23379,780.079,P03,TEAM_A,23.719,7.329,3.28,,,False
23391,780.48,P03,TEAM_A,25.014,7.879,0.0,,,False
23403,780.88,P03,TEAM_A,26.212,8.396,2.728,,,False
23415,781.28,P03,TEAM_A,27.031,8.966,2.728,,,False
23427,781.681,P03,TEAM_A,27.556,10.169,0.0,,,False
23440,782.115,P03,TEAM_A,27.7,11.38,3.952,,,False
23452,782.515,P03,TEAM_A,27.558,12.316,0.0,,,False
23464,782.915,P03,TEAM_A,27.275,13.412,2.821,,,False
23476,783.316,P03,TEAM_A,26.806,14.035,0.0,,,False
23488,783.716,P03,TEAM_A,26.156,14.44,0.0,,,False
23500,784.117,P03,TEAM_A,25.467,14.647,0.0,,,False
23512,784.517,P03,TEAM_A,25.062,14.789,0.0,,,False
23524,784.917,P03,TEAM_A,24.615,14.674,0.0,,,False
23536,785.318,P03,TEAM_A,24.673,14.23,0.0,,,True
23548,785.718,P03,TEAM_A,24.785,14.078,0.0,,,False
23560,786.119,P03,TEAM_A,24.664,14.308,0.0,,,False
23572,786.519,P03,TEAM_A,24.19,14.323,3.199,,,False
23584,786.919,P03,TEAM_A,23.232,14.838,3.231,,,False
23596,787.32,P03,TEAM_A,22.324,15.134,3.602,,,False
23608,787.72,P03,TEAM_A,21.963,14.699,0.0,,,False
23620,788.121,P03,TEAM_A,22.4,14.411,0.0,,,False
23632,788.521,P03,TEAM_A,22.906,13.639,0.0,,,False
23644,788.921,P03,TEAM_A,23.77,13.077,2.668,,,False
23656,789.322,P03,TEAM_A,24.932,12.716,2.57,,,False
23668,789.722,P03,TEAM_A,26.719,11.431,6.983,,,False
23680,790.123,P03,TEAM_A,28.75,11.003,6.718,,,False
23692,790.523,P03,TEAM_A,30.144,9.813,4.379,,,False
23704,790.923,P03,TEAM_A,30.496,9.035,0.0,,,False
23716,791.324,P03,TEAM_A,31.36,9.23,0.0,,,False
23728,791.724,P03,TEAM_A,31.643,9.865,0.0,,,False
23741,792.158,P03,TEAM_A,31.321,9.996,1.495,,,False
23753,792.558,P03,TEAM_A,30.672,10.26,0.0,,,False
23765,792.959,P03,TEAM_A,30.383,10.35,0.0,,,False
23777,793.359,P03,TEAM_A,29.591,10.647,0.0,,,False
23789,793.76,P03,TEAM_A,28.74,10.795,2.627,,,False
23801,794.16,P03,TEAM_A,27.816,11.233,2.689,,,False
23813,794.56,P03,TEAM_A,26.896,11.851,3.008,,,False
23825,794.961,P03,TEAM_A,25.574,11.909,3.191,,,False
23837,795.361,P03,TEAM_A,23.95,11.35,7.367,,,False
23849,795.762,P03,TEAM_A,22.307,11.09,4.114,,,False
23861,796.162,P03,TEAM_A,20.649,10.703,6.181,,,False
23873,796.562,P03,TEAM_A,18.961,10.087,4.755,,,False
23885,796.963,P03,TEAM_A,17.478,10.093,4.016,,,False
23897,797.363,P03,TEAM_A,16.686,9.511,2.732,,,False
23909,797.764,P03,TEAM_A,16.208,9.703,0.0,,,False
23921,798.164,P03,TEAM_A,16.171,9.884,0.0,,,False
23933,798.564,P03,TEAM_A,16.311,9.97,0.0,,,False
23946,798.998,P03,TEAM_A,16.322,10.42,0.0,,,False
23958,799.399,P03,TEAM_A,16.685,10.358,0.0,,,False
23971,799.832,P03,TEAM_A,17.039,10.362,0.0,,,False
23983,800.233,P03,TEAM_A,17.484,9.804,0.0,,,False
23995,800.633,P03,TEAM_A,18.047,9.062,2.491,,,False
24007,801.034,P03,TEAM_A,18.482,8.547,0.0,,,False
24019,801.434,P03,TEAM_A,19.012,7.877,3.656,,,False
24031,801.834,P03,TEAM_A,19.705,7.207,2.778,,,False
24043,802.235,P03,TEAM_A,20.639,6.309,2.859,,,False
24055,802.635,P03,TEAM_A,21.825,5.378,4.469,,,False
24067,803.036,P03,TEAM_A,22.93,3.722,6.811,,,False
24079,803.436,P03,TEAM_A,24.174,2.308,4.637,,,False
24091,803.836,P03,TEAM_A,25.585,1.563,4.478,,,False
24103,804.237,P03,TEAM_A,26.514,1.178,0.0,,,False
24115,804.637,P03,TEAM_A,27.92,0.807,2.598,,,False
24187,807.04,P04,TEAM_A,25.429,0.026,0.0,,,False
24199,807.44,P04,TEAM_A,24.664,0.34,3.108,,,False
24211,807.84,P04,TEAM_A,23.718,1.16,3.09,,,False
24224,808.274,P04,TEAM_A,22.676,2.059,0.0,,,False
24236,808.675,P04,TEAM_A,21.588,2.818,3.384,,,False
24248,809.075,P04,TEAM_A,20.466,3.349,2.723,,,False
24260,809.475,P04,TEAM_A,19.291,3.524,2.604,,,False
24272,809.876,P04,TEAM_A,17.986,3.817,3.561,,,False
24284,810.276,P04,TEAM_A,17.146,3.911,6.252,,,False
24296,810.677,P04,TEAM_A,16.073,4.267,2.92,,,False
24308,811.077,P04,TEAM_A,15.044,4.639,2.939,,,False
24320,811.477,P04,TEAM_A,14.095,4.939,2.639,,,False
24332,811.878,P04,TEAM_A,13.685,5.207,0.0,,,False
24344,812.278,P04,TEAM_A,12.763,5.734,0.0,,,False
24356,812.679,P04,TEAM_A,12.184,6.089,0.0,,,False
24368,813.079,P04,TEAM_A,11.529,6.404,2.448,,,False
24380,813.479,P04,TEAM_A,10.968,6.626,2.677,,,False
24392,813.88,P04,TEAM_A,10.518,6.983,0.0,,,False
24404,814.28,P04,TEAM_A,9.753,7.164,0.0,,,False
24416,814.681,P04,TEAM_A,9.162,7.425,0.0,,,False
24428,815.081,P04,TEAM_A,8.705,7.496,4.767,,,False
24440,815.481,P04,TEAM_A,8.083,7.694,2.623,,,False
24452,815.882,P04,TEAM_A,7.535,7.809,0.0,,,False
24464,816.282,P04,TEAM_A,6.837,7.897,0.0,,,False
24476,816.683,P04,TEAM_A,6.417,8.029,2.587,,,False
24488,817.083,P04,TEAM_A,5.996,8.155,0.0,,,False
24500,817.483,P04,TEAM_A,5.447,8.251,0.0,,,False
24512,817.884,P04,TEAM_A,5.05,8.456,0.0,,,False
24524,818.284,P04,TEAM_A,4.452,8.55,0.0,,,False
24536,818.685,P04,TEAM_A,4.087,8.674,0.0,,,False
24548,819.085,P04,TEAM_A,3.812,8.803,0.0,,,False
24568,819.752,P04,TEAM_A,3.062,8.746,0.0,,,False
24581,820.186,P04,TEAM_A,2.647,8.689,0.0,,,False
24840,828.828,P04,TEAM_A,8.657,6.809,0.0,,,False
24852,829.228,P04,TEAM_A,10.148,6.46,5.363,,,False
24864,829.629,P04,TEAM_A,11.43,5.943,6.333,,,False
24876,830.029,P04,TEAM_A,12.579,5.309,3.616,,,False
24888,830.43,P04,TEAM_A,13.813,4.692,0.0,,,False
24900,830.83,P04,TEAM_A,14.139,4.89,3.091,,,True
24912,831.23,P04,TEAM_A,15.502,5.065,0.0,,,False
24924,831.631,P04,TEAM_A,15.997,6.189,4.397,,,False
24936,832.031,P04,TEAM_A,16.88,7.941,5.221,,,False
24948,832.432,P04,TEAM_A,17.553,9.335,3.06,,,False
24960,832.832,P04,TEAM_A,18.168,9.973,2.816,,,False
24972,833.232,P04,TEAM_A,18.729,10.236,0.0,,,False
24984,833.633,P04,TEAM_A,18.963,10.288,0.0,,,False
24996,834.033,P04,TEAM_A,18.826,10.306,0.0,,,False
25008,834.434,P04,TEAM_A,18.145,10.863,0.0,,,False
25021,834.867,P04,TEAM_A,17.316,11.288,2.636,,,False
25034,835.301,P04,TEAM_A,16.435,11.693,2.744,,,False
25046,835.702,P04,TEAM_A,15.731,11.804,2.418,,,False
25058,836.102,P04,TEAM_A,14.813,12.248,2.898,,,False
25070,836.502,P04,TEAM_A,14.063,12.415,2.568,,,False
25082,836.903,P04,TEAM_A,13.289,12.502,0.0,,,False
25094,837.303,P04,TEAM_A,13.041,12.691,0.0,,,False
25106,837.704,P04,TEAM_A,12.161,12.739,0.0,,,False
25111,837.87,P08,TEAM_B,12.416,14.819,3.412,,,False
25118,838.104,P04,TEAM_A,11.505,12.795,0.0,,,False
25123,838.271,P08,TEAM_B,12.202,13.987,0.0,,,False
25130,838.504,P04,TEAM_A,10.64,12.715,0.0,,,False
25135,838.671,P08,TEAM_B,11.813,13.219,3.062,,,False
25142,838.905,P04,TEAM_A,9.775,12.792,4.825,,,False
25147,839.072,P08,TEAM_B,11.691,12.341,3.537,,,False
25154,839.305,P04,TEAM_A,9.05,12.643,5.024,,,False
25159,839.472,P08,TEAM_B,11.688,11.775,0.0,,,False
25166,839.706,P04,TEAM_A,8.264,12.699,5.356,,,False
25171,839.872,P08,TEAM_B,11.831,11.109,0.0,,,False
25178,840.106,P04,TEAM_A,7.815,12.436,0.0,,,False
25183,840.273,P08,TEAM_B,11.976,10.14,0.0,,,False
25190,840.506,P04,TEAM_A,7.825,13.621,0.0,,,False
25195,840.673,P08,TEAM_B,12.93,9.536,5.039,,,False
25202,840.907,P04,TEAM_A,8.543,14.802,0.0,,,False
25207,841.074,P08,TEAM_B,14.174,9.487,0.0,,,False
25214,841.307,P04,TEAM_A,9.536,16.068,3.55,,,False
25219,841.474,P08,TEAM_B,15.081,9.684,3.472,,,False
25226,841.708,P04,TEAM_A,10.651,17.319,4.681,,,False
25231,841.874,P08,TEAM_B,16.556,9.407,4.818,,,False
25238,842.108,P04,TEAM_A,11.36,18.618,3.96,,,False
25243,842.275,P08,TEAM_B,17.246,9.764,0.0,,,False
25250,842.508,P04,TEAM_A,13.041,19.163,4.163,,,False
25255,842.675,P08,TEAM_B,16.86,10.348,3.102,,,False
25262,842.909,P04,TEAM_A,14.422,18.936,3.543,14.422,18.936,False
25267,843.076,P08,TEAM_B,15.676,11.461,4.845,,,False
25274,843.309,P04,TEAM_A,15.515,18.597,2.927,,,False
25279,843.476,P08,TEAM_B,14.028,12.299,3.378,,,False
25286,843.71,P04,TEAM_A,16.584,18.383,0.0,,,False
25291,843.876,P08,TEAM_B,13.107,12.198,2.645,,,False
25298,844.11,P04,TEAM_A,17.721,18.117,3.562,,,False
25303,844.277,P08,TEAM_B,12.229,11.997,2.707,,,False
25310,844.51,P04,TEAM_A,18.395,17.932,3.071,,,False
25315,844.677,P08,TEAM_B,11.912,11.198,0.0,,,False
25322,844.911,P04,TEAM_A,19.13,17.186,0.0,19.13,17.186,False
25327,845.078,P08,TEAM_B,12.093,9.906,0.0,,,False
25334,845.311,P04,TEAM_A,19.812,17.036,0.0,,,False
25339,845.478,P08,TEAM_B,12.382,8.659,4.759,,,False
25346,845.712,P04,TEAM_A,19.328,17.089,3.452,,,False
25351,845.878,P08,TEAM_B,13.06,7.275,0.0,,,False
25358,846.112,P04,TEAM_A,18.026,17.433,3.63,,,False
25363,846.279,P08,TEAM_B,13.976,5.642,6.169,,,False
25370,846.512,P04,TEAM_A,16.252,17.721,3.516,,,False
25375,846.679,P08,TEAM_B,15.125,4.454,5.739,,,False
25382,846.913,P04,TEAM_A,14.243,17.825,5.704,,,False
25387,847.08,P08,TEAM_B,15.967,4.34,3.51,,,False
25394,847.313,P04,TEAM_A,12.129,17.906,5.932,,,False
25399,847.48,P08,TEAM_B,16.194,5.109,5.282,,,False
25406,847.714,P04,TEAM_A,11.26,17.208,3.257,,,False
25411,847.88,P08,TEAM_B,16.869,6.125,3.048,,,False
25418,848.114,P04,TEAM_A,9.92,16.325,3.979,,,False
25423,848.281,P08,TEAM_B,16.802,7.076,0.0,,,False
25431,848.548,P04,TEAM_A,8.268,14.996,5.755,,,True
25436,848.715,P08,TEAM_B,16.098,7.233,1.956,,,False
25443,848.948,P04,TEAM_A,6.704,14.215,6.667,,,False
25448,849.115,P08,TEAM_B,15.16,7.459,3.741,,,False
25455,849.349,P04,TEAM_A,5.333,12.667,7.614,,,False
25460,849.515,P08,TEAM_B,14.053,8.197,3.576,,,False
25467,849.749,P04,TEAM_A,4.329,11.352,2.762,,,False
25472,849.916,P08,TEAM_B,12.434,9.336,4.646,,,False
25479,850.149,P04,TEAM_A,4.149,11.006,6.014,,,True
25484,850.316,P08,TEAM_B,11.224,11.106,4.4,,,False
25492,850.583,P04,TEAM_A,5.118,11.011,0.0,,,True
25496,850.717,P08,TEAM_B,10.686,12.377,0.0,,,False
25504,850.983,P04,TEAM_A,5.617,12.063,4.176,,,False
25508,851.117,P08,TEAM_B,9.587,12.494,0.0,,,False
25516,851.384,P04,TEAM_A,5.884,12.912,0.0,,,False
25520,851.517,P08,TEAM_B,9.513,12.508,0.0,,,False
25528,851.784,P04,TEAM_A,5.994,13.242,5.35,,,True
25532,851.918,P08,TEAM_B,10.696,11.452,2.632,,,False
25544,852.318,P08,TEAM_B,11.012,10.799,4.131,,,False
25556,852.719,P08,TEAM_B,11.263,10.905,0.0,,,False
25568,853.119,P08,TEAM_B,11.351,11.865,0.0,,,False
25580,853.519,P08,TEAM_B,11.74,11.865,2.71,,,False
25592,853.92,P08,TEAM_B,12.092,11.292,0.0,,,False
25604,854.32,P08,TEAM_B,12.662,10.163,0.0,,,False
25616,854.721,P08,TEAM_B,13.187,9.166,0.0,,,False
25628,855.121,P08,TEAM_B,14.161,8.903,3.04,,,False
25640,855.521,P08,TEAM_B,14.761,8.194,3.133,,,False
25652,855.922,P08,TEAM_B,14.985,8.479,0.0,,,False
25664,856.322,P08,TEAM_B,15.362,9.489,0.0,,,False
25676,856.723,P08,TEAM_B,15.862,9.108,0.0,,,False
25688,857.123,P08,TEAM_B,16.507,8.963,2.652,,,False
25700,857.523,P08,TEAM_B,17.648,7.965,5.811,,,False
25712,857.924,P08,TEAM_B,18.583,7.283,2.869,,,False
25724,858.324,P08,TEAM_B,19.025,5.887,0.0,,,False
25736,858.725,P08,TEAM_B,18.846,5.375,0.0,,,False
25748,859.125,P08,TEAM_B,17.761,5.0,2.606,,,False
25760,859.525,P08,TEAM_B,16.976,4.511,3.142,,,False
25772,859.926,P08,TEAM_B,16.791,4.583,3.415,,,False
25785,860.36,P08,TEAM_B,17.035,5.278,0.0,,,False
25797,860.76,P08,TEAM_B,17.48,6.442,2.812,,,False
25809,861.16,P08,TEAM_B,18.068,7.392,2.863,,,False
25821,861.561,P08,TEAM_B,18.299,8.763,5.159,,,False
25833,861.961,P08,TEAM_B,18.092,10.147,0.0,,,False
25845,862.361,P08,TEAM_B,17.022,11.422,2.9,17.022,11.422,False
25857,862.762,P08,TEAM_B,16.41,12.185,3.887,,,False
25869,863.162,P08,TEAM_B,16.039,12.431,0.0,,,False
25881,863.563,P08,TEAM_B,14.923,12.311,3.529,,,False
25893,863.963,P08,TEAM_B,13.901,10.902,7.732,,,False
25905,864.364,P08,TEAM_B,13.365,8.946,8.282,,,False
25917,864.764,P08,TEAM_B,12.639,6.405,6.589,,,False
25930,865.198,P08,TEAM_B,11.571,5.238,3.312,,,False
25942,865.598,P08,TEAM_B,9.429,4.96,0.0,,,False
25954,865.998,P08,TEAM_B,8.186,4.098,4.464,,,False
25967,866.432,P08,TEAM_B,6.507,2.919,4.803,,,False
25979,866.833,P08,TEAM_B,5.909,2.172,3.361,,,False
25991,867.233,P08,TEAM_B,5.829,1.667,2.925,,,True
26003,867.633,P08,TEAM_B,5.601,0.904,0.0,,,False
26015,868.034,P08,TEAM_B,6.132,0.417,0.0,,,False
26027,868.434,P08,TEAM_B,7.001,0.467,0.0,,,False
26040,868.868,P08,TEAM_B,8.919,0.734,8.145,,,False
26052,869.268,P08,TEAM_B,10.885,0.761,3.274,,,False
26064,869.669,P08,TEAM_B,13.808,0.608,7.89,,,False
26076,870.069,P08,TEAM_B,16.266,0.547,5.671,,,False
26088,870.47,P08,TEAM_B,18.578,0.818,3.115,,,False
26100,870.87,P08,TEAM_B,20.822,1.429,4.939,,,False
26112,871.27,P08,TEAM_B,22.67,0.735,3.152,,,False
26124,871.671,P08,TEAM_B,23.694,1.551,2.628,,,False
26136,872.071,P08,TEAM_B,24.271,2.769,4.292,,,False
26148,872.472,P08,TEAM_B,24.872,4.199,3.236,,,False
26160,872.872,P08,TEAM_B,25.671,5.554,4.412,,,False
26172,873.272,P08,TEAM_B,26.901,6.596,3.967,,,False
26184,873.673,P08,TEAM_B,28.208,7.465,4.409,,,False
26196,874.073,P08,TEAM_B,29.715,8.149,7.543,,,False
26208,874.474,P08,TEAM_B,30.447,7.797,2.64,,,False
26220,874.874,P08,TEAM_B,32.121,8.011,3.389,,,False
26232,875.274,P04,TEAM_A,28.25,14.808,0.0,,,False
26232,875.274,P08,TEAM_B,33.715,7.798,4.276,,,False
26244,875.675,P04,TEAM_A,28.139,14.767,0.0,,,False
26244,875.675,P08,TEAM_B,35.216,7.689,2.422,,,False
26256,876.075,P04,TEAM_A,27.752,14.0,3.584,,,False
26256,876.075,P08,TEAM_B,36.484,8.049,0.0,,,False
26268,876.476,P04,TEAM_A,26.756,13.565,3.333,,,False
26268,876.476,P08,TEAM_B,37.219,7.995,0.0,,,False
26280,876.876,P04,TEAM_A,25.27,12.742,3.016,,,False
26280,876.876,P08,TEAM_B,37.333,6.482,0.0,,,False
26292,877.276,P04,TEAM_A,23.529,12.166,4.957,,,False
26292,877.276,P08,TEAM_B,37.352,5.422,5.169,,,False
26304,877.677,P04,TEAM_A,21.771,11.686,5.888,,,False
26304,877.677,P08,TEAM_B,36.624,3.807,5.518,,,False
26316,878.077,P04,TEAM_A,19.971,10.973,4.832,,,False
26316,878.077,P08,TEAM_B,35.542,2.601,2.776,,,False
26328,878.478,P04,TEAM_A,19.005,10.334,3.189,,,False
26328,878.478,P08,TEAM_B,34.43,1.975,0.0,,,False
26340,878.878,P04,TEAM_A,18.456,9.41,0.0,18.456,9.41,False
26340,878.878,P08,TEAM_B,32.237,1.575,0.0,,,False
26352,879.278,P04,TEAM_A,18.765,10.372,2.926,,,False
26352,879.278,P08,TEAM_B,30.282,1.111,5.821,,,False
26364,879.679,P04,TEAM_A,19.978,10.9,4.522,,,False
26364,879.679,P08,TEAM_B,27.384,0.643,0.0,,,False
26376,880.079,P04,TEAM_A,21.469,10.698,5.971,,,False
26376,880.079,P08,TEAM_B,25.421,0.232,4.77,,,False
26388,880.48,P04,TEAM_A,23.248,9.965,5.266,,,False
26400,880.88,P04,TEAM_A,24.5,8.646,3.965,,,False
26412,881.28,P04,TEAM_A,25.402,7.171,7.054,,,True
26424,881.681,P04,TEAM_A,26.052,5.797,4.697,,,False
26437,882.115,P04,TEAM_A,26.335,4.116,0.0,,,False
26449,882.515,P04,TEAM_A,27.681,4.486,2.921,,,False
26461,882.915,P04,TEAM_A,27.598,4.278,0.0,,,False
26474,883.349,P04,TEAM_A,26.738,3.934,0.0,,,False
26486,883.75,P04,TEAM_A,25.469,3.606,3.525,,,False
26498,884.15,P04,TEAM_A,24.09,3.322,4.248,,,False
26510,884.55,P04,TEAM_A,22.899,3.215,2.571,,,False
26522,884.951,P04,TEAM_A,21.645,3.062,2.987,,,False
26534,885.351,P04,TEAM_A,20.415,3.13,3.716,,,False
26547,885.785,P04,TEAM_A,19.227,3.19,0.0,,,False
26559,886.185,P04,TEAM_A,18.082,3.537,3.105,,,False
26571,886.586,P04,TEAM_A,16.862,3.9,3.291,,,False
26583,886.986,P04,TEAM_A,16.128,4.527,5.178,,,False
26595,887.387,P04,TEAM_A,14.982,4.95,2.741,,,False
26607,887.787,P04,TEAM_A,13.711,5.478,5.84,,,False
26619,888.187,P04,TEAM_A,12.77,6.004,3.386,,,False
26631,888.588,P04,TEAM_A,11.607,6.451,0.0,,,False
26643,888.988,P04,TEAM_A,10.497,7.101,3.193,,,False
26655,889.389,P04,TEAM_A,9.439,7.7,4.507,,,False
26667,889.789,P04,TEAM_A,8.509,8.251,2.643,,,False
26679,890.189,P04,TEAM_A,7.682,8.987,4.313,,,False
26691,890.59,P04,TEAM_A,6.879,9.413,0.0,,,False
26703,890.99,P04,TEAM_A,6.325,9.936,0.0,,,False
26715,891.39,P04,TEAM_A,5.729,10.299,0.0,,,False
26727,891.791,P04,TEAM_A,5.192,10.703,5.335,,,False
26739,892.191,P04,TEAM_A,4.912,10.725,3.141,,,False
26751,892.592,P04,TEAM_A,4.412,10.717,0.0,,,False
26763,892.992,P04,TEAM_A,4.575,9.919,0.0,,,True
26775,893.393,P04,TEAM_A,4.838,9.09,0.0,,,True
26787,893.793,P04,TEAM_A,5.131,8.602,0.0,,,True
26799,894.193,P04,TEAM_A,5.549,8.182,0.0,5.549,8.182,True
26811,894.594,P04,TEAM_A,6.048,7.932,0.0,,,True
26823,894.994,P04,TEAM_A,5.608,8.022,3.739,,,False
26836,895.428,P04,TEAM_A,5.171,8.128,0.0,,,True
26851,895.928,P04,TEAM_A,4.578,8.289,0.0,,,True
26863,896.329,P04,TEAM_A,4.21,8.311,0.0,,,False
26875,896.729,P04,TEAM_A,4.132,8.157,0.0,,,False
26887,897.13,P04,TEAM_A,3.909,7.867,0.0,,,False
26899,897.53,P04,TEAM_A,3.445,7.933,0.0,,,False
26911,897.93,P04,TEAM_A,3.576,7.371,3.556,,,False
26923,898.331,P04,TEAM_A,3.783,7.049,0.0,,,False
26935,898.731,P04,TEAM_A,3.745,6.975,0.0,,,False
26947,899.132,P04,TEAM_A,4.046,7.177,0.0,,,False
27848,929.195,P08,TEAM_B,13.741,7.453,4.629,,,True
27860,929.595,P08,TEAM_B,12.795,7.652,5.287,,,False
27872,929.996,P08,TEAM_B,11.198,8.304,3.506,,,False
27884,930.396,P08,TEAM_B,9.118,9.055,0.0,,,False
27896,930.797,P08,TEAM_B,6.48,9.407,4.813,,,False
27908,931.197,P08,TEAM_B,5.074,10.015,6.528,,,False
27920,931.597,P08,TEAM_B,3.607,9.905,3.755,,,False
27932,931.998,P08,TEAM_B,2.662,9.225,3.544,,,False
