frame,time_sec,player_id,team,player_x_px,player_y_px,speed_px_s,ball_x_px,ball_y_px,bbox_x1,bbox_y1,bbox_x2,bbox_y2,confidence,team_confidence
0,0.0,P01,TEAM_A,326.5,150,0,,,315,113,338,150,0.893,0.858
0,0.0,P02,TEAM_B,900.5,247,0,,,881,209,920,247,0.882,0.709
0,0.0,P03,TEAM_A,721.5,167,0,,,707,127,736,167,0.88,1.0
0,0.0,P04,TEAM_B,813.0,141,0,,,801,106,825,141,0.87,0.862
0,0.0,P05,TEAM_A,728.5,105,0,,,719,69,738,105,0.854,1.0
0,0.0,P06,TEAM_A,940.0,237,0,,,925,206,955,237,0.839,0.857
0,0.0,P07,TEAM_B,958.0,245,0,,,947,209,969,245,0.809,0.562
0,0.0,P08,TEAM_A,1012.0,242,0,,,999,212,1025,242,0.596,0.72
1,0.04,P01,TEAM_A,326.5,150,0.0,,,315,113,338,150,0.893,0.858
1,0.04,P02,TEAM_B,900.5,247,0.0,,,881,209,920,247,0.882,0.709
1,0.04,P03,TEAM_A,721.5,167,0.0,,,707,127,736,167,0.88,1.0
1,0.04,P04,TEAM_B,813.0,141,0.0,,,801,106,825,141,0.87,0.862
1,0.04,P05,TEAM_A,728.5,105,0.0,,,719,69,738,105,0.854,1.0
1,0.04,P06,TEAM_A,940.0,237,0.0,,,925,206,955,237,0.839,0.857
1,0.04,P07,TEAM_B,958.0,245,0.0,,,947,209,969,245,0.809,0.562
1,0.04,P08,TEAM_A,1012.0,242,0.0,,,999,212,1025,242,0.596,0.72
2,0.08,P01,TEAM_A,326.5,150,0.0,,,315,113,338,150,0.893,0.858
2,0.08,P02,TEAM_B,900.5,247,0.0,,,881,209,920,247,0.882,0.709
2,0.08,P03,TEAM_A,721.5,167,0.0,,,707,127,736,167,0.88,1.0
2,0.08,P04,TEAM_B,813.0,141,0.0,,,801,106,825,141,0.87,0.862
2,0.08,P05,TEAM_A,728.5,105,0.0,,,719,69,738,105,0.854,1.0
2,0.08,P06,TEAM_A,940.0,237,0.0,,,925,206,955,237,0.839,0.857
2,0.08,P07,TEAM_B,958.0,245,0.0,,,947,209,969,245,0.809,0.562
2,0.08,P08,TEAM_A,1012.0,242,0.0,,,999,212,1025,242,0.596,0.72
3,0.12,P01,TEAM_A,326.5,150,0.0,,,315,113,338,150,0.893,0.858
3,0.12,P02,TEAM_B,910.5,247,250.0,,,895,211,926,247,0.885,0.852
3,0.12,P05,TEAM_A,730.0,102,83.85,,,720,66,740,102,0.883,1.0
3,0.12,P03,TEAM_A,731.0,181,422.97,,,715,133,747,181,0.871,1.0
3,0.12,P04,TEAM_B,817.0,141,100.0,,,803,108,831,141,0.863,0.863
3,0.12,P07,TEAM_A,959.0,246,35.36,,,946,209,972,246,0.81,0.578
3,0.12,P06,TEAM_A,946.5,243,221.15,,,931,207,962,243,0.803,1.0
3,0.12,P08,TEAM_A,1013.5,242,37.5,,,1001,213,1026,242,0.714,0.721
3,0.12,P09,TEAM_A,954.0,245,0,,,938,208,970,245,0.39,0.864
4,0.16,P01,TEAM_A,326.5,150,0.0,,,315,113,338,150,0.893,0.858
4,0.16,P02,TEAM_B,910.5,247,0.0,,,895,211,926,247,0.885,0.852
4,0.16,P05,TEAM_A,730.0,102,0.0,,,720,66,740,102,0.883,1.0
4,0.16,P03,TEAM_A,731.0,181,0.0,,,715,133,747,181,0.871,1.0
4,0.16,P04,TEAM_B,817.0,141,0.0,,,803,108,831,141,0.863,0.863
4,0.16,P07,TEAM_A,959.0,246,0.0,,,946,209,972,246,0.81,0.578
4,0.16,P06,TEAM_A,946.5,243,0.0,,,931,207,962,243,0.803,1.0
4,0.16,P08,TEAM_A,1013.5,242,0.0,,,1001,213,1026,242,0.714,0.721
4,0.16,P09,TEAM_A,954.0,245,0.0,,,938,208,970,245,0.39,0.864
5,0.2,P01,TEAM_A,326.5,150,0.0,,,315,113,338,150,0.893,0.858
5,0.2,P02,TEAM_B,910.5,247,0.0,,,895,211,926,247,0.885,0.852
5,0.2,P05,TEAM_A,730.0,102,0.0,,,720,66,740,102,0.883,1.0
5,0.2,P03,TEAM_A,731.0,181,0.0,,,715,133,747,181,0.871,1.0
5,0.2,P04,TEAM_B,817.0,141,0.0,,,803,108,831,141,0.863,0.863
5,0.2,P07,TEAM_A,959.0,246,0.0,,,946,209,972,246,0.81,0.578
5,0.2,P06,TEAM_A,946.5,243,0.0,,,931,207,962,243,0.803,1.0
5,0.2,P08,TEAM_A,1013.5,242,0.0,,,1001,213,1026,242,0.714,0.721
5,0.2,P09,TEAM_A,954.0,245,0.0,,,938,208,970,245,0.39,0.864
6,0.24,P01,TEAM_A,327.0,150,12.5,,,316,112,338,150,0.894,0.859
6,0.24,P02,TEAM_B,915.0,250,135.21,,,900,214,930,250,0.884,0.719
6,0.24,P05,TEAM_A,731.0,100,55.9,,,721,66,741,100,0.876,1.0
6,0.24,P03,TEAM_A,741.5,184,273.0,,,727,140,756,184,0.868,0.862
6,0.24,P04,TEAM_B,822.5,142,139.75,,,811,107,834,142,0.859,0.856
6,0.24,P09,TEAM_A,950.5,244,91.0,,,934,210,967,244,0.811,0.867
6,0.24,P08,TEAM_A,1014.0,241,27.95,,,1002,213,1026,241,0.772,0.72
6,0.24,P07,TEAM_A,958.0,246,25.0,,,942,212,974,246,0.695,1.0
7,0.28,P01,TEAM_A,327.0,150,0.0,,,316,112,338,150,0.894,0.859
7,0.28,P02,TEAM_B,915.0,250,0.0,,,900,214,930,250,0.884,0.719
7,0.28,P05,TEAM_A,731.0,100,0.0,,,721,66,741,100,0.876,1.0
7,0.28,P03,TEAM_A,741.5,184,0.0,,,727,140,756,184,0.868,0.862
7,0.28,P04,TEAM_B,822.5,142,0.0,,,811,107,834,142,0.859,0.856
7,0.28,P09,TEAM_A,950.5,244,0.0,,,934,210,967,244,0.811,0.867
7,0.28,P08,TEAM_A,1014.0,241,0.0,,,1002,213,1026,241,0.772,0.72
7,0.28,P07,TEAM_A,958.0,246,0.0,,,942,212,974,246,0.695,1.0
8,0.32,P01,TEAM_A,327.0,150,0.0,,,316,112,338,150,0.894,0.859
8,0.32,P02,TEAM_B,915.0,250,0.0,,,900,214,930,250,0.884,0.719
8,0.32,P05,TEAM_A,731.0,100,0.0,,,721,66,741,100,0.876,1.0
8,0.32,P03,TEAM_A,741.5,184,0.0,,,727,140,756,184,0.868,0.862
8,0.32,P04,TEAM_B,822.5,142,0.0,,,811,107,834,142,0.859,0.856
8,0.32,P09,TEAM_A,950.5,244,0.0,,,934,210,967,244,0.811,0.867
8,0.32,P08,TEAM_A,1014.0,241,0.0,,,1002,213,1026,241,0.772,0.72
8,0.32,P07,TEAM_A,958.0,246,0.0,,,942,212,974,246,0.695,1.0
9,0.36,P01,TEAM_A,327.0,150,0.0,,,316,112,338,150,0.892,0.577
9,0.36,P02,TEAM_B,919.0,257,201.56,,,902,220,936,257,0.881,0.851
9,0.36,P04,TEAM_B,827.5,144,134.63,,,816,107,839,144,0.871,0.861
9,0.36,P03,TEAM_A,750.5,190,270.42,,,732,145,769,190,0.863,1.0
9,0.36,P05,TEAM_A,731.0,99,25.0,,,720,68,742,99,0.85,0.742
9,0.36,P07,TEAM_A,955.0,247,79.06,,,938,213,972,247,0.802,1.0
9,0.36,P08,TEAM_A,1014.0,241,0.0,,,1002,213,1026,241,0.782,0.719
9,0.36,P09,TEAM_A,966.5,248,412.31,,,952,215,981,248,0.73,1.0
10,0.4,P01,TEAM_A,327.0,150,0.0,,,316,112,338,150,0.892,0.577
10,0.4,P02,TEAM_B,919.0,257,0.0,,,902,220,936,257,0.881,0.851
10,0.4,P04,TEAM_B,827.5,144,0.0,,,816,107,839,144,0.871,0.861
10,0.4,P03,TEAM_A,750.5,190,0.0,,,732,145,769,190,0.863,1.0
10,0.4,P05,TEAM_A,731.0,99,0.0,,,720,68,742,99,0.85,0.742
10,0.4,P07,TEAM_A,955.0,247,0.0,,,938,213,972,247,0.802,1.0
10,0.4,P08,TEAM_A,1014.0,241,0.0,,,1002,213,1026,241,0.782,0.719
10,0.4,P09,TEAM_A,966.5,248,0.0,,,952,215,981,248,0.73,1.0
11,0.44,P01,TEAM_A,327.0,150,0.0,,,316,112,338,150,0.892,0.577
11,0.44,P02,TEAM_B,919.0,257,0.0,,,902,220,936,257,0.881,0.851
11,0.44,P04,TEAM_B,827.5,144,0.0,,,816,107,839,144,0.871,0.861
11,0.44,P03,TEAM_A,750.5,190,0.0,,,732,145,769,190,0.863,1.0
11,0.44,P05,TEAM_A,731.0,99,0.0,,,720,68,742,99,0.85,0.742
11,0.44,P07,TEAM_A,955.0,247,0.0,,,938,213,972,247,0.802,1.0
11,0.44,P08,TEAM_A,1014.0,241,0.0,,,1002,213,1026,241,0.782,0.719
11,0.44,P09,TEAM_A,966.5,248,0.0,,,952,215,981,248,0.73,1.0
12,0.48,P01,TEAM_A,328.0,150,25.0,,,317,111,339,150,0.892,0.858
12,0.48,P02,TEAM_B,927.0,260,213.6,,,910,224,944,260,0.877,0.712
12,0.48,P03,TEAM_A,765.0,198,414.01,,,749,151,781,198,0.873,1.0
12,0.48,P05,TEAM_A,733.5,98,67.31,,,722,67,745,98,0.85,0.871
12,0.48,P04,TEAM_B,831.5,145,103.08,,,821,110,842,145,0.817,0.857
12,0.48,P08,TEAM_A,1014.0,242,25.0,,,1002,213,1026,242,0.759,0.719
12,0.48,P09,TEAM_A,964.0,248,62.5,,,947,217,981,248,0.749,1.0
12,0.48,P07,TEAM_A,969.5,249,365.93,,,954,218,985,249,0.733,1.0
13,0.52,P01,TEAM_A,328.0,150,0.0,,,317,111,339,150,0.892,0.858
13,0.52,P02,TEAM_B,927.0,260,0.0,,,910,224,944,260,0.877,0.712
13,0.52,P03,TEAM_A,765.0,198,0.0,,,749,151,781,198,0.873,1.0
13,0.52,P05,TEAM_A,733.5,98,0.0,,,722,67,745,98,0.85,0.871
13,0.52,P04,TEAM_B,831.5,145,0.0,,,821,110,842,145,0.817,0.857
13,0.52,P08,TEAM_A,1014.0,242,0.0,,,1002,213,1026,242,0.759,0.719
13,0.52,P09,TEAM_A,964.0,248,0.0,,,947,217,981,248,0.749,1.0
13,0.52,P07,TEAM_A,969.5,249,0.0,,,954,218,985,249,0.733,1.0
14,0.56,P01,TEAM_A,328.0,150,0.0,,,317,111,339,150,0.892,0.858
14,0.56,P02,TEAM_B,927.0,260,0.0,,,910,224,944,260,0.877,0.712
14,0.56,P03,TEAM_A,765.0,198,0.0,,,749,151,781,198,0.873,1.0
14,0.56,P05,TEAM_A,733.5,98,0.0,,,722,67,745,98,0.85,0.871
14,0.56,P04,TEAM_B,831.5,145,0.0,,,821,110,842,145,0.817,0.857
14,0.56,P08,TEAM_A,1014.0,242,0.0,,,1002,213,1026,242,0.759,0.719
14,0.56,P09,TEAM_A,964.0,248,0.0,,,947,217,981,248,0.749,1.0
14,0.56,P07,TEAM_A,969.5,249,0.0,,,954,218,985,249,0.733,1.0
15,0.6,P01,TEAM_A,328.5,150,12.5,,,318,111,339,150,0.892,0.858
15,0.6,P03,TEAM_A,775.5,202,280.9,,,760,155,791,202,0.879,1.0
15,0.6,P02,TEAM_B,934.0,262,182.0,,,919,226,949,262,0.854,0.709
15,0.6,P04,TEAM_B,834.5,144,79.06,,,823,111,846,144,0.845,0.867
15,0.6,P05,TEAM_A,739.0,98,137.5,,,729,67,749,98,0.826,0.734
15,0.6,P07,TEAM_A,968.0,252,83.85,,,950,217,986,252,0.778,0.869
15,0.6,P08,TEAM_A,1014.5,244,51.54,,,1003,213,1026,244,0.762,0.719
16,0.64,P01,TEAM_A,328.5,150,0.0,,,318,111,339,150,0.892,0.858
16,0.64,P03,TEAM_A,775.5,202,0.0,,,760,155,791,202,0.879,1.0
16,0.64,P02,TEAM_B,934.0,262,0.0,,,919,226,949,262,0.854,0.709
16,0.64,P04,TEAM_B,834.5,144,0.0,,,823,111,846,144,0.845,0.867
16,0.64,P05,TEAM_A,739.0,98,0.0,,,729,67,749,98,0.826,0.734
16,0.64,P07,TEAM_A,968.0,252,0.0,,,950,217,986,252,0.778,0.869
16,0.64,P08,TEAM_A,1014.5,244,0.0,,,1003,213,1026,244,0.762,0.719
17,0.68,P01,TEAM_A,328.5,150,0.0,,,318,111,339,150,0.892,0.858
17,0.68,P03,TEAM_A,775.5,202,0.0,,,760,155,791,202,0.879,1.0
17,0.68,P02,TEAM_B,934.0,262,0.0,,,919,226,949,262,0.854,0.709
17,0.68,P04,TEAM_B,834.5,144,0.0,,,823,111,846,144,0.845,0.867
17,0.68,P05,TEAM_A,739.0,98,0.0,,,729,67,749,98,0.826,0.734
17,0.68,P07,TEAM_A,968.0,252,0.0,,,950,217,986,252,0.778,0.869
17,0.68,P08,TEAM_A,1014.5,244,0.0,,,1003,213,1026,244,0.762,0.719
18,0.72,P01,TEAM_A,328.5,150,0.0,,,318,110,339,150,0.891,0.858
18,0.72,P02,TEAM_B,938.5,269,208.04,,,922,231,955,269,0.886,0.723
18,0.72,P03,TEAM_A,789.0,209,380.17,,,772,160,806,209,0.873,1.0
18,0.72,P04,TEAM_B,840.5,145,152.07,,,828,113,853,145,0.825,0.861
18,0.72,P07,TEAM_A,972.5,254,123.11,,,956,219,989,254,0.798,1.0
18,0.72,P05,TEAM_A,743.5,99,115.24,,,733,68,754,99,0.793,0.871
18,0.72,P08,TEAM_A,1015.5,244,25.0,,,1004,214,1027,244,0.782,0.719
19,0.76,P01,TEAM_A,328.5,150,0.0,,,318,110,339,150,0.891,0.858
19,0.76,P02,TEAM_B,938.5,269,0.0,,,922,231,955,269,0.886,0.723
19,0.76,P03,TEAM_A,789.0,209,0.0,,,772,160,806,209,0.873,1.0
19,0.76,P04,TEAM_B,840.5,145,0.0,,,828,113,853,145,0.825,0.861
19,0.76,P07,TEAM_A,972.5,254,0.0,,,956,219,989,254,0.798,1.0
19,0.76,P05,TEAM_A,743.5,99,0.0,,,733,68,754,99,0.793,0.871
19,0.76,P08,TEAM_A,1015.5,244,0.0,,,1004,214,1027,244,0.782,0.719
20,0.8,P01,TEAM_A,328.5,150,0.0,,,318,110,339,150,0.891,0.858
20,0.8,P02,TEAM_B,938.5,269,0.0,,,922,231,955,269,0.886,0.723
20,0.8,P03,TEAM_A,789.0,209,0.0,,,772,160,806,209,0.873,1.0
20,0.8,P04,TEAM_B,840.5,145,0.0,,,828,113,853,145,0.825,0.861
20,0.8,P07,TEAM_A,972.5,254,0.0,,,956,219,989,254,0.798,1.0
20,0.8,P05,TEAM_A,743.5,99,0.0,,,733,68,754,99,0.793,0.871
20,0.8,P08,TEAM_A,1015.5,244,0.0,,,1004,214,1027,244,0.782,0.719
21,0.84,P01,TEAM_A,329.0,150,12.5,,,319,110,339,150,0.89,0.717
21,0.84,P04,TEAM_B,845.5,146,127.48,,,835,112,856,146,0.865,0.863
21,0.84,P03,TEAM_A,801.5,211,316.47,,,788,165,815,211,0.847,1.0
21,0.84,P02,TEAM_B,944.0,270,139.75,,,927,233,961,270,0.838,0.718
21,0.84,P05,TEAM_A,745.5,103,111.8,,,735,72,756,103,0.792,0.865
21,0.84,P08,TEAM_A,1016.0,246,51.54,,,1005,214,1027,246,0.785,0.721
21,0.84,P07,TEAM_A,975.0,255,67.31,,,958,221,992,255,0.731,0.872
22,0.88,P01,TEAM_A,329.0,150,0.0,,,319,110,339,150,0.89,0.717
22,0.88,P04,TEAM_B,845.5,146,0.0,,,835,112,856,146,0.865,0.863
22,0.88,P03,TEAM_A,801.5,211,0.0,,,788,165,815,211,0.847,1.0
22,0.88,P02,TEAM_B,944.0,270,0.0,,,927,233,961,270,0.838,0.718
22,0.88,P05,TEAM_A,745.5,103,0.0,,,735,72,756,103,0.792,0.865
22,0.88,P08,TEAM_A,1016.0,246,0.0,,,1005,214,1027,246,0.785,0.721
22,0.88,P07,TEAM_A,975.0,255,0.0,,,958,221,992,255,0.731,0.872
23,0.92,P01,TEAM_A,329.0,150,0.0,,,319,110,339,150,0.89,0.717
23,0.92,P04,TEAM_B,845.5,146,0.0,,,835,112,856,146,0.865,0.863
23,0.92,P03,TEAM_A,801.5,211,0.0,,,788,165,815,211,0.847,1.0
23,0.92,P02,TEAM_B,944.0,270,0.0,,,927,233,961,270,0.838,0.718
23,0.92,P05,TEAM_A,745.5,103,0.0,,,735,72,756,103,0.792,0.865
23,0.92,P08,TEAM_A,1016.0,246,0.0,,,1005,214,1027,246,0.785,0.721
23,0.92,P07,TEAM_A,975.0,255,0.0,,,958,221,992,255,0.731,0.872
24,0.96,P01,TEAM_A,329.0,149,25.0,,,319,110,339,149,0.888,0.858
24,0.96,P03,TEAM_A,813.0,211,287.5,,,796,167,830,211,0.86,1.0
24,0.96,P02,TEAM_B,949.5,274,170.02,,,935,237,964,274,0.851,0.724
24,0.96,P08,TEAM_A,1016.5,247,27.95,,,1005,214,1028,247,0.802,0.72
24,0.96,P05,TEAM_A,750.0,104,115.24,,,739,76,761,104,0.802,0.59
24,0.96,P07,TEAM_A,980.0,258,145.77,,,964,224,996,258,0.77,0.867
24,0.96,P04,TEAM_B,851.5,145,152.07,,,842,113,861,145,0.766,0.72
25,1.0,P01,TEAM_A,329.0,149,0.0,,,319,110,339,149,0.888,0.858
25,1.0,P03,TEAM_A,813.0,211,0.0,,,796,167,830,211,0.86,1.0
25,1.0,P02,TEAM_B,949.5,274,0.0,,,935,237,964,274,0.851,0.724
25,1.0,P08,TEAM_A,1016.5,247,0.0,,,1005,214,1028,247,0.802,0.72
25,1.0,P05,TEAM_A,750.0,104,0.0,,,739,76,761,104,0.802,0.59
25,1.0,P07,TEAM_A,980.0,258,0.0,,,964,224,996,258,0.77,0.867
25,1.0,P04,TEAM_B,851.5,145,0.0,,,842,113,861,145,0.766,0.72
26,1.04,P01,TEAM_A,329.0,149,0.0,,,319,110,339,149,0.888,0.858
26,1.04,P03,TEAM_A,813.0,211,0.0,,,796,167,830,211,0.86,1.0
26,1.04,P02,TEAM_B,949.5,274,0.0,,,935,237,964,274,0.851,0.724
26,1.04,P08,TEAM_A,1016.5,247,0.0,,,1005,214,1028,247,0.802,0.72
26,1.04,P05,TEAM_A,750.0,104,0.0,,,739,76,761,104,0.802,0.59
26,1.04,P07,TEAM_A,980.0,258,0.0,,,964,224,996,258,0.77,0.867
26,1.04,P04,TEAM_B,851.5,145,0.0,,,842,113,861,145,0.766,0.72
27,1.08,P01,TEAM_A,330.5,149,37.5,,,320,110,341,149,0.891,0.717
27,1.08,P02,TEAM_B,951.0,286,302.33,,,936,243,966,286,0.861,0.862
27,1.08,P03,TEAM_A,828.0,207,388.1,,,814,167,842,207,0.848,1.0
27,1.08,P08,TEAM_A,1017.5,248,35.36,,,1006,215,1029,248,0.815,0.718
27,1.08,P05,TEAM_A,756.5,107,178.97,,,747,78,766,107,0.776,0.737
27,1.08,P04,TEAM_B,854.0,146,67.31,,,844,117,864,146,0.755,0.724
27,1.08,P07,TEAM_A,982.0,256,70.71,,,967,224,997,256,0.678,0.859
27,1.08,P09,TEAM_A,986.0,255,44.4,,,974,223,998,255,0.468,0.855
27,1.08,P10,TEAM_B,1053.0,156,0,,,1040,119,1066,156,0.373,0.711
28,1.12,P01,TEAM_A,330.5,149,0.0,,,320,110,341,149,0.891,0.717
28,1.12,P02,TEAM_B,951.0,286,0.0,,,936,243,966,286,0.861,0.862
28,1.12,P03,TEAM_A,828.0,207,0.0,,,814,167,842,207,0.848,1.0
28,1.12,P08,TEAM_A,1017.5,248,0.0,,,1006,215,1029,248,0.815,0.718
28,1.12,P05,TEAM_A,756.5,107,0.0,,,747,78,766,107,0.776,0.737
28,1.12,P04,TEAM_B,854.0,146,0.0,,,844,117,864,146,0.755,0.724
28,1.12,P07,TEAM_A,982.0,256,0.0,,,967,224,997,256,0.678,0.859
28,1.12,P09,TEAM_A,986.0,255,0.0,,,974,223,998,255,0.468,0.855
28,1.12,P10,TEAM_B,1053.0,156,0.0,,,1040,119,1066,156,0.373,0.711
29,1.16,P01,TEAM_A,330.5,149,0.0,,,320,110,341,149,0.891,0.717
29,1.16,P02,TEAM_B,951.0,286,0.0,,,936,243,966,286,0.861,0.862
29,1.16,P03,TEAM_A,828.0,207,0.0,,,814,167,842,207,0.848,1.0
29,1.16,P08,TEAM_A,1017.5,248,0.0,,,1006,215,1029,248,0.815,0.718
29,1.16,P05,TEAM_A,756.5,107,0.0,,,747,78,766,107,0.776,0.737
29,1.16,P04,TEAM_B,854.0,146,0.0,,,844,117,864,146,0.755,0.724
29,1.16,P07,TEAM_A,982.0,256,0.0,,,967,224,997,256,0.678,0.859
29,1.16,P09,TEAM_A,986.0,255,0.0,,,974,223,998,255,0.468,0.855
29,1.16,P10,TEAM_B,1053.0,156,0.0,,,1040,119,1066,156,0.373,0.711
30,1.2,P01,TEAM_A,331.0,149,12.5,,,320,110,342,149,0.89,0.716
30,1.2,P02,TEAM_B,951.5,286,12.5,,,936,245,967,286,0.863,0.862
30,1.2,P08,TEAM_A,1017.5,248,0.0,,,1006,215,1029,248,0.82,0.717
30,1.2,P05,TEAM_A,759.5,108,79.06,,,750,79,769,108,0.816,1.0
30,1.2,P04,TEAM_B,857.5,148,100.78,,,847,119,868,148,0.765,0.867
30,1.2,P03,TEAM_A,834.0,208,152.07,,,817,167,851,208,0.759,1.0
30,1.2,P09,TEAM_A,985.5,254,27.95,,,972,223,999,254,0.675,1.0
30,1.2,P10,TEAM_B,1053.5,156,12.5,,,1041,119,1066,156,0.364,0.85
31,1.24,P01,TEAM_A,331.0,149,0.0,,,320,110,342,149,0.89,0.716
31,1.24,P02,TEAM_B,951.5,286,0.0,,,936,245,967,286,0.863,0.862
31,1.24,P08,TEAM_A,1017.5,248,0.0,,,1006,215,1029,248,0.82,0.717
31,1.24,P05,TEAM_A,759.5,108,0.0,,,750,79,769,108,0.816,1.0
31,1.24,P04,TEAM_B,857.5,148,0.0,,,847,119,868,148,0.765,0.867
31,1.24,P03,TEAM_A,834.0,208,0.0,,,817,167,851,208,0.759,1.0
31,1.24,P09,TEAM_A,985.5,254,0.0,,,972,223,999,254,0.675,1.0
31,1.24,P10,TEAM_B,1053.5,156,0.0,,,1041,119,1066,156,0.364,0.85
32,1.28,P01,TEAM_A,331.0,149,0.0,,,320,110,342,149,0.89,0.716
32,1.28,P02,TEAM_B,951.5,286,0.0,,,936,245,967,286,0.863,0.862
32,1.28,P08,TEAM_A,1017.5,248,0.0,,,1006,215,1029,248,0.82,0.717
32,1.28,P05,TEAM_A,759.5,108,0.0,,,750,79,769,108,0.816,1.0
32,1.28,P04,TEAM_B,857.5,148,0.0,,,847,119,868,148,0.765,0.867
32,1.28,P03,TEAM_A,834.0,208,0.0,,,817,167,851,208,0.759,1.0
32,1.28,P09,TEAM_A,985.5,254,0.0,,,972,223,999,254,0.675,1.0
32,1.28,P10,TEAM_B,1053.5,156,0.0,,,1041,119,1066,156,0.364,0.85
33,1.32,P01,TEAM_A,331.5,149,12.5,,,321,110,342,149,0.884,0.858
33,1.32,P02,TEAM_B,951.5,284,50.0,,,936,239,967,284,0.876,0.726
33,1.32,P03,TEAM_A,849.5,203,407.16,,,836,168,863,203,0.833,1.0
33,1.32,P05,TEAM_A,765.5,112,180.28,,,755,81,776,112,0.818,0.733
33,1.32,P08,TEAM_A,1017.0,246,51.54,,,1006,215,1028,246,0.811,0.719
33,1.32,P04,TEAM_B,862.5,151,145.77,,,852,119,873,151,0.788,0.864
33,1.32,P09,TEAM_A,986.0,257,76.03,,,972,224,1000,257,0.782,1.0
34,1.36,P01,TEAM_A,331.5,149,0.0,,,321,110,342,149,0.884,0.858
34,1.36,P02,TEAM_B,951.5,284,0.0,,,936,239,967,284,0.876,0.726
34,1.36,P03,TEAM_A,849.5,203,0.0,,,836,168,863,203,0.833,1.0
34,1.36,P05,TEAM_A,765.5,112,0.0,,,755,81,776,112,0.818,0.733
34,1.36,P08,TEAM_A,1017.0,246,0.0,,,1006,215,1028,246,0.811,0.719
34,1.36,P04,TEAM_B,862.5,151,0.0,,,852,119,873,151,0.788,0.864
34,1.36,P09,TEAM_A,986.0,257,0.0,,,972,224,1000,257,0.782,1.0
35,1.4,P01,TEAM_A,331.5,149,0.0,,,321,110,342,149,0.884,0.858
35,1.4,P02,TEAM_B,951.5,284,0.0,,,936,239,967,284,0.876,0.726
35,1.4,P03,TEAM_A,849.5,203,0.0,,,836,168,863,203,0.833,1.0
35,1.4,P05,TEAM_A,765.5,112,0.0,,,755,81,776,112,0.818,0.733
35,1.4,P08,TEAM_A,1017.0,246,0.0,,,1006,215,1028,246,0.811,0.719
35,1.4,P04,TEAM_B,862.5,151,0.0,,,852,119,873,151,0.788,0.864
35,1.4,P09,TEAM_A,986.0,257,0.0,,,972,224,1000,257,0.782,1.0
36,1.44,P02,TEAM_B,951.5,279,125.0,,,936,236,967,279,0.884,0.721
36,1.44,P01,TEAM_A,332.0,149,12.5,,,322,110,342,149,0.88,0.857
36,1.44,P11,TEAM_A,955.0,362,0,,,929,308,981,362,0.878,0.729
36,1.44,P08,TEAM_A,1016.5,246,12.5,,,1005,215,1028,246,0.842,0.718
36,1.44,P05,TEAM_A,769.0,114,100.78,,,759,85,779,114,0.83,0.866
36,1.44,P03,TEAM_A,857.0,203,187.5,,,842,165,872,203,0.821,1.0
36,1.44,P09,TEAM_A,986.5,258,27.95,,,972,223,1001,258,0.815,1.0
36,1.44,P04,TEAM_B,866.5,153,111.8,,,857,120,876,153,0.772,0.869
37,1.48,P02,TEAM_B,951.5,279,0.0,,,936,236,967,279,0.884,0.721
37,1.48,P01,TEAM_A,332.0,149,0.0,,,322,110,342,149,0.88,0.857
37,1.48,P11,TEAM_A,955.0,362,0.0,,,929,308,981,362,0.878,0.729
37,1.48,P08,TEAM_A,1016.5,246,0.0,,,1005,215,1028,246,0.842,0.718
37,1.48,P05,TEAM_A,769.0,114,0.0,,,759,85,779,114,0.83,0.866
37,1.48,P03,TEAM_A,857.0,203,0.0,,,842,165,872,203,0.821,1.0
37,1.48,P09,TEAM_A,986.5,258,0.0,,,972,223,1001,258,0.815,1.0
37,1.48,P04,TEAM_B,866.5,153,0.0,,,857,120,876,153,0.772,0.869
38,1.52,P02,TEAM_B,951.5,279,0.0,,,936,236,967,279,0.884,0.721
38,1.52,P01,TEAM_A,332.0,149,0.0,,,322,110,342,149,0.88,0.857
38,1.52,P11,TEAM_A,955.0,362,0.0,,,929,308,981,362,0.878,0.729
38,1.52,P08,TEAM_A,1016.5,246,0.0,,,1005,215,1028,246,0.842,0.718
38,1.52,P05,TEAM_A,769.0,114,0.0,,,759,85,779,114,0.83,0.866
38,1.52,P03,TEAM_A,857.0,203,0.0,,,842,165,872,203,0.821,1.0
38,1.52,P09,TEAM_A,986.5,258,0.0,,,972,223,1001,258,0.815,1.0
38,1.52,P04,TEAM_B,866.5,153,0.0,,,857,120,876,153,0.772,0.869
39,1.56,P02,TEAM_B,949.0,280,67.31,,,935,234,963,280,0.896,0.704
39,1.56,P11,TEAM_A,946.0,345,480.88,,,923,300,969,345,0.879,0.857
39,1.56,P01,TEAM_A,332.5,149,12.5,,,323,111,342,149,0.874,0.858
39,1.56,P05,TEAM_A,773.5,122,229.47,,,763,90,784,122,0.865,0.865
39,1.56,P03,TEAM_A,867.5,199,280.9,,,853,164,882,199,0.861,1.0
39,1.56,P04,TEAM_B,870.0,156,115.24,,,861,122,879,156,0.829,0.722
39,1.56,P08,TEAM_A,1017.0,246,12.5,,,1007,215,1027,246,0.796,0.717
39,1.56,P09,TEAM_A,987.0,255,76.03,,,974,221,1000,255,0.772,0.865
40,1.6,P02,TEAM_B,949.0,280,0.0,,,935,234,963,280,0.896,0.704
40,1.6,P11,TEAM_A,946.0,345,0.0,,,923,300,969,345,0.879,0.857
40,1.6,P01,TEAM_A,332.5,149,0.0,,,323,111,342,149,0.874,0.858
40,1.6,P05,TEAM_A,773.5,122,0.0,,,763,90,784,122,0.865,0.865
40,1.6,P03,TEAM_A,867.5,199,0.0,,,853,164,882,199,0.861,1.0
40,1.6,P04,TEAM_B,870.0,156,0.0,,,861,122,879,156,0.829,0.722
40,1.6,P08,TEAM_A,1017.0,246,0.0,,,1007,215,1027,246,0.796,0.717
40,1.6,P09,TEAM_A,987.0,255,0.0,,,974,221,1000,255,0.772,0.865
41,1.64,P02,TEAM_B,949.0,280,0.0,,,935,234,963,280,0.896,0.704
41,1.64,P11,TEAM_A,946.0,345,0.0,,,923,300,969,345,0.879,0.857
41,1.64,P01,TEAM_A,332.5,149,0.0,,,323,111,342,149,0.874,0.858
41,1.64,P05,TEAM_A,773.5,122,0.0,,,763,90,784,122,0.865,0.865
41,1.64,P03,TEAM_A,867.5,199,0.0,,,853,164,882,199,0.861,1.0
41,1.64,P04,TEAM_B,870.0,156,0.0,,,861,122,879,156,0.829,0.722
41,1.64,P08,TEAM_A,1017.0,246,0.0,,,1007,215,1027,246,0.796,0.717
41,1.64,P09,TEAM_A,987.0,255,0.0,,,974,221,1000,255,0.772,0.865
42,1.68,P02,TEAM_B,946.5,274,162.5,,,934,226,959,274,0.872,0.568
42,1.68,P01,TEAM_A,333.5,149,25.0,,,324,111,343,149,0.87,0.718
42,1.68,P03,TEAM_A,879.0,199,287.5,,,865,165,893,199,0.859,1.0
42,1.68,P05,TEAM_A,778.5,128,195.26,,,767,96,790,128,0.841,0.857
42,1.68,P04,TEAM_B,871.5,158,62.5,,,862,125,881,158,0.822,0.863
42,1.68,P11,TEAM_A,930.5,337,436.07,,,911,290,950,337,0.792,0.85
42,1.68,P08,TEAM_A,1016.0,246,25.0,,,1006,216,1026,246,0.783,0.714
42,1.68,P09,TEAM_A,988.5,254,45.07,,,977,218,1000,254,0.746,1.0
42,1.68,P07,TEAM_A,948.0,335,165.4,,,936,287,960,335,0.72,0.72
43,1.72,P02,TEAM_B,946.5,274,0.0,,,934,226,959,274,0.872,0.568
43,1.72,P01,TEAM_A,333.5,149,0.0,,,324,111,343,149,0.87,0.718
43,1.72,P03,TEAM_A,879.0,199,0.0,,,865,165,893,199,0.859,1.0
43,1.72,P05,TEAM_A,778.5,128,0.0,,,767,96,790,128,0.841,0.857
43,1.72,P04,TEAM_B,871.5,158,0.0,,,862,125,881,158,0.822,0.863
43,1.72,P11,TEAM_A,930.5,337,0.0,,,911,290,950,337,0.792,0.85
43,1.72,P08,TEAM_A,1016.0,246,0.0,,,1006,216,1026,246,0.783,0.714
43,1.72,P09,TEAM_A,988.5,254,0.0,,,977,218,1000,254,0.746,1.0
43,1.72,P07,TEAM_A,948.0,335,0.0,,,936,287,960,335,0.72,0.72
44,1.76,P02,TEAM_B,946.5,274,0.0,,,934,226,959,274,0.872,0.568
44,1.76,P01,TEAM_A,333.5,149,0.0,,,324,111,343,149,0.87,0.718
44,1.76,P03,TEAM_A,879.0,199,0.0,,,865,165,893,199,0.859,1.0
44,1.76,P05,TEAM_A,778.5,128,0.0,,,767,96,790,128,0.841,0.857
44,1.76,P04,TEAM_B,871.5,158,0.0,,,862,125,881,158,0.822,0.863
44,1.76,P11,TEAM_A,930.5,337,0.0,,,911,290,950,337,0.792,0.85
44,1.76,P08,TEAM_A,1016.0,246,0.0,,,1006,216,1026,246,0.783,0.714
44,1.76,P09,TEAM_A,988.5,254,0.0,,,977,218,1000,254,0.746,1.0
44,1.76,P07,TEAM_A,948.0,335,0.0,,,936,287,960,335,0.72,0.72
45,1.8,P01,TEAM_A,333.5,149,0.0,,,324,111,343,149,0.873,0.859
45,1.8,P03,TEAM_A,887.5,197,218.3,,,874,162,901,197,0.864,1.0
45,1.8,P02,TEAM_B,944.5,264,254.95,,,932,221,957,264,0.857,0.705
45,1.8,P05,TEAM_A,783.0,128,112.5,,,771,98,795,128,0.841,0.723
45,1.8,P08,TEAM_A,1015.0,245,35.36,,,1005,217,1025,245,0.745,0.714
45,1.8,P09,TEAM_A,987.0,257,83.85,,,975,216,999,257,0.734,1.0
45,1.8,P04,TEAM_B,874.0,159,67.31,,,864,128,884,159,0.699,0.862
46,1.84,P01,TEAM_A,333.5,149,0.0,,,324,111,343,149,0.873,0.859
46,1.84,P03,TEAM_A,887.5,197,0.0,,,874,162,901,197,0.864,1.0
46,1.84,P02,TEAM_B,944.5,264,0.0,,,932,221,957,264,0.857,0.705
46,1.84,P05,TEAM_A,783.0,128,0.0,,,771,98,795,128,0.841,0.723
46,1.84,P08,TEAM_A,1015.0,245,0.0,,,1005,217,1025,245,0.745,0.714
46,1.84,P09,TEAM_A,987.0,257,0.0,,,975,216,999,257,0.734,1.0
46,1.84,P04,TEAM_B,874.0,159,0.0,,,864,128,884,159,0.699,0.862
47,1.88,P01,TEAM_A,333.5,149,0.0,,,324,111,343,149,0.873,0.859
47,1.88,P03,TEAM_A,887.5,197,0.0,,,874,162,901,197,0.864,1.0
47,1.88,P02,TEAM_B,944.5,264,0.0,,,932,221,957,264,0.857,0.705
47,1.88,P05,TEAM_A,783.0,128,0.0,,,771,98,795,128,0.841,0.723
47,1.88,P08,TEAM_A,1015.0,245,0.0,,,1005,217,1025,245,0.745,0.714
47,1.88,P09,TEAM_A,987.0,257,0.0,,,975,216,999,257,0.734,1.0
47,1.88,P04,TEAM_B,874.0,159,0.0,,,864,128,884,159,0.699,0.862
48,1.92,P01,TEAM_A,335.0,149,37.5,892.0,289.5,325,110,345,149,0.887,0.859
48,1.92,P11,TEAM_A,915.5,314,171.62,892.0,289.5,891,267,940,314,0.867,0.846
48,1.92,P02,TEAM_B,937.0,256,274.15,892.0,289.5,924,215,950,256,0.862,0.715
48,1.92,P05,TEAM_A,789.0,138,291.55,892.0,289.5,776,103,802,138,0.857,1.0
48,1.92,P03,TEAM_A,895.5,191,250.0,892.0,289.5,882,161,909,191,0.843,1.0
48,1.92,P04,TEAM_B,875.0,159,25.0,892.0,289.5,866,129,884,159,0.741,0.858
48,1.92,P09,TEAM_A,986.0,257,25.0,892.0,289.5,974,216,998,257,0.74,0.873
48,1.92,P08,TEAM_A,982.5,250,822.06,892.0,289.5,970,213,995,250,0.585,0.858
48,1.92,P12,TEAM_A,1013.5,244,0,892.0,289.5,1004,215,1023,244,0.412,0.579
49,1.96,P01,TEAM_A,335.0,149,0.0,892.0,289.5,325,110,345,149,0.887,0.859
49,1.96,P11,TEAM_A,915.5,314,0.0,892.0,289.5,891,267,940,314,0.867,0.846
49,1.96,P02,TEAM_B,937.0,256,0.0,892.0,289.5,924,215,950,256,0.862,0.715
49,1.96,P05,TEAM_A,789.0,138,0.0,892.0,289.5,776,103,802,138,0.857,1.0
49,1.96,P03,TEAM_A,895.5,191,0.0,892.0,289.5,882,161,909,191,0.843,1.0
49,1.96,P04,TEAM_B,875.0,159,0.0,892.0,289.5,866,129,884,159,0.741,0.858
49,1.96,P09,TEAM_A,986.0,257,0.0,892.0,289.5,974,216,998,257,0.74,0.873
49,1.96,P08,TEAM_A,982.5,250,0.0,892.0,289.5,970,213,995,250,0.585,0.858
49,1.96,P12,TEAM_A,1013.5,244,0.0,892.0,289.5,1004,215,1023,244,0.412,0.579
50,2.0,P01,TEAM_A,335.0,149,0.0,892.0,289.5,325,110,345,149,0.887,0.859
50,2.0,P11,TEAM_A,915.5,314,0.0,892.0,289.5,891,267,940,314,0.867,0.846
50,2.0,P02,TEAM_B,937.0,256,0.0,892.0,289.5,924,215,950,256,0.862,0.715
50,2.0,P05,TEAM_A,789.0,138,0.0,892.0,289.5,776,103,802,138,0.857,1.0
50,2.0,P03,TEAM_A,895.5,191,0.0,892.0,289.5,882,161,909,191,0.843,1.0
50,2.0,P04,TEAM_B,875.0,159,0.0,892.0,289.5,866,129,884,159,0.741,0.858
50,2.0,P09,TEAM_A,986.0,257,0.0,892.0,289.5,974,216,998,257,0.74,0.873
50,2.0,P08,TEAM_A,982.5,250,0.0,892.0,289.5,970,213,995,250,0.585,0.858
50,2.0,P12,TEAM_A,1013.5,244,0.0,892.0,289.5,1004,215,1023,244,0.412,0.579
51,2.04,P01,TEAM_A,335.5,149,12.5,,,325,109,346,149,0.89,1.0
51,2.04,P11,TEAM_A,909.5,305,270.42,,,890,258,929,305,0.874,0.583
51,2.04,P05,TEAM_A,794.5,142,170.02,,,783,109,806,142,0.872,1.0
51,2.04,P02,TEAM_B,933.5,250,173.66,,,921,209,946,250,0.863,0.706
51,2.04,P03,TEAM_A,903.5,189,206.16,,,891,160,916,189,0.825,0.865
51,2.04,P09,TEAM_A,984.5,257,37.5,,,973,215,996,257,0.816,1.0
51,2.04,P04,TEAM_B,877.0,161,70.71,,,869,130,885,161,0.781,0.852
51,2.04,P08,TEAM_A,981.5,246,103.08,,,970,211,993,246,0.621,0.87
51,2.04,P12,TEAM_A,1011.0,242,80.04,,,1000,212,1022,242,0.4,0.582
52,2.08,P01,TEAM_A,335.5,149,0.0,,,325,109,346,149,0.89,1.0
52,2.08,P11,TEAM_A,909.5,305,0.0,,,890,258,929,305,0.874,0.583
52,2.08,P05,TEAM_A,794.5,142,0.0,,,783,109,806,142,0.872,1.0
52,2.08,P02,TEAM_B,933.5,250,0.0,,,921,209,946,250,0.863,0.706
52,2.08,P03,TEAM_A,903.5,189,0.0,,,891,160,916,189,0.825,0.865
52,2.08,P09,TEAM_A,984.5,257,0.0,,,973,215,996,257,0.816,1.0
52,2.08,P04,TEAM_B,877.0,161,0.0,,,869,130,885,161,0.781,0.852
52,2.08,P08,TEAM_A,981.5,246,0.0,,,970,211,993,246,0.621,0.87
52,2.08,P12,TEAM_A,1011.0,242,0.0,,,1000,212,1022,242,0.4,0.582
53,2.12,P01,TEAM_A,335.5,149,0.0,,,325,109,346,149,0.89,1.0
53,2.12,P11,TEAM_A,909.5,305,0.0,,,890,258,929,305,0.874,0.583
53,2.12,P05,TEAM_A,794.5,142,0.0,,,783,109,806,142,0.872,1.0
53,2.12,P02,TEAM_B,933.5,250,0.0,,,921,209,946,250,0.863,0.706
53,2.12,P03,TEAM_A,903.5,189,0.0,,,891,160,916,189,0.825,0.865
53,2.12,P09,TEAM_A,984.5,257,0.0,,,973,215,996,257,0.816,1.0
53,2.12,P04,TEAM_B,877.0,161,0.0,,,869,130,885,161,0.781,0.852
53,2.12,P08,TEAM_A,981.5,246,0.0,,,970,211,993,246,0.621,0.87
53,2.12,P12,TEAM_A,1011.0,242,0.0,,,1000,212,1022,242,0.4,0.582
54,2.16,P01,TEAM_A,336.0,149,12.5,,,326,109,346,149,0.89,0.86
54,2.16,P11,TEAM_B,898.5,300,302.08,,,881,245,916,300,0.886,0.572
54,2.16,P02,TEAM_B,928.0,239,307.46,,,914,202,942,239,0.884,0.853
54,2.16,P03,TEAM_A,910.0,187,170.02,,,900,158,920,187,0.86,0.865
54,2.16,P05,TEAM_A,798.5,148,180.28,,,786,117,811,148,0.831,1.0
54,2.16,P04,TEAM_B,878.0,164,79.06,,,869,133,887,164,0.805,0.712
54,2.16,P08,TEAM_A,978.0,238,218.3,,,966,205,990,238,0.787,0.536
54,2.16,P09,TEAM_A,982.5,248,230.49,,,971,212,994,248,0.71,1.0
54,2.16,P12,TEAM_A,1013.5,239,97.63,,,1004,212,1023,239,0.423,0.719
55,2.2,P01,TEAM_A,336.0,149,0.0,,,326,109,346,149,0.89,0.86
55,2.2,P11,TEAM_B,898.5,300,0.0,,,881,245,916,300,0.886,0.572
55,2.2,P02,TEAM_B,928.0,239,0.0,,,914,202,942,239,0.884,0.853
55,2.2,P03,TEAM_A,910.0,187,0.0,,,900,158,920,187,0.86,0.865
55,2.2,P05,TEAM_A,798.5,148,0.0,,,786,117,811,148,0.831,1.0
55,2.2,P04,TEAM_B,878.0,164,0.0,,,869,133,887,164,0.805,0.712
55,2.2,P08,TEAM_A,978.0,238,0.0,,,966,205,990,238,0.787,0.536
55,2.2,P09,TEAM_A,982.5,248,0.0,,,971,212,994,248,0.71,1.0
55,2.2,P12,TEAM_A,1013.5,239,0.0,,,1004,212,1023,239,0.423,0.719
56,2.24,P01,TEAM_A,336.0,149,0.0,,,326,109,346,149,0.89,0.86
56,2.24,P11,TEAM_B,898.5,300,0.0,,,881,245,916,300,0.886,0.572
56,2.24,P02,TEAM_B,928.0,239,0.0,,,914,202,942,239,0.884,0.853
56,2.24,P03,TEAM_A,910.0,187,0.0,,,900,158,920,187,0.86,0.865
56,2.24,P05,TEAM_A,798.5,148,0.0,,,786,117,811,148,0.831,1.0
56,2.24,P04,TEAM_B,878.0,164,0.0,,,869,133,887,164,0.805,0.712
56,2.24,P08,TEAM_A,978.0,238,0.0,,,966,205,990,238,0.787,0.536
56,2.24,P09,TEAM_A,982.5,248,0.0,,,971,212,994,248,0.71,1.0
56,2.24,P12,TEAM_A,1013.5,239,0.0,,,1004,212,1023,239,0.423,0.719
57,2.28,P01,TEAM_A,337.0,148,35.36,,,327,108,347,148,0.884,0.721
57,2.28,P11,TEAM_B,890.5,298,206.16,,,871,234,910,298,0.871,0.565
57,2.28,P02,TEAM_B,921.0,233,230.49,,,907,198,935,233,0.869,1.0
57,2.28,P04,TEAM_B,877.5,169,125.62,,,868,137,887,169,0.85,0.711
57,2.28,P03,TEAM_A,914.5,186,115.24,,,904,153,925,186,0.843,0.853
57,2.28,P05,TEAM_A,807.0,154,260.11,,,794,121,820,154,0.827,1.0
57,2.28,P08,TEAM_B,975.5,232,162.5,,,963,201,988,232,0.738,0.598
57,2.28,P09,TEAM_A,980.5,246,70.71,,,969,213,992,246,0.655,0.871
57,2.28,P12,TEAM_A,1009.0,237,123.11,,,999,211,1019,237,0.53,0.58
57,2.28,P10,TEAM_B,1053.0,156,0.5,,,1040,119,1066,156,0.393,0.85
58,2.32,P01,TEAM_A,337.0,148,0.0,,,327,108,347,148,0.884,0.721
58,2.32,P11,TEAM_B,890.5,298,0.0,,,871,234,910,298,0.871,0.565
58,2.32,P02,TEAM_B,921.0,233,0.0,,,907,198,935,233,0.869,1.0
58,2.32,P04,TEAM_B,877.5,169,0.0,,,868,137,887,169,0.85,0.711
58,2.32,P03,TEAM_A,914.5,186,0.0,,,904,153,925,186,0.843,0.853
58,2.32,P05,TEAM_A,807.0,154,0.0,,,794,121,820,154,0.827,1.0
58,2.32,P08,TEAM_B,975.5,232,0.0,,,963,201,988,232,0.738,0.598
58,2.32,P09,TEAM_A,980.5,246,0.0,,,969,213,992,246,0.655,0.871
58,2.32,P12,TEAM_A,1009.0,237,0.0,,,999,211,1019,237,0.53,0.58
58,2.32,P10,TEAM_B,1053.0,156,0.0,,,1040,119,1066,156,0.393,0.85
59,2.36,P01,TEAM_A,337.0,148,0.0,,,327,108,347,148,0.884,0.721
59,2.36,P11,TEAM_B,890.5,298,0.0,,,871,234,910,298,0.871,0.565
59,2.36,P02,TEAM_B,921.0,233,0.0,,,907,198,935,233,0.869,1.0
59,2.36,P04,TEAM_B,877.5,169,0.0,,,868,137,887,169,0.85,0.711
59,2.36,P03,TEAM_A,914.5,186,0.0,,,904,153,925,186,0.843,0.853
59,2.36,P05,TEAM_A,807.0,154,0.0,,,794,121,820,154,0.827,1.0
59,2.36,P08,TEAM_B,975.5,232,0.0,,,963,201,988,232,0.738,0.598
59,2.36,P09,TEAM_A,980.5,246,0.0,,,969,213,992,246,0.655,0.871
59,2.36,P12,TEAM_A,1009.0,237,0.0,,,999,211,1019,237,0.53,0.58
59,2.36,P10,TEAM_B,1053.0,156,0.0,,,1040,119,1066,156,0.393,0.85
60,2.4,P01,TEAM_A,337.0,148,0.0,,,327,107,347,148,0.881,0.86
60,2.4,P02,TEAM_B,919.0,227,158.11,,,906,193,932,227,0.872,0.725
60,2.4,P11,TEAM_B,888.5,285,328.82,,,872,228,905,285,0.861,0.844
60,2.4,P05,TEAM_A,811.5,156,123.11,,,799,122,824,156,0.858,0.861
60,2.4,P04,TEAM_B,876.0,169,37.5,,,866,139,886,169,0.852,0.702
60,2.4,P08,TEAM_B,974.5,231,35.36,,,963,198,986,231,0.78,0.715
60,2.4,P03,TEAM_A,918.5,181,160.08,,,909,150,928,181,0.769,0.851
60,2.4,P12,TEAM_A,1008.0,236,35.36,,,998,210,1018,236,0.738,0.718
60,2.4,P09,TEAM_A,979.0,247,45.07,,,967,213,991,247,0.714,1.0
60,2.4,P07,TEAM_A,879.0,308,115.77,,,864,274,894,308,0.712,0.862
60,2.4,P10,TEAM_B,1053.0,155,25.0,,,1040,119,1066,155,0.553,0.714
61,2.44,P01,TEAM_A,337.0,148,0.0,,,327,107,347,148,0.881,0.86
61,2.44,P02,TEAM_B,919.0,227,0.0,,,906,193,932,227,0.872,0.725
61,2.44,P11,TEAM_B,888.5,285,0.0,,,872,228,905,285,0.861,0.844
61,2.44,P05,TEAM_A,811.5,156,0.0,,,799,122,824,156,0.858,0.861
61,2.44,P04,TEAM_B,876.0,169,0.0,,,866,139,886,169,0.852,0.702
61,2.44,P08,TEAM_B,974.5,231,0.0,,,963,198,986,231,0.78,0.715
61,2.44,P03,TEAM_A,918.5,181,0.0,,,909,150,928,181,0.769,0.851
61,2.44,P12,TEAM_A,1008.0,236,0.0,,,998,210,1018,236,0.738,0.718
61,2.44,P09,TEAM_A,979.0,247,0.0,,,967,213,991,247,0.714,1.0
61,2.44,P07,TEAM_A,879.0,308,0.0,,,864,274,894,308,0.712,0.862
61,2.44,P10,TEAM_B,1053.0,155,0.0,,,1040,119,1066,155,0.553,0.714
62,2.48,P01,TEAM_A,337.0,148,0.0,,,327,107,347,148,0.881,0.86
62,2.48,P02,TEAM_B,919.0,227,0.0,,,906,193,932,227,0.872,0.725
62,2.48,P11,TEAM_B,888.5,285,0.0,,,872,228,905,285,0.861,0.844
62,2.48,P05,TEAM_A,811.5,156,0.0,,,799,122,824,156,0.858,0.861
62,2.48,P04,TEAM_B,876.0,169,0.0,,,866,139,886,169,0.852,0.702
62,2.48,P08,TEAM_B,974.5,231,0.0,,,963,198,986,231,0.78,0.715
62,2.48,P03,TEAM_A,918.5,181,0.0,,,909,150,928,181,0.769,0.851
62,2.48,P12,TEAM_A,1008.0,236,0.0,,,998,210,1018,236,0.738,0.718
62,2.48,P09,TEAM_A,979.0,247,0.0,,,967,213,991,247,0.714,1.0
62,2.48,P07,TEAM_A,879.0,308,0.0,,,864,274,894,308,0.712,0.862
62,2.48,P10,TEAM_B,1053.0,155,0.0,,,1040,119,1066,155,0.553,0.714
63,2.52,P01,TEAM_A,339.5,146,80.04,,,329,106,350,146,0.884,0.858
63,2.52,P11,TEAM_B,879.5,264,571.18,,,863,221,896,264,0.856,0.563
63,2.52,P02,TEAM_B,916.0,220,190.39,,,903,189,929,220,0.856,0.713
63,2.52,P05,TEAM_A,816.5,158,134.63,,,804,124,829,158,0.855,1.0
63,2.52,P04,TEAM_B,872.0,169,100.0,,,859,139,885,169,0.827,0.72
63,2.52,P03,TEAM_A,919.0,178,76.03,,,909,148,929,178,0.77,0.851
63,2.52,P12,TEAM_A,1008.5,236,12.5,,,999,209,1018,236,0.756,0.582
63,2.52,P09,TEAM_A,976.5,243,117.92,,,966,207,987,243,0.714,0.853
63,2.52,P07,TEAM_A,866.5,311,321.37,,,850,278,883,311,0.712,1.0
63,2.52,P08,TEAM_B,974.0,229,51.54,,,963,194,985,229,0.708,0.707
63,2.52,P10,TEAM_B,1052.5,156,27.95,,,1039,118,1066,156,0.41,0.708
63,2.52,P13,TEAM_B,974.5,236,0,,,963,199,986,236,0.358,0.548
64,2.56,P01,TEAM_A,339.5,146,0.0,,,329,106,350,146,0.884,0.858
64,2.56,P11,TEAM_B,879.5,264,0.0,,,863,221,896,264,0.856,0.563
64,2.56,P02,TEAM_B,916.0,220,0.0,,,903,189,929,220,0.856,0.713
64,2.56,P05,TEAM_A,816.5,158,0.0,,,804,124,829,158,0.855,1.0
64,2.56,P04,TEAM_B,872.0,169,0.0,,,859,139,885,169,0.827,0.72
64,2.56,P03,TEAM_A,919.0,178,0.0,,,909,148,929,178,0.77,0.851
64,2.56,P12,TEAM_A,1008.5,236,0.0,,,999,209,1018,236,0.756,0.582
64,2.56,P09,TEAM_A,976.5,243,0.0,,,966,207,987,243,0.714,0.853
64,2.56,P07,TEAM_A,866.5,311,0.0,,,850,278,883,311,0.712,1.0
64,2.56,P08,TEAM_B,974.0,229,0.0,,,963,194,985,229,0.708,0.707
64,2.56,P10,TEAM_B,1052.5,156,0.0,,,1039,118,1066,156,0.41,0.708
64,2.56,P13,TEAM_B,974.5,236,0.0,,,963,199,986,236,0.358,0.548
65,2.6,P01,TEAM_A,339.5,146,0.0,,,329,106,350,146,0.884,0.858
65,2.6,P11,TEAM_B,879.5,264,0.0,,,863,221,896,264,0.856,0.563
65,2.6,P02,TEAM_B,916.0,220,0.0,,,903,189,929,220,0.856,0.713
65,2.6,P05,TEAM_A,816.5,158,0.0,,,804,124,829,158,0.855,1.0
65,2.6,P04,TEAM_B,872.0,169,0.0,,,859,139,885,169,0.827,0.72
65,2.6,P03,TEAM_A,919.0,178,0.0,,,909,148,929,178,0.77,0.851
65,2.6,P12,TEAM_A,1008.5,236,0.0,,,999,209,1018,236,0.756,0.582
65,2.6,P09,TEAM_A,976.5,243,0.0,,,966,207,987,243,0.714,0.853
65,2.6,P07,TEAM_A,866.5,311,0.0,,,850,278,883,311,0.712,1.0
65,2.6,P08,TEAM_B,974.0,229,0.0,,,963,194,985,229,0.708,0.707
65,2.6,P10,TEAM_B,1052.5,156,0.0,,,1039,118,1066,156,0.41,0.708
65,2.6,P13,TEAM_B,974.5,236,0.0,,,963,199,986,236,0.358,0.548
66,2.64,P01,TEAM_A,340.5,146,25.0,,,330,106,351,146,0.879,0.857
66,2.64,P11,TEAM_B,868.5,261,285.04,,,850,215,887,261,0.875,0.708
66,2.64,P02,TEAM_B,910.5,220,137.5,,,897,185,924,220,0.866,0.854
66,2.64,P05,TEAM_A,820.0,162,132.88,,,808,127,832,162,0.861,1.0
66,2.64,P04,TEAM_B,870.5,169,37.5,,,858,137,883,169,0.85,0.863
66,2.64,P03,TEAM_A,919.5,177,27.95,,,909,147,930,177,0.813,0.859
66,2.64,P13,TEAM_A,973.0,238,62.5,,,963,199,983,238,0.774,0.592
66,2.64,P08,TEAM_B,970.5,229,87.5,,,960,191,981,229,0.738,0.709
66,2.64,P12,TEAM_A,1009.5,236,25.0,,,1000,208,1019,236,0.644,0.856
67,2.68,P01,TEAM_A,340.5,146,0.0,,,330,106,351,146,0.879,0.857
67,2.68,P11,TEAM_B,868.5,261,0.0,,,850,215,887,261,0.875,0.708
67,2.68,P02,TEAM_B,910.5,220,0.0,,,897,185,924,220,0.866,0.854
67,2.68,P05,TEAM_A,820.0,162,0.0,,,808,127,832,162,0.861,1.0
67,2.68,P04,TEAM_B,870.5,169,0.0,,,858,137,883,169,0.85,0.863
67,2.68,P03,TEAM_A,919.5,177,0.0,,,909,147,930,177,0.813,0.859
67,2.68,P13,TEAM_A,973.0,238,0.0,,,963,199,983,238,0.774,0.592
67,2.68,P08,TEAM_B,970.5,229,0.0,,,960,191,981,229,0.738,0.709
67,2.68,P12,TEAM_A,1009.5,236,0.0,,,1000,208,1019,236,0.644,0.856
68,2.72,P01,TEAM_A,340.5,146,0.0,,,330,106,351,146,0.879,0.857
68,2.72,P11,TEAM_B,868.5,261,0.0,,,850,215,887,261,0.875,0.708
68,2.72,P02,TEAM_B,910.5,220,0.0,,,897,185,924,220,0.866,0.854
68,2.72,P05,TEAM_A,820.0,162,0.0,,,808,127,832,162,0.861,1.0
68,2.72,P04,TEAM_B,870.5,169,0.0,,,858,137,883,169,0.85,0.863
68,2.72,P03,TEAM_A,919.5,177,0.0,,,909,147,930,177,0.813,0.859
68,2.72,P13,TEAM_A,973.0,238,0.0,,,963,199,983,238,0.774,0.592
68,2.72,P08,TEAM_B,970.5,229,0.0,,,960,191,981,229,0.738,0.709
68,2.72,P12,TEAM_A,1009.5,236,0.0,,,1000,208,1019,236,0.644,0.856
69,2.76,P04,TEAM_B,868.0,168,67.31,,,857,134,879,168,0.881,0.715
69,2.76,P11,TEAM_B,861.5,252,285.04,,,847,204,876,252,0.88,0.853
69,2.76,P01,TEAM_A,341.5,145,35.36,,,331,106,352,145,0.877,0.855
69,2.76,P02,TEAM_B,903.5,218,182.0,,,891,178,916,218,0.87,0.708
69,2.76,P05,TEAM_A,821.5,163,45.07,,,809,131,834,163,0.855,1.0
69,2.76,P08,TEAM_B,967.0,231,100.78,,,956,190,978,231,0.849,0.697
69,2.76,P03,TEAM_A,922.0,176,67.31,,,912,145,932,176,0.826,0.858
69,2.76,P12,TEAM_B,1008.5,236,25.0,,,999,208,1018,236,0.702,0.549
70,2.8,P04,TEAM_B,868.0,168,0.0,,,857,134,879,168,0.881,0.715
70,2.8,P11,TEAM_B,861.5,252,0.0,,,847,204,876,252,0.88,0.853
70,2.8,P01,TEAM_A,341.5,145,0.0,,,331,106,352,145,0.877,0.855
70,2.8,P02,TEAM_B,903.5,218,0.0,,,891,178,916,218,0.87,0.708
70,2.8,P05,TEAM_A,821.5,163,0.0,,,809,131,834,163,0.855,1.0
70,2.8,P08,TEAM_B,967.0,231,0.0,,,956,190,978,231,0.849,0.697
70,2.8,P03,TEAM_A,922.0,176,0.0,,,912,145,932,176,0.826,0.858
70,2.8,P12,TEAM_B,1008.5,236,0.0,,,999,208,1018,236,0.702,0.549
71,2.84,P04,TEAM_B,868.0,168,0.0,,,857,134,879,168,0.881,0.715
71,2.84,P11,TEAM_B,861.5,252,0.0,,,847,204,876,252,0.88,0.853
71,2.84,P01,TEAM_A,341.5,145,0.0,,,331,106,352,145,0.877,0.855
71,2.84,P02,TEAM_B,903.5,218,0.0,,,891,178,916,218,0.87,0.708
71,2.84,P05,TEAM_A,821.5,163,0.0,,,809,131,834,163,0.855,1.0
71,2.84,P08,TEAM_B,967.0,231,0.0,,,956,190,978,231,0.849,0.697
71,2.84,P03,TEAM_A,922.0,176,0.0,,,912,145,932,176,0.826,0.858
71,2.84,P12,TEAM_B,1008.5,236,0.0,,,999,208,1018,236,0.702,0.549
72,2.88,P01,TEAM_A,340.5,145,25.0,,,329,107,352,145,0.88,0.856
72,2.88,P08,TEAM_B,964.5,228,97.63,,,955,187,974,228,0.86,0.724
72,2.88,P11,TEAM_A,852.0,243,327.16,,,840,197,864,243,0.851,0.552
72,2.88,P02,TEAM_B,896.5,207,325.96,,,886,171,907,207,0.849,0.846
72,2.88,P04,TEAM_B,864.0,167,103.08,,,853,134,875,167,0.845,0.707
72,2.88,P03,TEAM_A,923.0,173,79.06,,,913,141,933,173,0.822,0.721
72,2.88,P05,TEAM_A,823.5,166,90.14,,,809,136,838,166,0.818,1.0
72,2.88,P12,TEAM_A,1010.5,237,55.9,,,1000,208,1021,237,0.686,0.721
73,2.92,P01,TEAM_A,340.5,145,0.0,,,329,107,352,145,0.88,0.856
73,2.92,P08,TEAM_B,964.5,228,0.0,,,955,187,974,228,0.86,0.724
73,2.92,P11,TEAM_A,852.0,243,0.0,,,840,197,864,243,0.851,0.552
73,2.92,P02,TEAM_B,896.5,207,0.0,,,886,171,907,207,0.849,0.846
73,2.92,P04,TEAM_B,864.0,167,0.0,,,853,134,875,167,0.845,0.707
73,2.92,P03,TEAM_A,923.0,173,0.0,,,913,141,933,173,0.822,0.721
73,2.92,P05,TEAM_A,823.5,166,0.0,,,809,136,838,166,0.818,1.0
73,2.92,P12,TEAM_A,1010.5,237,0.0,,,1000,208,1021,237,0.686,0.721
74,2.96,P01,TEAM_A,340.5,145,0.0,,,329,107,352,145,0.88,0.856
74,2.96,P08,TEAM_B,964.5,228,0.0,,,955,187,974,228,0.86,0.724
74,2.96,P11,TEAM_A,852.0,243,0.0,,,840,197,864,243,0.851,0.552
74,2.96,P02,TEAM_B,896.5,207,0.0,,,886,171,907,207,0.849,0.846
74,2.96,P04,TEAM_B,864.0,167,0.0,,,853,134,875,167,0.845,0.707
74,2.96,P03,TEAM_A,923.0,173,0.0,,,913,141,933,173,0.822,0.721
74,2.96,P05,TEAM_A,823.5,166,0.0,,,809,136,838,166,0.818,1.0
74,2.96,P12,TEAM_A,1010.5,237,0.0,,,1000,208,1021,237,0.686,0.721
75,3.0,P01,TEAM_A,339.5,145,25.0,,,327,107,352,145,0.893,0.855
75,3.0,P11,TEAM_A,838.5,236,380.17,,,824,190,853,236,0.872,0.57
75,3.0,P02,TEAM_B,889.0,203,212.5,,,876,166,902,203,0.867,0.699
75,3.0,P08,TEAM_B,961.0,230,100.78,,,950,186,972,230,0.846,0.573
75,3.0,P04,TEAM_B,859.5,166,115.24,,,848,134,871,166,0.826,0.844
75,3.0,P03,TEAM_A,923.0,172,25.0,,,913,139,933,172,0.823,0.861
75,3.0,P05,TEAM_A,825.5,173,182.0,,,810,138,841,173,0.797,1.0
75,3.0,P12,TEAM_A,1011.0,237,12.5,,,1000,209,1022,237,0.675,0.716
76,3.04,P01,TEAM_A,339.5,145,0.0,,,327,107,352,145,0.893,0.855
76,3.04,P11,TEAM_A,838.5,236,0.0,,,824,190,853,236,0.872,0.57
76,3.04,P02,TEAM_B,889.0,203,0.0,,,876,166,902,203,0.867,0.699
76,3.04,P08,TEAM_B,961.0,230,0.0,,,950,186,972,230,0.846,0.573
76,3.04,P04,TEAM_B,859.5,166,0.0,,,848,134,871,166,0.826,0.844
76,3.04,P03,TEAM_A,923.0,172,0.0,,,913,139,933,172,0.823,0.861
76,3.04,P05,TEAM_A,825.5,173,0.0,,,810,138,841,173,0.797,1.0
76,3.04,P12,TEAM_A,1011.0,237,0.0,,,1000,209,1022,237,0.675,0.716
77,3.08,P01,TEAM_A,339.5,145,0.0,,,327,107,352,145,0.893,0.855
77,3.08,P11,TEAM_A,838.5,236,0.0,,,824,190,853,236,0.872,0.57
77,3.08,P02,TEAM_B,889.0,203,0.0,,,876,166,902,203,0.867,0.699
77,3.08,P08,TEAM_B,961.0,230,0.0,,,950,186,972,230,0.846,0.573
77,3.08,P04,TEAM_B,859.5,166,0.0,,,848,134,871,166,0.826,0.844
77,3.08,P03,TEAM_A,923.0,172,0.0,,,913,139,933,172,0.823,0.861
77,3.08,P05,TEAM_A,825.5,173,0.0,,,810,138,841,173,0.797,1.0
77,3.08,P12,TEAM_A,1011.0,237,0.0,,,1000,209,1022,237,0.675,0.716
78,3.12,P01,TEAM_A,336.0,145,87.5,,,323,107,349,145,0.89,0.859
78,3.12,P02,TEAM_B,881.0,199,223.61,,,869,162,893,199,0.885,0.703
78,3.12,P08,TEAM_A,954.0,225,215.06,,,938,186,970,225,0.826,0.579
78,3.12,P11,TEAM_B,825.5,226,410.03,,,814,183,837,226,0.819,0.574
78,3.12,P12,TEAM_A,1012.5,238,45.07,,,1001,209,1024,238,0.773,0.722
78,3.12,P03,TEAM_A,922.5,169,76.03,,,913,135,932,169,0.728,0.72
78,3.12,P10,TEAM_B,1053.0,155,2.15,,,1040,118,1066,155,0.403,0.851
79,3.16,P01,TEAM_A,336.0,145,0.0,,,323,107,349,145,0.89,0.859
79,3.16,P02,TEAM_B,881.0,199,0.0,,,869,162,893,199,0.885,0.703
79,3.16,P08,TEAM_A,954.0,225,0.0,,,938,186,970,225,0.826,0.579
79,3.16,P11,TEAM_B,825.5,226,0.0,,,814,183,837,226,0.819,0.574
79,3.16,P12,TEAM_A,1012.5,238,0.0,,,1001,209,1024,238,0.773,0.722
79,3.16,P03,TEAM_A,922.5,169,0.0,,,913,135,932,169,0.728,0.72
79,3.16,P10,TEAM_B,1053.0,155,0.0,,,1040,118,1066,155,0.403,0.851
80,3.2,P01,TEAM_A,336.0,145,0.0,,,323,107,349,145,0.89,0.859
80,3.2,P02,TEAM_B,881.0,199,0.0,,,869,162,893,199,0.885,0.703
80,3.2,P08,TEAM_A,954.0,225,0.0,,,938,186,970,225,0.826,0.579
80,3.2,P11,TEAM_B,825.5,226,0.0,,,814,183,837,226,0.819,0.574
80,3.2,P12,TEAM_A,1012.5,238,0.0,,,1001,209,1024,238,0.773,0.722
80,3.2,P03,TEAM_A,922.5,169,0.0,,,913,135,932,169,0.728,0.72
80,3.2,P10,TEAM_B,1053.0,155,0.0,,,1040,118,1066,155,0.403,0.851
81,3.24,P01,TEAM_A,331.5,145,112.5,,,320,106,343,145,0.887,0.859
81,3.24,P08,TEAM_A,951.0,225,75.0,,,934,184,968,225,0.874,0.576
81,3.24,P02,TEAM_B,870.5,197,267.22,,,855,160,886,197,0.865,0.568
81,3.24,P11,TEAM_A,810.5,224,378.32,,,796,177,825,224,0.858,0.561
81,3.24,P12,TEAM_A,1013.0,238,12.5,,,1002,209,1024,238,0.782,0.722
81,3.24,P04,TEAM_A,845.5,178,115.24,,,832,129,859,178,0.759,0.715
81,3.24,P03,TEAM_A,922.0,167,51.54,,,913,132,931,167,0.719,0.725
81,3.24,P10,TEAM_B,1053.0,155,0.0,,,1040,118,1066,155,0.403,0.849
82,3.28,P01,TEAM_A,331.5,145,0.0,,,320,106,343,145,0.887,0.859
82,3.28,P08,TEAM_A,951.0,225,0.0,,,934,184,968,225,0.874,0.576
82,3.28,P02,TEAM_B,870.5,197,0.0,,,855,160,886,197,0.865,0.568
82,3.28,P11,TEAM_A,810.5,224,0.0,,,796,177,825,224,0.858,0.561
82,3.28,P12,TEAM_A,1013.0,238,0.0,,,1002,209,1024,238,0.782,0.722
82,3.28,P04,TEAM_A,845.5,178,0.0,,,832,129,859,178,0.759,0.715
82,3.28,P03,TEAM_A,922.0,167,0.0,,,913,132,931,167,0.719,0.725
82,3.28,P10,TEAM_B,1053.0,155,0.0,,,1040,118,1066,155,0.403,0.849
83,3.32,P01,TEAM_A,331.5,145,0.0,,,320,106,343,145,0.887,0.859
83,3.32,P08,TEAM_A,951.0,225,0.0,,,934,184,968,225,0.874,0.576
83,3.32,P02,TEAM_B,870.5,197,0.0,,,855,160,886,197,0.865,0.568
83,3.32,P11,TEAM_A,810.5,224,0.0,,,796,177,825,224,0.858,0.561
83,3.32,P12,TEAM_A,1013.0,238,0.0,,,1002,209,1024,238,0.782,0.722
83,3.32,P04,TEAM_A,845.5,178,0.0,,,832,129,859,178,0.759,0.715
83,3.32,P03,TEAM_A,922.0,167,0.0,,,913,132,931,167,0.719,0.725
83,3.32,P10,TEAM_B,1053.0,155,0.0,,,1040,118,1066,155,0.403,0.849
84,3.36,P01,TEAM_A,327.0,146,115.24,,,316,107,338,146,0.9,0.862
84,3.36,P11,TEAM_B,799.0,220,304.39,,,786,171,812,220,0.884,0.722
84,3.36,P08,TEAM_B,949.5,223,62.5,,,932,183,967,223,0.868,0.557
84,3.36,P02,TEAM_A,860.0,193,280.9,,,843,157,877,193,0.863,0.717
84,3.36,P04,TEAM_B,847.5,175,90.14,,,837,124,858,175,0.781,0.852
84,3.36,P12,TEAM_A,1013.5,238,12.5,,,1002,209,1025,238,0.777,0.722
84,3.36,P10,TEAM_B,1054.0,155,25.0,,,1041,118,1067,155,0.357,0.846
85,3.4,P01,TEAM_A,327.0,146,0.0,,,316,107,338,146,0.9,0.862
85,3.4,P11,TEAM_B,799.0,220,0.0,,,786,171,812,220,0.884,0.722
85,3.4,P08,TEAM_B,949.5,223,0.0,,,932,183,967,223,0.868,0.557
85,3.4,P02,TEAM_A,860.0,193,0.0,,,843,157,877,193,0.863,0.717
85,3.4,P04,TEAM_B,847.5,175,0.0,,,837,124,858,175,0.781,0.852
85,3.4,P12,TEAM_A,1013.5,238,0.0,,,1002,209,1025,238,0.777,0.722
85,3.4,P10,TEAM_B,1054.0,155,0.0,,,1041,118,1067,155,0.357,0.846
86,3.44,P01,TEAM_A,327.0,146,0.0,,,316,107,338,146,0.9,0.862
86,3.44,P11,TEAM_B,799.0,220,0.0,,,786,171,812,220,0.884,0.722
86,3.44,P08,TEAM_B,949.5,223,0.0,,,932,183,967,223,0.868,0.557
86,3.44,P02,TEAM_A,860.0,193,0.0,,,843,157,877,193,0.863,0.717
86,3.44,P04,TEAM_B,847.5,175,0.0,,,837,124,858,175,0.781,0.852
86,3.44,P12,TEAM_A,1013.5,238,0.0,,,1002,209,1025,238,0.777,0.722
86,3.44,P10,TEAM_B,1054.0,155,0.0,,,1041,118,1067,155,0.357,0.846
87,3.48,P01,TEAM_A,323.5,147,91.0,,,312,109,335,147,0.9,0.72
87,3.48,P07,TEAM_A,836.0,316,35.12,,,816,268,856,316,0.889,1.0
87,3.48,P11,TEAM_B,779.5,217,493.24,,,762,167,797,217,0.876,0.717
87,3.48,P08,TEAM_A,945.5,227,141.42,,,930,186,961,227,0.862,0.706
87,3.48,P04,TEAM_B,845.0,152,578.39,,,834,120,856,152,0.824,0.861
87,3.48,P02,TEAM_A,853.0,191,182.0,,,834,151,872,191,0.818,1.0
87,3.48,P12,TEAM_A,1014.0,239,27.95,,,1002,208,1026,239,0.744,0.727
87,3.48,P03,TEAM_A,920.5,166,11.27,,,910,125,931,166,0.73,0.717
87,3.48,P14,TEAM_B,946.5,131,0,,,934,101,959,131,0.397,0.717
88,3.52,P01,TEAM_A,323.5,147,0.0,,,312,109,335,147,0.9,0.72
88,3.52,P07,TEAM_A,836.0,316,0.0,,,816,268,856,316,0.889,1.0
88,3.52,P11,TEAM_B,779.5,217,0.0,,,762,167,797,217,0.876,0.717
88,3.52,P08,TEAM_A,945.5,227,0.0,,,930,186,961,227,0.862,0.706
88,3.52,P04,TEAM_B,845.0,152,0.0,,,834,120,856,152,0.824,0.861
88,3.52,P02,TEAM_A,853.0,191,0.0,,,834,151,872,191,0.818,1.0
88,3.52,P12,TEAM_A,1014.0,239,0.0,,,1002,208,1026,239,0.744,0.727
88,3.52,P03,TEAM_A,920.5,166,0.0,,,910,125,931,166,0.73,0.717
88,3.52,P14,TEAM_B,946.5,131,0.0,,,934,101,959,131,0.397,0.717
89,3.56,P01,TEAM_A,323.5,147,0.0,,,312,109,335,147,0.9,0.72
89,3.56,P07,TEAM_A,836.0,316,0.0,,,816,268,856,316,0.889,1.0
89,3.56,P11,TEAM_B,779.5,217,0.0,,,762,167,797,217,0.876,0.717
89,3.56,P08,TEAM_A,945.5,227,0.0,,,930,186,961,227,0.862,0.706
89,3.56,P04,TEAM_B,845.0,152,0.0,,,834,120,856,152,0.824,0.861
89,3.56,P02,TEAM_A,853.0,191,0.0,,,834,151,872,191,0.818,1.0
89,3.56,P12,TEAM_A,1014.0,239,0.0,,,1002,208,1026,239,0.744,0.727
89,3.56,P03,TEAM_A,920.5,166,0.0,,,910,125,931,166,0.73,0.717
89,3.56,P14,TEAM_B,946.5,131,0.0,,,934,101,959,131,0.397,0.717
90,3.6,P01,TEAM_A,321.0,146,67.31,,,308,110,334,146,0.894,0.721
90,3.6,P11,TEAM_B,767.5,213,316.23,,,751,165,784,213,0.885,0.857
90,3.6,P07,TEAM_A,836.0,316,0.0,,,817,268,855,316,0.882,1.0
90,3.6,P08,TEAM_A,945.5,227,0.0,,,928,188,963,227,0.88,0.849
90,3.6,P02,TEAM_A,848.0,193,134.63,,,830,147,866,193,0.873,1.0
90,3.6,P04,TEAM_B,841.0,150,111.8,,,829,120,853,150,0.802,0.727
90,3.6,P12,TEAM_A,1014.0,239,0.0,,,1002,209,1026,239,0.717,0.723
90,3.6,P03,TEAM_A,920.0,161,125.62,,,909,124,931,161,0.605,0.581
90,3.6,P14,TEAM_B,946.0,132,27.95,,,934,101,958,132,0.431,0.718
91,3.64,P01,TEAM_A,321.0,146,0.0,,,308,110,334,146,0.894,0.721
91,3.64,P11,TEAM_B,767.5,213,0.0,,,751,165,784,213,0.885,0.857
91,3.64,P07,TEAM_A,836.0,316,0.0,,,817,268,855,316,0.882,1.0
91,3.64,P08,TEAM_A,945.5,227,0.0,,,928,188,963,227,0.88,0.849
91,3.64,P02,TEAM_A,848.0,193,0.0,,,830,147,866,193,0.873,1.0
91,3.64,P04,TEAM_B,841.0,150,0.0,,,829,120,853,150,0.802,0.727
91,3.64,P12,TEAM_A,1014.0,239,0.0,,,1002,209,1026,239,0.717,0.723
91,3.64,P03,TEAM_A,920.0,161,0.0,,,909,124,931,161,0.605,0.581
91,3.64,P14,TEAM_B,946.0,132,0.0,,,934,101,958,132,0.431,0.718
92,3.68,P01,TEAM_A,321.0,146,0.0,,,308,110,334,146,0.894,0.721
92,3.68,P11,TEAM_B,767.5,213,0.0,,,751,165,784,213,0.885,0.857
92,3.68,P07,TEAM_A,836.0,316,0.0,,,817,268,855,316,0.882,1.0
92,3.68,P08,TEAM_A,945.5,227,0.0,,,928,188,963,227,0.88,0.849
92,3.68,P02,TEAM_A,848.0,193,0.0,,,830,147,866,193,0.873,1.0
92,3.68,P04,TEAM_B,841.0,150,0.0,,,829,120,853,150,0.802,0.727
92,3.68,P12,TEAM_A,1014.0,239,0.0,,,1002,209,1026,239,0.717,0.723
92,3.68,P03,TEAM_A,920.0,161,0.0,,,909,124,931,161,0.605,0.581
92,3.68,P14,TEAM_B,946.0,132,0.0,,,934,101,958,132,0.431,0.718
93,3.72,P01,TEAM_A,318.5,147,67.31,,,304,111,333,147,0.887,0.582
93,3.72,P02,TEAM_A,844.0,193,100.0,,,826,147,862,193,0.884,0.863
93,3.72,P11,TEAM_B,748.0,208,503.27,,,728,163,768,208,0.878,0.565
93,3.72,P07,TEAM_A,837.5,316,37.5,,,820,269,855,316,0.861,1.0
93,3.72,P04,TEAM_B,836.0,148,134.63,,,824,117,848,148,0.834,0.732
93,3.72,P08,TEAM_A,939.5,225,158.11,,,924,193,955,225,0.767,0.859
93,3.72,P13,TEAM_B,955.5,221,24.4,,,943,190,968,221,0.728,0.583
93,3.72,P12,TEAM_A,1013.5,241,51.54,,,1002,211,1025,241,0.653,0.716
93,3.72,P03,TEAM_A,919.0,147,350.89,,,909,121,929,147,0.634,0.586
93,3.72,P09,TEAM_A,951.0,222,29.49,,,936,192,966,222,0.407,0.588
94,3.76,P01,TEAM_A,318.5,147,0.0,,,304,111,333,147,0.887,0.582
94,3.76,P02,TEAM_A,844.0,193,0.0,,,826,147,862,193,0.884,0.863
94,3.76,P11,TEAM_B,748.0,208,0.0,,,728,163,768,208,0.878,0.565
94,3.76,P07,TEAM_A,837.5,316,0.0,,,820,269,855,316,0.861,1.0
94,3.76,P04,TEAM_B,836.0,148,0.0,,,824,117,848,148,0.834,0.732
94,3.76,P08,TEAM_A,939.5,225,0.0,,,924,193,955,225,0.767,0.859
94,3.76,P13,TEAM_B,955.5,221,0.0,,,943,190,968,221,0.728,0.583
94,3.76,P12,TEAM_A,1013.5,241,0.0,,,1002,211,1025,241,0.653,0.716
94,3.76,P03,TEAM_A,919.0,147,0.0,,,909,121,929,147,0.634,0.586
94,3.76,P09,TEAM_A,951.0,222,0.0,,,936,192,966,222,0.407,0.588
95,3.8,P01,TEAM_A,318.5,147,0.0,,,304,111,333,147,0.887,0.582
95,3.8,P02,TEAM_A,844.0,193,0.0,,,826,147,862,193,0.884,0.863
95,3.8,P11,TEAM_B,748.0,208,0.0,,,728,163,768,208,0.878,0.565
95,3.8,P07,TEAM_A,837.5,316,0.0,,,820,269,855,316,0.861,1.0
95,3.8,P04,TEAM_B,836.0,148,0.0,,,824,117,848,148,0.834,0.732
95,3.8,P08,TEAM_A,939.5,225,0.0,,,924,193,955,225,0.767,0.859
95,3.8,P13,TEAM_B,955.5,221,0.0,,,943,190,968,221,0.728,0.583
95,3.8,P12,TEAM_A,1013.5,241,0.0,,,1002,211,1025,241,0.653,0.716
95,3.8,P03,TEAM_A,919.0,147,0.0,,,909,121,929,147,0.634,0.586
95,3.8,P09,TEAM_A,951.0,222,0.0,,,936,192,966,222,0.407,0.588
96,3.84,P11,TEAM_B,742.0,209,152.07,,,725,159,759,209,0.897,0.714
96,3.84,P07,TEAM_A,838.5,317,35.36,,,822,270,855,317,0.864,1.0
96,3.84,P02,TEAM_A,842.5,194,45.07,,,824,150,861,194,0.852,0.722
96,3.84,P08,TEAM_A,935.0,226,115.24,,,922,193,948,226,0.852,0.858
96,3.84,P01,TEAM_A,311.5,146,176.78,,,301,110,322,146,0.852,0.583
96,3.84,P04,TEAM_B,835.0,148,25.0,,,824,117,846,148,0.834,0.863
96,3.84,P13,TEAM_B,957.5,221,50.0,,,947,192,968,221,0.764,0.715
96,3.84,P03,TEAM_A,918.5,144,76.03,,,908,120,929,144,0.684,0.719
96,3.84,P12,TEAM_A,1014.5,242,35.36,,,1003,212,1026,242,0.539,0.716
97,3.88,P11,TEAM_B,742.0,209,0.0,,,725,159,759,209,0.897,0.714
97,3.88,P07,TEAM_A,838.5,317,0.0,,,822,270,855,317,0.864,1.0
97,3.88,P02,TEAM_A,842.5,194,0.0,,,824,150,861,194,0.852,0.722
97,3.88,P08,TEAM_A,935.0,226,0.0,,,922,193,948,226,0.852,0.858
97,3.88,P01,TEAM_A,311.5,146,0.0,,,301,110,322,146,0.852,0.583
97,3.88,P04,TEAM_B,835.0,148,0.0,,,824,117,846,148,0.834,0.863
97,3.88,P13,TEAM_B,957.5,221,0.0,,,947,192,968,221,0.764,0.715
97,3.88,P03,TEAM_A,918.5,144,0.0,,,908,120,929,144,0.684,0.719
97,3.88,P12,TEAM_A,1014.5,242,0.0,,,1003,212,1026,242,0.539,0.716
98,3.92,P11,TEAM_B,742.0,209,0.0,,,725,159,759,209,0.897,0.714
98,3.92,P07,TEAM_A,838.5,317,0.0,,,822,270,855,317,0.864,1.0
98,3.92,P02,TEAM_A,842.5,194,0.0,,,824,150,861,194,0.852,0.722
98,3.92,P08,TEAM_A,935.0,226,0.0,,,922,193,948,226,0.852,0.858
98,3.92,P01,TEAM_A,311.5,146,0.0,,,301,110,322,146,0.852,0.583
98,3.92,P04,TEAM_B,835.0,148,0.0,,,824,117,846,148,0.834,0.863
98,3.92,P13,TEAM_B,957.5,221,0.0,,,947,192,968,221,0.764,0.715
98,3.92,P03,TEAM_A,918.5,144,0.0,,,908,120,929,144,0.684,0.719
98,3.92,P12,TEAM_A,1014.5,242,0.0,,,1003,212,1026,242,0.539,0.716
99,3.96,P11,TEAM_B,736.5,210,139.75,,,719,157,754,210,0.904,0.856
99,3.96,P07,TEAM_A,837.5,318,35.36,,,823,268,852,318,0.863,1.0
99,3.96,P01,TEAM_A,307.0,147,115.24,,,297,110,317,147,0.861,0.718
99,3.96,P08,TEAM_A,934.0,227,35.36,,,921,194,947,227,0.861,0.856
99,3.96,P02,TEAM_A,841.5,196,55.9,,,823,151,860,196,0.851,1.0
99,3.96,P04,TEAM_B,834.0,146,55.9,,,822,117,846,146,0.836,0.871
99,3.96,P13,TEAM_B,959.5,225,111.8,,,948,199,971,225,0.797,0.855
99,3.96,P03,TEAM_A,918.0,145,27.95,,,907,120,929,145,0.745,0.723
99,3.96,P12,TEAM_A,1016.5,242,50.0,,,1005,213,1028,242,0.686,0.717
100,4.0,P11,TEAM_B,736.5,210,0.0,,,719,157,754,210,0.904,0.856
100,4.0,P07,TEAM_A,837.5,318,0.0,,,823,268,852,318,0.863,1.0
100,4.0,P01,TEAM_A,307.0,147,0.0,,,297,110,317,147,0.861,0.718
100,4.0,P08,TEAM_A,934.0,227,0.0,,,921,194,947,227,0.861,0.856
100,4.0,P02,TEAM_A,841.5,196,0.0,,,823,151,860,196,0.851,1.0
100,4.0,P04,TEAM_B,834.0,146,0.0,,,822,117,846,146,0.836,0.871
100,4.0,P13,TEAM_B,959.5,225,0.0,,,948,199,971,225,0.797,0.855
100,4.0,P03,TEAM_A,918.0,145,0.0,,,907,120,929,145,0.745,0.723
100,4.0,P12,TEAM_A,1016.5,242,0.0,,,1005,213,1028,242,0.686,0.717
101,4.04,P11,TEAM_B,736.5,210,0.0,,,719,157,754,210,0.904,0.856
101,4.04,P07,TEAM_A,837.5,318,0.0,,,823,268,852,318,0.863,1.0
101,4.04,P01,TEAM_A,307.0,147,0.0,,,297,110,317,147,0.861,0.718
101,4.04,P08,TEAM_A,934.0,227,0.0,,,921,194,947,227,0.861,0.856
101,4.04,P02,TEAM_A,841.5,196,0.0,,,823,151,860,196,0.851,1.0
101,4.04,P04,TEAM_B,834.0,146,0.0,,,822,117,846,146,0.836,0.871
101,4.04,P13,TEAM_B,959.5,225,0.0,,,948,199,971,225,0.797,0.855
101,4.04,P03,TEAM_A,918.0,145,0.0,,,907,120,929,145,0.745,0.723
101,4.04,P12,TEAM_A,1016.5,242,0.0,,,1005,213,1028,242,0.686,0.717
102,4.08,P11,TEAM_B,733.0,211,91.0,,,717,158,749,211,0.9,0.863
102,4.08,P07,TEAM_A,836.0,319,45.07,,,823,267,849,319,0.881,1.0
102,4.08,P01,TEAM_A,305.0,146,55.9,,,295,110,315,146,0.877,0.717
102,4.08,P08,TEAM_A,933.0,227,25.0,,,920,194,946,227,0.856,0.863
102,4.08,P02,TEAM_A,842.0,199,76.03,,,823,149,861,199,0.853,1.0
102,4.08,P04,TEAM_B,835.0,145,35.36,,,822,115,848,145,0.851,0.861
102,4.08,P03,TEAM_A,919.0,144,35.36,,,907,120,931,144,0.746,0.718
102,4.08,P12,TEAM_A,1017.5,242,25.0,,,1007,212,1028,242,0.573,0.583
103,4.12,P11,TEAM_B,733.0,211,0.0,,,717,158,749,211,0.9,0.863
103,4.12,P07,TEAM_A,836.0,319,0.0,,,823,267,849,319,0.881,1.0
103,4.12,P01,TEAM_A,305.0,146,0.0,,,295,110,315,146,0.877,0.717
103,4.12,P08,TEAM_A,933.0,227,0.0,,,920,194,946,227,0.856,0.863
103,4.12,P02,TEAM_A,842.0,199,0.0,,,823,149,861,199,0.853,1.0
103,4.12,P04,TEAM_B,835.0,145,0.0,,,822,115,848,145,0.851,0.861
103,4.12,P03,TEAM_A,919.0,144,0.0,,,907,120,931,144,0.746,0.718
103,4.12,P12,TEAM_A,1017.5,242,0.0,,,1007,212,1028,242,0.573,0.583
104,4.16,P11,TEAM_B,733.0,211,0.0,,,717,158,749,211,0.9,0.863
104,4.16,P07,TEAM_A,836.0,319,0.0,,,823,267,849,319,0.881,1.0
104,4.16,P01,TEAM_A,305.0,146,0.0,,,295,110,315,146,0.877,0.717
104,4.16,P08,TEAM_A,933.0,227,0.0,,,920,194,946,227,0.856,0.863
104,4.16,P02,TEAM_A,842.0,199,0.0,,,823,149,861,199,0.853,1.0
104,4.16,P04,TEAM_B,835.0,145,0.0,,,822,115,848,145,0.851,0.861
104,4.16,P03,TEAM_A,919.0,144,0.0,,,907,120,931,144,0.746,0.718
104,4.16,P12,TEAM_A,1017.5,242,0.0,,,1007,212,1028,242,0.573,0.583
105,4.2,P11,TEAM_B,732.0,210,35.36,,,716,158,748,210,0.9,0.857
105,4.2,P01,TEAM_A,304.0,147,35.36,,,293,111,315,147,0.888,0.581
105,4.2,P07,TEAM_A,837.0,319,25.0,,,824,265,850,319,0.881,1.0
105,4.2,P08,TEAM_A,932.5,228,27.95,,,919,194,946,228,0.849,0.865
105,4.2,P04,TEAM_B,837.0,146,55.9,,,823,114,851,146,0.847,0.861
105,4.2,P02,TEAM_A,846.5,200,115.24,,,828,157,865,200,0.803,1.0
105,4.2,P03,TEAM_A,921.0,144,50.0,,,908,120,934,144,0.744,0.716
105,4.2,P12,TEAM_A,1017.0,242,12.5,,,1006,213,1028,242,0.633,0.718
105,4.2,P14,TEAM_B,947.0,132,1.92,,,935,101,959,132,0.431,0.718
106,4.24,P11,TEAM_B,732.0,210,0.0,,,716,158,748,210,0.9,0.857
106,4.24,P01,TEAM_A,304.0,147,0.0,,,293,111,315,147,0.888,0.581
106,4.24,P07,TEAM_A,837.0,319,0.0,,,824,265,850,319,0.881,1.0
106,4.24,P08,TEAM_A,932.5,228,0.0,,,919,194,946,228,0.849,0.865
106,4.24,P04,TEAM_B,837.0,146,0.0,,,823,114,851,146,0.847,0.861
106,4.24,P02,TEAM_A,846.5,200,0.0,,,828,157,865,200,0.803,1.0
106,4.24,P03,TEAM_A,921.0,144,0.0,,,908,120,934,144,0.744,0.716
106,4.24,P12,TEAM_A,1017.0,242,0.0,,,1006,213,1028,242,0.633,0.718
106,4.24,P14,TEAM_B,947.0,132,0.0,,,935,101,959,132,0.431,0.718
107,4.28,P11,TEAM_B,732.0,210,0.0,,,716,158,748,210,0.9,0.857
107,4.28,P01,TEAM_A,304.0,147,0.0,,,293,111,315,147,0.888,0.581
107,4.28,P07,TEAM_A,837.0,319,0.0,,,824,265,850,319,0.881,1.0
107,4.28,P08,TEAM_A,932.5,228,0.0,,,919,194,946,228,0.849,0.865
107,4.28,P04,TEAM_B,837.0,146,0.0,,,823,114,851,146,0.847,0.861
107,4.28,P02,TEAM_A,846.5,200,0.0,,,828,157,865,200,0.803,1.0
107,4.28,P03,TEAM_A,921.0,144,0.0,,,908,120,934,144,0.744,0.716
107,4.28,P12,TEAM_A,1017.0,242,0.0,,,1006,213,1028,242,0.633,0.718
107,4.28,P14,TEAM_B,947.0,132,0.0,,,935,101,959,132,0.431,0.718
108,4.32,P11,TEAM_B,730.0,212,70.71,,,712,160,748,212,0.896,0.711
108,4.32,P01,TEAM_A,302.0,149,70.71,,,289,114,315,149,0.888,0.718
108,4.32,P08,TEAM_A,930.5,231,90.14,,,917,195,944,231,0.885,0.855
108,4.32,P07,TEAM_A,840.5,317,100.78,,,826,263,855,317,0.88,1.0
108,4.32,P02,TEAM_B,853.5,202,182.0,,,836,162,871,202,0.867,0.564
108,4.32,P04,TEAM_B,842.0,146,125.0,,,831,112,853,146,0.855,0.72
108,4.32,P12,TEAM_A,1018.5,245,83.85,,,1007,216,1030,245,0.748,0.718
108,4.32,P03,TEAM_A,842.0,182,2191.6,,,828,145,856,182,0.708,1.0
108,4.32,P14,TEAM_A,922.5,145,693.38,,,909,120,936,145,0.664,0.577
109,4.36,P11,TEAM_B,730.0,212,0.0,,,712,160,748,212,0.896,0.711
109,4.36,P01,TEAM_A,302.0,149,0.0,,,289,114,315,149,0.888,0.718
109,4.36,P08,TEAM_A,930.5,231,0.0,,,917,195,944,231,0.885,0.855
109,4.36,P07,TEAM_A,840.5,317,0.0,,,826,263,855,317,0.88,1.0
109,4.36,P02,TEAM_B,853.5,202,0.0,,,836,162,871,202,0.867,0.564
109,4.36,P04,TEAM_B,842.0,146,0.0,,,831,112,853,146,0.855,0.72
109,4.36,P12,TEAM_A,1018.5,245,0.0,,,1007,216,1030,245,0.748,0.718
109,4.36,P03,TEAM_A,842.0,182,0.0,,,828,145,856,182,0.708,1.0
109,4.36,P14,TEAM_A,922.5,145,0.0,,,909,120,936,145,0.664,0.577
110,4.4,P11,TEAM_B,730.0,212,0.0,,,712,160,748,212,0.896,0.711
110,4.4,P01,TEAM_A,302.0,149,0.0,,,289,114,315,149,0.888,0.718
110,4.4,P08,TEAM_A,930.5,231,0.0,,,917,195,944,231,0.885,0.855
110,4.4,P07,TEAM_A,840.5,317,0.0,,,826,263,855,317,0.88,1.0
110,4.4,P02,TEAM_B,853.5,202,0.0,,,836,162,871,202,0.867,0.564
110,4.4,P04,TEAM_B,842.0,146,0.0,,,831,112,853,146,0.855,0.72
110,4.4,P12,TEAM_A,1018.5,245,0.0,,,1007,216,1030,245,0.748,0.718
110,4.4,P03,TEAM_A,842.0,182,0.0,,,828,145,856,182,0.708,1.0
110,4.4,P14,TEAM_A,922.5,145,0.0,,,909,120,936,145,0.664,0.577
111,4.44,P11,TEAM_B,729.5,213,27.95,,,711,162,748,213,0.893,0.573
111,4.44,P08,TEAM_A,928.5,231,50.0,,,914,197,943,231,0.884,0.851
111,4.44,P01,TEAM_A,301.0,149,25.0,,,288,114,314,149,0.884,0.578
111,4.44,P07,TEAM_A,843.0,314,97.63,,,828,262,858,314,0.87,1.0
111,4.44,P02,TEAM_B,855.5,207,134.63,,,837,163,874,207,0.864,0.561
111,4.44,P04,TEAM_B,844.0,149,90.14,,,833,112,855,149,0.847,0.851
111,4.44,P03,TEAM_A,841.0,178,103.08,,,827,143,855,178,0.776,1.0
111,4.44,P12,TEAM_A,1019.0,246,27.95,,,1007,217,1031,246,0.737,0.721
112,4.48,P11,TEAM_B,729.5,213,0.0,,,711,162,748,213,0.893,0.573
112,4.48,P08,TEAM_A,928.5,231,0.0,,,914,197,943,231,0.884,0.851
112,4.48,P01,TEAM_A,301.0,149,0.0,,,288,114,314,149,0.884,0.578
112,4.48,P07,TEAM_A,843.0,314,0.0,,,828,262,858,314,0.87,1.0
112,4.48,P02,TEAM_B,855.5,207,0.0,,,837,163,874,207,0.864,0.561
112,4.48,P04,TEAM_B,844.0,149,0.0,,,833,112,855,149,0.847,0.851
112,4.48,P03,TEAM_A,841.0,178,0.0,,,827,143,855,178,0.776,1.0
112,4.48,P12,TEAM_A,1019.0,246,0.0,,,1007,217,1031,246,0.737,0.721
113,4.52,P11,TEAM_B,729.5,213,0.0,,,711,162,748,213,0.893,0.573
113,4.52,P08,TEAM_A,928.5,231,0.0,,,914,197,943,231,0.884,0.851
113,4.52,P01,TEAM_A,301.0,149,0.0,,,288,114,314,149,0.884,0.578
113,4.52,P07,TEAM_A,843.0,314,0.0,,,828,262,858,314,0.87,1.0
113,4.52,P02,TEAM_B,855.5,207,0.0,,,837,163,874,207,0.864,0.561
113,4.52,P04,TEAM_B,844.0,149,0.0,,,833,112,855,149,0.847,0.851
113,4.52,P03,TEAM_A,841.0,178,0.0,,,827,143,855,178,0.776,1.0
113,4.52,P12,TEAM_A,1019.0,246,0.0,,,1007,217,1031,246,0.737,0.721
114,4.56,P02,TEAM_B,861.5,212,195.26,,,845,167,878,212,0.895,0.705
114,4.56,P01,TEAM_A,297.5,150,91.0,,,286,114,309,150,0.889,0.577
114,4.56,P11,TEAM_B,730.5,214,35.36,,,711,164,750,214,0.887,0.576
114,4.56,P08,TEAM_A,927.5,231,25.0,,,913,198,942,231,0.88,0.856
114,4.56,P07,TEAM_A,841.0,317,90.14,,,826,263,856,317,0.865,1.0
114,4.56,P12,TEAM_B,988.0,263,883.88,,,974,230,1002,263,0.835,0.715
114,4.56,P04,TEAM_B,844.0,152,75.0,,,833,113,855,152,0.826,0.715
114,4.56,P13,TEAM_A,1020.5,246,124.06,,,1009,219,1032,246,0.798,0.72
114,4.56,P03,TEAM_A,839.5,178,37.5,,,826,142,853,178,0.775,1.0
114,4.56,P14,TEAM_A,921.0,146,11.27,,,909,121,933,146,0.723,0.717
114,4.56,P10,TEAM_B,1052.5,156,1.61,,,1039,118,1066,156,0.354,0.851
115,4.6,P02,TEAM_B,861.5,212,0.0,,,845,167,878,212,0.895,0.705
115,4.6,P01,TEAM_A,297.5,150,0.0,,,286,114,309,150,0.889,0.577
115,4.6,P11,TEAM_B,730.5,214,0.0,,,711,164,750,214,0.887,0.576
115,4.6,P08,TEAM_A,927.5,231,0.0,,,913,198,942,231,0.88,0.856
115,4.6,P07,TEAM_A,841.0,317,0.0,,,826,263,856,317,0.865,1.0
115,4.6,P12,TEAM_B,988.0,263,0.0,,,974,230,1002,263,0.835,0.715
115,4.6,P04,TEAM_B,844.0,152,0.0,,,833,113,855,152,0.826,0.715
115,4.6,P13,TEAM_A,1020.5,246,0.0,,,1009,219,1032,246,0.798,0.72
115,4.6,P03,TEAM_A,839.5,178,0.0,,,826,142,853,178,0.775,1.0
115,4.6,P14,TEAM_A,921.0,146,0.0,,,909,121,933,146,0.723,0.717
115,4.6,P10,TEAM_B,1052.5,156,0.0,,,1039,118,1066,156,0.354,0.851
116,4.64,P02,TEAM_B,861.5,212,0.0,,,845,167,878,212,0.895,0.705
116,4.64,P01,TEAM_A,297.5,150,0.0,,,286,114,309,150,0.889,0.577
116,4.64,P11,TEAM_B,730.5,214,0.0,,,711,164,750,214,0.887,0.576
116,4.64,P08,TEAM_A,927.5,231,0.0,,,913,198,942,231,0.88,0.856
116,4.64,P07,TEAM_A,841.0,317,0.0,,,826,263,856,317,0.865,1.0
116,4.64,P12,TEAM_B,988.0,263,0.0,,,974,230,1002,263,0.835,0.715
116,4.64,P04,TEAM_B,844.0,152,0.0,,,833,113,855,152,0.826,0.715
116,4.64,P13,TEAM_A,1020.5,246,0.0,,,1009,219,1032,246,0.798,0.72
116,4.64,P03,TEAM_A,839.5,178,0.0,,,826,142,853,178,0.775,1.0
116,4.64,P14,TEAM_A,921.0,146,0.0,,,909,121,933,146,0.723,0.717
116,4.64,P10,TEAM_B,1052.5,156,0.0,,,1039,118,1066,156,0.354,0.851
117,4.68,P11,TEAM_B,733.0,221,185.83,,,713,167,753,221,0.905,0.572
117,4.68,P01,TEAM_A,296.0,151,45.07,,,285,115,307,151,0.899,0.576
117,4.68,P02,TEAM_B,867.0,212,137.5,,,853,166,881,212,0.878,0.568
117,4.68,P08,TEAM_A,926.5,232,35.36,,,911,200,942,232,0.876,0.857
117,4.68,P07,TEAM_A,842.0,315,55.9,,,826,262,858,315,0.853,1.0
117,4.68,P04,TEAM_B,844.5,151,27.95,,,833,112,856,151,0.831,0.717
117,4.68,P12,TEAM_B,995.5,267,212.5,,,980,235,1011,267,0.831,0.71
117,4.68,P03,TEAM_A,836.0,178,87.5,,,824,141,848,178,0.814,1.0
117,4.68,P13,TEAM_A,1023.0,248,80.04,,,1012,219,1034,248,0.768,0.861
117,4.68,P14,TEAM_A,920.0,150,103.08,,,908,122,932,150,0.727,0.583
117,4.68,P15,TEAM_B,947.0,131,0,,,935,101,959,131,0.458,0.717
117,4.68,P10,TEAM_B,1052.5,155,25.0,,,1039,118,1066,155,0.35,0.712
118,4.72,P11,TEAM_B,733.0,221,0.0,,,713,167,753,221,0.905,0.572
118,4.72,P01,TEAM_A,296.0,151,0.0,,,285,115,307,151,0.899,0.576
118,4.72,P02,TEAM_B,867.0,212,0.0,,,853,166,881,212,0.878,0.568
118,4.72,P08,TEAM_A,926.5,232,0.0,,,911,200,942,232,0.876,0.857
118,4.72,P07,TEAM_A,842.0,315,0.0,,,826,262,858,315,0.853,1.0
118,4.72,P04,TEAM_B,844.5,151,0.0,,,833,112,856,151,0.831,0.717
118,4.72,P12,TEAM_B,995.5,267,0.0,,,980,235,1011,267,0.831,0.71
118,4.72,P03,TEAM_A,836.0,178,0.0,,,824,141,848,178,0.814,1.0
118,4.72,P13,TEAM_A,1023.0,248,0.0,,,1012,219,1034,248,0.768,0.861
118,4.72,P14,TEAM_A,920.0,150,0.0,,,908,122,932,150,0.727,0.583
118,4.72,P15,TEAM_B,947.0,131,0.0,,,935,101,959,131,0.458,0.717
118,4.72,P10,TEAM_B,1052.5,155,0.0,,,1039,118,1066,155,0.35,0.712
119,4.76,P11,TEAM_B,733.0,221,0.0,,,713,167,753,221,0.905,0.572
119,4.76,P01,TEAM_A,296.0,151,0.0,,,285,115,307,151,0.899,0.576
119,4.76,P02,TEAM_B,867.0,212,0.0,,,853,166,881,212,0.878,0.568
119,4.76,P08,TEAM_A,926.5,232,0.0,,,911,200,942,232,0.876,0.857
119,4.76,P07,TEAM_A,842.0,315,0.0,,,826,262,858,315,0.853,1.0
119,4.76,P04,TEAM_B,844.5,151,0.0,,,833,112,856,151,0.831,0.717
119,4.76,P12,TEAM_B,995.5,267,0.0,,,980,235,1011,267,0.831,0.71
119,4.76,P03,TEAM_A,836.0,178,0.0,,,824,141,848,178,0.814,1.0
119,4.76,P13,TEAM_A,1023.0,248,0.0,,,1012,219,1034,248,0.768,0.861
119,4.76,P14,TEAM_A,920.0,150,0.0,,,908,122,932,150,0.727,0.583
119,4.76,P15,TEAM_B,947.0,131,0.0,,,935,101,959,131,0.458,0.717
119,4.76,P10,TEAM_B,1052.5,155,0.0,,,1039,118,1066,155,0.35,0.712
120,4.8,P01,TEAM_A,295.0,152,35.36,,,284,115,306,152,0.901,0.577
120,4.8,P11,TEAM_B,737.5,223,123.11,,,720,171,755,223,0.9,0.573
120,4.8,P02,TEAM_B,869.0,211,55.9,,,855,165,883,211,0.871,0.569
120,4.8,P08,TEAM_A,925.5,235,79.06,,,910,202,941,235,0.867,0.855
120,4.8,P07,TEAM_A,844.0,311,111.8,,,830,259,858,311,0.854,1.0
120,4.8,P04,TEAM_B,845.0,148,76.03,,,834,111,856,148,0.841,0.863
120,4.8,P03,TEAM_A,833.5,178,62.5,,,822,140,845,178,0.818,1.0
120,4.8,P14,TEAM_A,919.0,149,35.36,,,907,122,931,149,0.768,0.582
120,4.8,P13,TEAM_A,1021.5,254,154.62,,,1008,221,1035,254,0.693,0.715
120,4.8,P12,TEAM_B,1003.5,271,223.61,,,986,238,1021,271,0.677,0.571
120,4.8,P15,TEAM_B,946.5,131,12.5,,,934,100,959,131,0.504,0.854
120,4.8,P10,TEAM_B,1053.0,155,12.5,,,1040,118,1066,155,0.408,0.849
121,4.84,P01,TEAM_A,295.0,152,0.0,,,284,115,306,152,0.901,0.577
121,4.84,P11,TEAM_B,737.5,223,0.0,,,720,171,755,223,0.9,0.573
121,4.84,P02,TEAM_B,869.0,211,0.0,,,855,165,883,211,0.871,0.569
121,4.84,P08,TEAM_A,925.5,235,0.0,,,910,202,941,235,0.867,0.855
121,4.84,P07,TEAM_A,844.0,311,0.0,,,830,259,858,311,0.854,1.0
121,4.84,P04,TEAM_B,845.0,148,0.0,,,834,111,856,148,0.841,0.863
121,4.84,P03,TEAM_A,833.5,178,0.0,,,822,140,845,178,0.818,1.0
121,4.84,P14,TEAM_A,919.0,149,0.0,,,907,122,931,149,0.768,0.582
121,4.84,P13,TEAM_A,1021.5,254,0.0,,,1008,221,1035,254,0.693,0.715
121,4.84,P12,TEAM_B,1003.5,271,0.0,,,986,238,1021,271,0.677,0.571
121,4.84,P15,TEAM_B,946.5,131,0.0,,,934,100,959,131,0.504,0.854
121,4.84,P10,TEAM_B,1053.0,155,0.0,,,1040,118,1066,155,0.408,0.849
122,4.88,P01,TEAM_A,295.0,152,0.0,,,284,115,306,152,0.901,0.577
122,4.88,P11,TEAM_B,737.5,223,0.0,,,720,171,755,223,0.9,0.573
122,4.88,P02,TEAM_B,869.0,211,0.0,,,855,165,883,211,0.871,0.569
122,4.88,P08,TEAM_A,925.5,235,0.0,,,910,202,941,235,0.867,0.855
122,4.88,P07,TEAM_A,844.0,311,0.0,,,830,259,858,311,0.854,1.0
122,4.88,P04,TEAM_B,845.0,148,0.0,,,834,111,856,148,0.841,0.863
122,4.88,P03,TEAM_A,833.5,178,0.0,,,822,140,845,178,0.818,1.0
122,4.88,P14,TEAM_A,919.0,149,0.0,,,907,122,931,149,0.768,0.582
122,4.88,P13,TEAM_A,1021.5,254,0.0,,,1008,221,1035,254,0.693,0.715
122,4.88,P12,TEAM_B,1003.5,271,0.0,,,986,238,1021,271,0.677,0.571
122,4.88,P15,TEAM_B,946.5,131,0.0,,,934,100,959,131,0.504,0.854
122,4.88,P10,TEAM_B,1053.0,155,0.0,,,1040,118,1066,155,0.408,0.849
123,4.92,P01,TEAM_A,294.5,152,12.5,,,284,114,305,152,0.899,0.578
123,4.92,P11,TEAM_B,741.5,229,180.28,,,723,173,760,229,0.898,0.711
123,4.92,P02,TEAM_B,872.5,209,100.78,,,859,165,886,209,0.888,0.695
123,4.92,P08,TEAM_A,925.0,238,76.03,,,910,204,940,238,0.872,0.865
123,4.92,P07,TEAM_A,842.0,301,254.95,,,828,254,856,301,0.863,1.0
123,4.92,P12,TEAM_B,1012.0,283,367.64,,,997,247,1027,283,0.854,0.581
123,4.92,P04,TEAM_B,844.5,147,27.95,,,833,109,856,147,0.827,0.864
123,4.92,P03,TEAM_A,831.5,178,50.0,,,821,139,842,178,0.801,1.0
123,4.92,P13,TEAM_A,1024.5,251,106.07,,,1012,223,1037,251,0.79,0.859
123,4.92,P14,TEAM_A,917.0,148,55.9,,,908,121,926,148,0.618,0.586
123,4.92,P15,TEAM_B,945.5,131,25.0,,,932,100,959,131,0.358,0.854
124,4.96,P01,TEAM_A,294.5,152,0.0,,,284,114,305,152,0.899,0.578
124,4.96,P11,TEAM_B,741.5,229,0.0,,,723,173,760,229,0.898,0.711
124,4.96,P02,TEAM_B,872.5,209,0.0,,,859,165,886,209,0.888,0.695
124,4.96,P08,TEAM_A,925.0,238,0.0,,,910,204,940,238,0.872,0.865
124,4.96,P07,TEAM_A,842.0,301,0.0,,,828,254,856,301,0.863,1.0
124,4.96,P12,TEAM_B,1012.0,283,0.0,,,997,247,1027,283,0.854,0.581
124,4.96,P04,TEAM_B,844.5,147,0.0,,,833,109,856,147,0.827,0.864
124,4.96,P03,TEAM_A,831.5,178,0.0,,,821,139,842,178,0.801,1.0
124,4.96,P13,TEAM_A,1024.5,251,0.0,,,1012,223,1037,251,0.79,0.859
124,4.96,P14,TEAM_A,917.0,148,0.0,,,908,121,926,148,0.618,0.586
124,4.96,P15,TEAM_B,945.5,131,0.0,,,932,100,959,131,0.358,0.854
125,5.0,P01,TEAM_A,294.5,152,0.0,,,284,114,305,152,0.899,0.578
125,5.0,P11,TEAM_B,741.5,229,0.0,,,723,173,760,229,0.898,0.711
125,5.0,P02,TEAM_B,872.5,209,0.0,,,859,165,886,209,0.888,0.695
125,5.0,P08,TEAM_A,925.0,238,0.0,,,910,204,940,238,0.872,0.865
125,5.0,P07,TEAM_A,842.0,301,0.0,,,828,254,856,301,0.863,1.0
125,5.0,P12,TEAM_B,1012.0,283,0.0,,,997,247,1027,283,0.854,0.581
125,5.0,P04,TEAM_B,844.5,147,0.0,,,833,109,856,147,0.827,0.864
125,5.0,P03,TEAM_A,831.5,178,0.0,,,821,139,842,178,0.801,1.0
125,5.0,P13,TEAM_A,1024.5,251,0.0,,,1012,223,1037,251,0.79,0.859
125,5.0,P14,TEAM_A,917.0,148,0.0,,,908,121,926,148,0.618,0.586
125,5.0,P15,TEAM_B,945.5,131,0.0,,,932,100,959,131,0.358,0.854
126,5.04,P01,TEAM_A,294.5,152,0.0,,,284,114,305,152,0.898,0.578
126,5.04,P11,TEAM_B,745.0,236,195.66,,,727,177,763,236,0.897,0.72
126,5.04,P02,TEAM_B,875.0,207,80.04,,,862,164,888,207,0.887,0.698
126,5.04,P08,TEAM_A,924.5,240,51.54,,,910,205,939,240,0.876,1.0
126,5.04,P12,TEAM_B,1015.0,286,106.07,,,1000,253,1030,286,0.852,0.564
126,5.04,P07,TEAM_A,838.0,298,125.0,,,823,250,853,298,0.843,1.0
126,5.04,P04,TEAM_B,845.5,145,55.9,,,835,107,856,145,0.84,0.578
126,5.04,P03,TEAM_A,828.5,175,106.07,,,819,139,838,175,0.787,1.0
126,5.04,P14,TEAM_A,914.0,148,75.0,,,906,120,922,148,0.593,0.721
127,5.08,P01,TEAM_A,294.5,152,0.0,,,284,114,305,152,0.898,0.578
127,5.08,P11,TEAM_B,745.0,236,0.0,,,727,177,763,236,0.897,0.72
127,5.08,P02,TEAM_B,875.0,207,0.0,,,862,164,888,207,0.887,0.698
127,5.08,P08,TEAM_A,924.5,240,0.0,,,910,205,939,240,0.876,1.0
127,5.08,P12,TEAM_B,1015.0,286,0.0,,,1000,253,1030,286,0.852,0.564
127,5.08,P07,TEAM_A,838.0,298,0.0,,,823,250,853,298,0.843,1.0
127,5.08,P04,TEAM_B,845.5,145,0.0,,,835,107,856,145,0.84,0.578
127,5.08,P03,TEAM_A,828.5,175,0.0,,,819,139,838,175,0.787,1.0
127,5.08,P14,TEAM_A,914.0,148,0.0,,,906,120,922,148,0.593,0.721
128,5.12,P01,TEAM_A,294.5,152,0.0,,,284,114,305,152,0.898,0.578
128,5.12,P11,TEAM_B,745.0,236,0.0,,,727,177,763,236,0.897,0.72
128,5.12,P02,TEAM_B,875.0,207,0.0,,,862,164,888,207,0.887,0.698
128,5.12,P08,TEAM_A,924.5,240,0.0,,,910,205,939,240,0.876,1.0
128,5.12,P12,TEAM_B,1015.0,286,0.0,,,1000,253,1030,286,0.852,0.564
128,5.12,P07,TEAM_A,838.0,298,0.0,,,823,250,853,298,0.843,1.0
128,5.12,P04,TEAM_B,845.5,145,0.0,,,835,107,856,145,0.84,0.578
128,5.12,P03,TEAM_A,828.5,175,0.0,,,819,139,838,175,0.787,1.0
128,5.12,P14,TEAM_A,914.0,148,0.0,,,906,120,922,148,0.593,0.721
129,5.16,P01,TEAM_A,294.5,151,25.0,,,284,114,305,151,0.899,0.579
129,5.16,P02,TEAM_B,876.5,206,45.07,,,863,164,890,206,0.88,0.558
129,5.16,P08,TEAM_A,925.0,242,51.54,,,910,206,940,242,0.878,1.0
129,5.16,P12,TEAM_B,1023.0,294,282.84,,,1007,257,1039,294,0.875,0.586
129,5.16,P07,TEAM_A,830.5,296,194.05,,,817,244,844,296,0.874,1.0
129,5.16,P11,TEAM_B,752.0,238,182.0,,,737,183,767,238,0.873,0.862
129,5.16,P04,TEAM_B,846.0,143,51.54,,,837,106,855,143,0.859,0.574
129,5.16,P03,TEAM_A,823.5,177,134.63,,,813,139,834,177,0.843,1.0
129,5.16,P14,TEAM_A,910.5,147,91.0,,,903,121,918,147,0.392,0.591
130,5.2,P01,TEAM_A,294.5,151,0.0,,,284,114,305,151,0.899,0.579
130,5.2,P02,TEAM_B,876.5,206,0.0,,,863,164,890,206,0.88,0.558
130,5.2,P08,TEAM_A,925.0,242,0.0,,,910,206,940,242,0.878,1.0
130,5.2,P12,TEAM_B,1023.0,294,0.0,,,1007,257,1039,294,0.875,0.586
130,5.2,P07,TEAM_A,830.5,296,0.0,,,817,244,844,296,0.874,1.0
130,5.2,P11,TEAM_B,752.0,238,0.0,,,737,183,767,238,0.873,0.862
130,5.2,P04,TEAM_B,846.0,143,0.0,,,837,106,855,143,0.859,0.574
130,5.2,P03,TEAM_A,823.5,177,0.0,,,813,139,834,177,0.843,1.0
130,5.2,P14,TEAM_A,910.5,147,0.0,,,903,121,918,147,0.392,0.591
131,5.24,P01,TEAM_A,294.5,151,0.0,,,284,114,305,151,0.899,0.579
131,5.24,P02,TEAM_B,876.5,206,0.0,,,863,164,890,206,0.88,0.558
131,5.24,P08,TEAM_A,925.0,242,0.0,,,910,206,940,242,0.878,1.0
131,5.24,P12,TEAM_B,1023.0,294,0.0,,,1007,257,1039,294,0.875,0.586
131,5.24,P07,TEAM_A,830.5,296,0.0,,,817,244,844,296,0.874,1.0
131,5.24,P11,TEAM_B,752.0,238,0.0,,,737,183,767,238,0.873,0.862
131,5.24,P04,TEAM_B,846.0,143,0.0,,,837,106,855,143,0.859,0.574
131,5.24,P03,TEAM_A,823.5,177,0.0,,,813,139,834,177,0.843,1.0
131,5.24,P14,TEAM_A,910.5,147,0.0,,,903,121,918,147,0.392,0.591
132,5.28,P01,TEAM_A,294.5,151,0.0,,,284,113,305,151,0.899,0.581
132,5.28,P11,TEAM_B,756.5,244,187.5,,,741,185,772,244,0.893,0.728
132,5.28,P07,TEAM_A,820.0,293,273.0,,,806,237,834,293,0.881,1.0
132,5.28,P08,TEAM_A,924.5,251,225.35,,,911,210,938,251,0.88,0.871
132,5.28,P02,TEAM_A,878.0,205,45.07,,,864,164,892,205,0.876,0.581
132,5.28,P12,TEAM_B,1030.0,300,230.49,,,1016,265,1044,300,0.868,0.59
132,5.28,P04,TEAM_B,845.0,141,55.9,,,836,104,854,141,0.861,0.717
132,5.28,P03,TEAM_A,819.0,177,112.5,,,809,138,829,177,0.849,1.0
132,5.28,P13,TEAM_A,1031.0,254,25.57,,,1019,227,1043,254,0.789,1.0
132,5.28,P14,TEAM_A,904.0,147,162.5,,,897,119,911,147,0.471,0.724
133,5.32,P01,TEAM_A,294.5,151,0.0,,,284,113,305,151,0.899,0.581
133,5.32,P11,TEAM_B,756.5,244,0.0,,,741,185,772,244,0.893,0.728
133,5.32,P07,TEAM_A,820.0,293,0.0,,,806,237,834,293,0.881,1.0
133,5.32,P08,TEAM_A,924.5,251,0.0,,,911,210,938,251,0.88,0.871
133,5.32,P02,TEAM_A,878.0,205,0.0,,,864,164,892,205,0.876,0.581
133,5.32,P12,TEAM_B,1030.0,300,0.0,,,1016,265,1044,300,0.868,0.59
133,5.32,P04,TEAM_B,845.0,141,0.0,,,836,104,854,141,0.861,0.717
133,5.32,P03,TEAM_A,819.0,177,0.0,,,809,138,829,177,0.849,1.0
133,5.32,P13,TEAM_A,1031.0,254,0.0,,,1019,227,1043,254,0.789,1.0
133,5.32,P14,TEAM_A,904.0,147,0.0,,,897,119,911,147,0.471,0.724
134,5.36,P01,TEAM_A,294.5,151,0.0,,,284,113,305,151,0.899,0.581
134,5.36,P11,TEAM_B,756.5,244,0.0,,,741,185,772,244,0.893,0.728
134,5.36,P07,TEAM_A,820.0,293,0.0,,,806,237,834,293,0.881,1.0
134,5.36,P08,TEAM_A,924.5,251,0.0,,,911,210,938,251,0.88,0.871
134,5.36,P02,TEAM_A,878.0,205,0.0,,,864,164,892,205,0.876,0.581
134,5.36,P12,TEAM_B,1030.0,300,0.0,,,1016,265,1044,300,0.868,0.59
134,5.36,P04,TEAM_B,845.0,141,0.0,,,836,104,854,141,0.861,0.717
134,5.36,P03,TEAM_A,819.0,177,0.0,,,809,138,829,177,0.849,1.0
134,5.36,P13,TEAM_A,1031.0,254,0.0,,,1019,227,1043,254,0.789,1.0
134,5.36,P14,TEAM_A,904.0,147,0.0,,,897,119,911,147,0.471,0.724
135,5.4,P11,TEAM_B,758.5,248,111.8,,,742,189,775,248,0.905,0.582
135,5.4,P01,TEAM_A,294.5,151,0.0,,,284,113,305,151,0.896,0.581
135,5.4,P08,TEAM_A,924.0,253,51.54,,,910,213,938,253,0.89,1.0
135,5.4,P12,TEAM_B,1034.5,302,123.11,,,1020,269,1049,302,0.887,0.589
135,5.4,P07,TEAM_A,810.0,290,261.01,,,795,235,825,290,0.876,1.0
135,5.4,P02,TEAM_B,880.0,203,70.71,,,866,163,894,203,0.869,0.696
135,5.4,P03,TEAM_A,815.0,177,100.0,,,804,136,826,177,0.858,1.0
135,5.4,P04,TEAM_B,844.0,138,79.06,,,835,103,853,138,0.858,0.861
135,5.4,P13,TEAM_A,1031.0,254,0.0,,,1019,228,1043,254,0.714,0.862
135,5.4,P14,TEAM_A,901.5,145,80.04,,,895,117,908,145,0.407,0.736
136,5.44,P11,TEAM_B,758.5,248,0.0,,,742,189,775,248,0.905,0.582
136,5.44,P01,TEAM_A,294.5,151,0.0,,,284,113,305,151,0.896,0.581
136,5.44,P08,TEAM_A,924.0,253,0.0,,,910,213,938,253,0.89,1.0
136,5.44,P12,TEAM_B,1034.5,302,0.0,,,1020,269,1049,302,0.887,0.589
136,5.44,P07,TEAM_A,810.0,290,0.0,,,795,235,825,290,0.876,1.0
136,5.44,P02,TEAM_B,880.0,203,0.0,,,866,163,894,203,0.869,0.696
136,5.44,P03,TEAM_A,815.0,177,0.0,,,804,136,826,177,0.858,1.0
136,5.44,P04,TEAM_B,844.0,138,0.0,,,835,103,853,138,0.858,0.861
136,5.44,P13,TEAM_A,1031.0,254,0.0,,,1019,228,1043,254,0.714,0.862
136,5.44,P14,TEAM_A,901.5,145,0.0,,,895,117,908,145,0.407,0.736
137,5.48,P11,TEAM_B,758.5,248,0.0,,,742,189,775,248,0.905,0.582
137,5.48,P01,TEAM_A,294.5,151,0.0,,,284,113,305,151,0.896,0.581
137,5.48,P08,TEAM_A,924.0,253,0.0,,,910,213,938,253,0.89,1.0
137,5.48,P12,TEAM_B,1034.5,302,0.0,,,1020,269,1049,302,0.887,0.589
137,5.48,P07,TEAM_A,810.0,290,0.0,,,795,235,825,290,0.876,1.0
137,5.48,P02,TEAM_B,880.0,203,0.0,,,866,163,894,203,0.869,0.696
137,5.48,P03,TEAM_A,815.0,177,0.0,,,804,136,826,177,0.858,1.0
137,5.48,P04,TEAM_B,844.0,138,0.0,,,835,103,853,138,0.858,0.861
137,5.48,P13,TEAM_A,1031.0,254,0.0,,,1019,228,1043,254,0.714,0.862
137,5.48,P14,TEAM_A,901.5,145,0.0,,,895,117,908,145,0.407,0.736
138,5.52,P01,TEAM_A,294.0,151,12.5,,,283,113,305,151,0.897,0.581
138,5.52,P08,TEAM_A,924.0,254,25.0,,,910,214,938,254,0.892,1.0
138,5.52,P02,TEAM_B,882.0,202,55.9,,,869,162,895,202,0.891,0.699
138,5.52,P11,TEAM_B,763.0,252,150.52,,,747,194,779,252,0.882,0.727
138,5.52,P12,TEAM_B,1040.5,309,230.49,,,1025,274,1056,309,0.859,0.727
138,5.52,P07,TEAM_A,802.5,283,256.48,,,791,232,814,283,0.837,1.0
138,5.52,P03,TEAM_A,807.0,176,201.56,,,793,135,821,176,0.832,1.0
138,5.52,P04,TEAM_B,843.5,137,27.95,,,834,102,853,137,0.828,0.858
138,5.52,P14,TEAM_A,892.0,143,242.71,,,884,116,900,143,0.461,0.59
139,5.56,P01,TEAM_A,294.0,151,0.0,,,283,113,305,151,0.897,0.581
139,5.56,P08,TEAM_A,924.0,254,0.0,,,910,214,938,254,0.892,1.0
139,5.56,P02,TEAM_B,882.0,202,0.0,,,869,162,895,202,0.891,0.699
139,5.56,P11,TEAM_B,763.0,252,0.0,,,747,194,779,252,0.882,0.727
139,5.56,P12,TEAM_B,1040.5,309,0.0,,,1025,274,1056,309,0.859,0.727
139,5.56,P07,TEAM_A,802.5,283,0.0,,,791,232,814,283,0.837,1.0
139,5.56,P03,TEAM_A,807.0,176,0.0,,,793,135,821,176,0.832,1.0
139,5.56,P04,TEAM_B,843.5,137,0.0,,,834,102,853,137,0.828,0.858
139,5.56,P14,TEAM_A,892.0,143,0.0,,,884,116,900,143,0.461,0.59
140,5.6,P01,TEAM_A,294.0,151,0.0,,,283,113,305,151,0.897,0.581
140,5.6,P08,TEAM_A,924.0,254,0.0,,,910,214,938,254,0.892,1.0
140,5.6,P02,TEAM_B,882.0,202,0.0,,,869,162,895,202,0.891,0.699
140,5.6,P11,TEAM_B,763.0,252,0.0,,,747,194,779,252,0.882,0.727
140,5.6,P12,TEAM_B,1040.5,309,0.0,,,1025,274,1056,309,0.859,0.727
140,5.6,P07,TEAM_A,802.5,283,0.0,,,791,232,814,283,0.837,1.0
140,5.6,P03,TEAM_A,807.0,176,0.0,,,793,135,821,176,0.832,1.0
140,5.6,P04,TEAM_B,843.5,137,0.0,,,834,102,853,137,0.828,0.858
140,5.6,P14,TEAM_A,892.0,143,0.0,,,884,116,900,143,0.461,0.59
141,5.64,P02,TEAM_B,882.0,201,25.0,,,869,161,895,201,0.9,0.705
141,5.64,P01,TEAM_A,294.5,151,12.5,,,284,113,305,151,0.899,0.58
141,5.64,P08,TEAM_A,921.5,254,62.5,,,906,215,937,254,0.891,1.0
141,5.64,P12,TEAM_B,1045.5,312,145.77,,,1032,279,1059,312,0.877,0.726
141,5.64,P11,TEAM_B,767.5,253,115.24,,,752,197,783,253,0.871,0.868
141,5.64,P07,TEAM_A,793.0,280,249.06,,,778,228,808,280,0.861,1.0
141,5.64,P03,TEAM_A,803.0,175,103.08,,,790,134,816,175,0.844,1.0
141,5.64,P04,TEAM_B,842.5,136,35.36,,,833,101,852,136,0.819,0.717
141,5.64,P14,TEAM_A,888.5,143,87.5,,,881,115,896,143,0.439,0.725
142,5.68,P02,TEAM_B,882.0,201,0.0,,,869,161,895,201,0.9,0.705
142,5.68,P01,TEAM_A,294.5,151,0.0,,,284,113,305,151,0.899,0.58
142,5.68,P08,TEAM_A,921.5,254,0.0,,,906,215,937,254,0.891,1.0
142,5.68,P12,TEAM_B,1045.5,312,0.0,,,1032,279,1059,312,0.877,0.726
142,5.68,P11,TEAM_B,767.5,253,0.0,,,752,197,783,253,0.871,0.868
142,5.68,P07,TEAM_A,793.0,280,0.0,,,778,228,808,280,0.861,1.0
142,5.68,P03,TEAM_A,803.0,175,0.0,,,790,134,816,175,0.844,1.0
142,5.68,P04,TEAM_B,842.5,136,0.0,,,833,101,852,136,0.819,0.717
142,5.68,P14,TEAM_A,888.5,143,0.0,,,881,115,896,143,0.439,0.725
143,5.72,P02,TEAM_B,882.0,201,0.0,,,869,161,895,201,0.9,0.705
143,5.72,P01,TEAM_A,294.5,151,0.0,,,284,113,305,151,0.899,0.58
143,5.72,P08,TEAM_A,921.5,254,0.0,,,906,215,937,254,0.891,1.0
143,5.72,P12,TEAM_B,1045.5,312,0.0,,,1032,279,1059,312,0.877,0.726
143,5.72,P11,TEAM_B,767.5,253,0.0,,,752,197,783,253,0.871,0.868
143,5.72,P07,TEAM_A,793.0,280,0.0,,,778,228,808,280,0.861,1.0
143,5.72,P03,TEAM_A,803.0,175,0.0,,,790,134,816,175,0.844,1.0
143,5.72,P04,TEAM_B,842.5,136,0.0,,,833,101,852,136,0.819,0.717
143,5.72,P14,TEAM_A,888.5,143,0.0,,,881,115,896,143,0.439,0.725
144,5.76,P01,TEAM_A,294.5,151,0.0,,,284,114,305,151,0.9,0.581
144,5.76,P02,TEAM_B,883.0,200,35.36,,,870,159,896,200,0.898,0.707
144,5.76,P08,TEAM_A,918.5,256,90.14,,,902,217,935,256,0.885,1.0
144,5.76,P12,TEAM_B,1050.5,314,134.63,,,1036,282,1065,314,0.865,0.587
144,5.76,P03,TEAM_A,800.5,174,67.31,,,790,132,811,174,0.86,1.0
144,5.76,P11,TEAM_B,772.5,260,215.06,,,756,202,789,260,0.85,0.867
144,5.76,P07,TEAM_A,781.0,276,316.23,,,763,227,799,276,0.821,0.729
144,5.76,P04,TEAM_B,841.5,133,79.06,,,832,99,851,133,0.804,0.706
144,5.76,P14,TEAM_A,883.0,143,137.5,,,876,113,890,143,0.555,0.738
144,5.76,P13,TEAM_A,1038.5,257,28.85,,,1025,229,1052,257,0.388,0.86
145,5.8,P01,TEAM_A,294.5,151,0.0,,,284,114,305,151,0.9,0.581
145,5.8,P02,TEAM_B,883.0,200,0.0,,,870,159,896,200,0.898,0.707
145,5.8,P08,TEAM_A,918.5,256,0.0,,,902,217,935,256,0.885,1.0
145,5.8,P12,TEAM_B,1050.5,314,0.0,,,1036,282,1065,314,0.865,0.587
145,5.8,P03,TEAM_A,800.5,174,0.0,,,790,132,811,174,0.86,1.0
145,5.8,P11,TEAM_B,772.5,260,0.0,,,756,202,789,260,0.85,0.867
145,5.8,P07,TEAM_A,781.0,276,0.0,,,763,227,799,276,0.821,0.729
145,5.8,P04,TEAM_B,841.5,133,0.0,,,832,99,851,133,0.804,0.706
145,5.8,P14,TEAM_A,883.0,143,0.0,,,876,113,890,143,0.555,0.738
145,5.8,P13,TEAM_A,1038.5,257,0.0,,,1025,229,1052,257,0.388,0.86
146,5.84,P01,TEAM_A,294.5,151,0.0,,,284,114,305,151,0.9,0.581
146,5.84,P02,TEAM_B,883.0,200,0.0,,,870,159,896,200,0.898,0.707
146,5.84,P08,TEAM_A,918.5,256,0.0,,,902,217,935,256,0.885,1.0
146,5.84,P12,TEAM_B,1050.5,314,0.0,,,1036,282,1065,314,0.865,0.587
146,5.84,P03,TEAM_A,800.5,174,0.0,,,790,132,811,174,0.86,1.0
146,5.84,P11,TEAM_B,772.5,260,0.0,,,756,202,789,260,0.85,0.867
146,5.84,P07,TEAM_A,781.0,276,0.0,,,763,227,799,276,0.821,0.729
146,5.84,P04,TEAM_B,841.5,133,0.0,,,832,99,851,133,0.804,0.706
146,5.84,P14,TEAM_A,883.0,143,0.0,,,876,113,890,143,0.555,0.738
146,5.84,P13,TEAM_A,1038.5,257,0.0,,,1025,229,1052,257,0.388,0.86
147,5.88,P11,TEAM_A,775.0,274,355.54,,,758,208,792,274,0.903,0.579
147,5.88,P01,TEAM_A,294.5,152,25.0,,,284,114,305,152,0.901,0.72
147,5.88,P08,TEAM_A,916.5,258,70.71,,,902,219,931,258,0.891,1.0
147,5.88,P02,TEAM_B,884.5,199,45.07,,,872,157,897,199,0.889,0.834
147,5.88,P12,TEAM_B,1055.5,319,176.78,,,1040,286,1071,319,0.874,0.722
147,5.88,P03,TEAM_A,795.5,174,125.0,,,786,130,805,174,0.866,1.0
147,5.88,P04,TEAM_B,840.5,130,79.06,,,831,97,850,130,0.806,0.696
147,5.88,P14,TEAM_A,877.0,140,167.71,,,869,112,885,140,0.731,0.734
147,5.88,P13,TEAM_A,1039.5,260,79.06,,,1026,233,1053,260,0.579,0.577
147,5.88,P15,TEAM_B,945.0,132,1.27,,,931,98,959,132,0.416,0.854
148,5.92,P11,TEAM_A,775.0,274,0.0,,,758,208,792,274,0.903,0.579
148,5.92,P01,TEAM_A,294.5,152,0.0,,,284,114,305,152,0.901,0.72
148,5.92,P08,TEAM_A,916.5,258,0.0,,,902,219,931,258,0.891,1.0
148,5.92,P02,TEAM_B,884.5,199,0.0,,,872,157,897,199,0.889,0.834
148,5.92,P12,TEAM_B,1055.5,319,0.0,,,1040,286,1071,319,0.874,0.722
148,5.92,P03,TEAM_A,795.5,174,0.0,,,786,130,805,174,0.866,1.0
148,5.92,P04,TEAM_B,840.5,130,0.0,,,831,97,850,130,0.806,0.696
148,5.92,P14,TEAM_A,877.0,140,0.0,,,869,112,885,140,0.731,0.734
148,5.92,P13,TEAM_A,1039.5,260,0.0,,,1026,233,1053,260,0.579,0.577
148,5.92,P15,TEAM_B,945.0,132,0.0,,,931,98,959,132,0.416,0.854
149,5.96,P11,TEAM_A,775.0,274,0.0,,,758,208,792,274,0.903,0.579
149,5.96,P01,TEAM_A,294.5,152,0.0,,,284,114,305,152,0.901,0.72
149,5.96,P08,TEAM_A,916.5,258,0.0,,,902,219,931,258,0.891,1.0
149,5.96,P02,TEAM_B,884.5,199,0.0,,,872,157,897,199,0.889,0.834
149,5.96,P12,TEAM_B,1055.5,319,0.0,,,1040,286,1071,319,0.874,0.722
149,5.96,P03,TEAM_A,795.5,174,0.0,,,786,130,805,174,0.866,1.0
149,5.96,P04,TEAM_B,840.5,130,0.0,,,831,97,850,130,0.806,0.696
149,5.96,P14,TEAM_A,877.0,140,0.0,,,869,112,885,140,0.731,0.734
149,5.96,P13,TEAM_A,1039.5,260,0.0,,,1026,233,1053,260,0.579,0.577
149,5.96,P15,TEAM_B,945.0,132,0.0,,,931,98,959,132,0.416,0.854
150,6.0,P01,TEAM_A,295.0,151,27.95,,,284,115,306,151,0.901,0.719
150,6.0,P11,TEAM_A,773.0,274,50.0,,,752,213,794,274,0.895,1.0
150,6.0,P02,TEAM_B,884.5,198,25.0,,,872,156,897,198,0.894,0.842
150,6.0,P08,TEAM_A,915.5,259,35.36,,,901,220,930,259,0.893,1.0
150,6.0,P12,TEAM_B,1059.5,322,125.0,,,1046,290,1073,322,0.862,0.722
150,6.0,P03,TEAM_A,788.5,172,182.0,,,777,131,800,172,0.855,0.728
150,6.0,P04,TEAM_B,840.0,130,12.5,,,830,95,850,130,0.825,0.715
150,6.0,P14,TEAM_A,871.5,139,139.75,,,864,110,879,139,0.762,0.579
150,6.0,P13,TEAM_A,1039.0,262,51.54,,,1026,235,1052,262,0.744,0.859
150,6.0,P15,TEAM_B,945.0,132,0.0,,,931,98,959,132,0.448,0.854
151,6.04,P01,TEAM_A,295.0,151,0.0,,,284,115,306,151,0.901,0.719
151,6.04,P11,TEAM_A,773.0,274,0.0,,,752,213,794,274,0.895,1.0
151,6.04,P02,TEAM_B,884.5,198,0.0,,,872,156,897,198,0.894,0.842
151,6.04,P08,TEAM_A,915.5,259,0.0,,,901,220,930,259,0.893,1.0
151,6.04,P12,TEAM_B,1059.5,322,0.0,,,1046,290,1073,322,0.862,0.722
151,6.04,P03,TEAM_A,788.5,172,0.0,,,777,131,800,172,0.855,0.728
151,6.04,P04,TEAM_B,840.0,130,0.0,,,830,95,850,130,0.825,0.715
151,6.04,P14,TEAM_A,871.5,139,0.0,,,864,110,879,139,0.762,0.579
151,6.04,P13,TEAM_A,1039.0,262,0.0,,,1026,235,1052,262,0.744,0.859
151,6.04,P15,TEAM_B,945.0,132,0.0,,,931,98,959,132,0.448,0.854
152,6.08,P01,TEAM_A,295.0,151,0.0,,,284,115,306,151,0.901,0.719
152,6.08,P11,TEAM_A,773.0,274,0.0,,,752,213,794,274,0.895,1.0
152,6.08,P02,TEAM_B,884.5,198,0.0,,,872,156,897,198,0.894,0.842
152,6.08,P08,TEAM_A,915.5,259,0.0,,,901,220,930,259,0.893,1.0
152,6.08,P12,TEAM_B,1059.5,322,0.0,,,1046,290,1073,322,0.862,0.722
152,6.08,P03,TEAM_A,788.5,172,0.0,,,777,131,800,172,0.855,0.728
152,6.08,P04,TEAM_B,840.0,130,0.0,,,830,95,850,130,0.825,0.715
152,6.08,P14,TEAM_A,871.5,139,0.0,,,864,110,879,139,0.762,0.579
152,6.08,P13,TEAM_A,1039.0,262,0.0,,,1026,235,1052,262,0.744,0.859
152,6.08,P15,TEAM_B,945.0,132,0.0,,,931,98,959,132,0.448,0.854
153,6.12,P08,TEAM_A,913.5,263,111.8,,,899,220,928,263,0.902,1.0
153,6.12,P01,TEAM_A,295.5,151,12.5,,,285,115,306,151,0.899,0.579
153,6.12,P02,TEAM_B,884.5,198,0.0,,,872,155,897,198,0.898,0.84
153,6.12,P12,TEAM_B,1064.5,326,160.08,,,1050,294,1079,326,0.875,0.853
153,6.12,P03,TEAM_A,783.5,172,125.0,,,774,130,793,172,0.867,1.0
153,6.12,P11,TEAM_A,755.5,273,438.21,,,734,224,777,273,0.857,1.0
153,6.12,P07,TEAM_B,782.0,269,25.25,,,766,216,798,269,0.846,0.708
153,6.12,P04,TEAM_B,838.5,128,62.5,,,829,94,848,128,0.826,0.574
153,6.12,P13,TEAM_A,1039.0,263,25.0,,,1026,235,1052,263,0.649,1.0
153,6.12,P14,TEAM_A,863.5,136,213.6,,,855,106,872,136,0.576,0.738
153,6.12,P15,TEAM_B,944.5,132,12.5,,,931,98,958,132,0.484,0.855
154,6.16,P08,TEAM_A,913.5,263,0.0,,,899,220,928,263,0.902,1.0
154,6.16,P01,TEAM_A,295.5,151,0.0,,,285,115,306,151,0.899,0.579
154,6.16,P02,TEAM_B,884.5,198,0.0,,,872,155,897,198,0.898,0.84
154,6.16,P12,TEAM_B,1064.5,326,0.0,,,1050,294,1079,326,0.875,0.853
154,6.16,P03,TEAM_A,783.5,172,0.0,,,774,130,793,172,0.867,1.0
154,6.16,P11,TEAM_A,755.5,273,0.0,,,734,224,777,273,0.857,1.0
154,6.16,P07,TEAM_B,782.0,269,0.0,,,766,216,798,269,0.846,0.708
154,6.16,P04,TEAM_B,838.5,128,0.0,,,829,94,848,128,0.826,0.574
154,6.16,P13,TEAM_A,1039.0,263,0.0,,,1026,235,1052,263,0.649,1.0
154,6.16,P14,TEAM_A,863.5,136,0.0,,,855,106,872,136,0.576,0.738
154,6.16,P15,TEAM_B,944.5,132,0.0,,,931,98,958,132,0.484,0.855
155,6.2,P08,TEAM_A,913.5,263,0.0,,,899,220,928,263,0.902,1.0
155,6.2,P01,TEAM_A,295.5,151,0.0,,,285,115,306,151,0.899,0.579
155,6.2,P02,TEAM_B,884.5,198,0.0,,,872,155,897,198,0.898,0.84
155,6.2,P12,TEAM_B,1064.5,326,0.0,,,1050,294,1079,326,0.875,0.853
155,6.2,P03,TEAM_A,783.5,172,0.0,,,774,130,793,172,0.867,1.0
155,6.2,P11,TEAM_A,755.5,273,0.0,,,734,224,777,273,0.857,1.0
155,6.2,P07,TEAM_B,782.0,269,0.0,,,766,216,798,269,0.846,0.708
155,6.2,P04,TEAM_B,838.5,128,0.0,,,829,94,848,128,0.826,0.574
155,6.2,P13,TEAM_A,1039.0,263,0.0,,,1026,235,1052,263,0.649,1.0
155,6.2,P14,TEAM_A,863.5,136,0.0,,,855,106,872,136,0.576,0.738
155,6.2,P15,TEAM_B,944.5,132,0.0,,,931,98,958,132,0.484,0.855
156,6.24,P08,TEAM_A,912.0,267,106.8,,,897,222,927,267,0.898,1.0
156,6.24,P02,TEAM_B,885.0,198,12.5,,,872,154,898,198,0.896,0.84
156,6.24,P01,TEAM_A,296.0,151,12.5,,,285,115,307,151,0.896,0.578
156,6.24,P12,TEAM_B,1066.5,330,111.8,,,1052,297,1081,330,0.88,0.854
156,6.24,P03,TEAM_A,781.5,171,55.9,,,772,127,791,171,0.863,1.0
156,6.24,P07,TEAM_B,783.5,274,130.5,,,766,220,801,274,0.862,0.578
156,6.24,P11,TEAM_A,752.0,271,100.78,,,734,226,770,271,0.858,1.0
156,6.24,P04,TEAM_B,837.0,127,45.07,,,828,93,846,127,0.83,0.715
156,6.24,P15,TEAM_B,944.5,133,25.0,,,931,98,958,133,0.454,0.855
156,6.24,P13,TEAM_A,1040.5,263,37.5,,,1028,237,1053,263,0.435,0.856
157,6.28,P08,TEAM_A,912.0,267,0.0,,,897,222,927,267,0.898,1.0
157,6.28,P02,TEAM_B,885.0,198,0.0,,,872,154,898,198,0.896,0.84
157,6.28,P01,TEAM_A,296.0,151,0.0,,,285,115,307,151,0.896,0.578
157,6.28,P12,TEAM_B,1066.5,330,0.0,,,1052,297,1081,330,0.88,0.854
157,6.28,P03,TEAM_A,781.5,171,0.0,,,772,127,791,171,0.863,1.0
157,6.28,P07,TEAM_B,783.5,274,0.0,,,766,220,801,274,0.862,0.578
157,6.28,P11,TEAM_A,752.0,271,0.0,,,734,226,770,271,0.858,1.0
157,6.28,P04,TEAM_B,837.0,127,0.0,,,828,93,846,127,0.83,0.715
157,6.28,P15,TEAM_B,944.5,133,0.0,,,931,98,958,133,0.454,0.855
157,6.28,P13,TEAM_A,1040.5,263,0.0,,,1028,237,1053,263,0.435,0.856
158,6.32,P08,TEAM_A,912.0,267,0.0,,,897,222,927,267,0.898,1.0
158,6.32,P02,TEAM_B,885.0,198,0.0,,,872,154,898,198,0.896,0.84
158,6.32,P01,TEAM_A,296.0,151,0.0,,,285,115,307,151,0.896,0.578
158,6.32,P12,TEAM_B,1066.5,330,0.0,,,1052,297,1081,330,0.88,0.854
158,6.32,P03,TEAM_A,781.5,171,0.0,,,772,127,791,171,0.863,1.0
158,6.32,P07,TEAM_B,783.5,274,0.0,,,766,220,801,274,0.862,0.578
158,6.32,P11,TEAM_A,752.0,271,0.0,,,734,226,770,271,0.858,1.0
158,6.32,P04,TEAM_B,837.0,127,0.0,,,828,93,846,127,0.83,0.715
158,6.32,P15,TEAM_B,944.5,133,0.0,,,931,98,958,133,0.454,0.855
158,6.32,P13,TEAM_A,1040.5,263,0.0,,,1028,237,1053,263,0.435,0.856
159,6.36,P02,TEAM_B,885.5,198,12.5,,,873,152,898,198,0.895,0.843
159,6.36,P01,TEAM_A,297.5,151,37.5,,,286,116,309,151,0.895,0.578
159,6.36,P07,TEAM_B,786.5,282,213.6,,,768,225,805,282,0.895,0.568
159,6.36,P08,TEAM_A,909.5,268,67.31,,,894,224,925,268,0.894,1.0
159,6.36,P11,TEAM_A,749.0,275,125.0,,,731,225,767,275,0.873,0.87
159,6.36,P03,TEAM_A,773.5,171,200.0,,,762,125,785,171,0.873,1.0
159,6.36,P12,TEAM_B,1071.5,332,134.63,,,1058,301,1085,332,0.855,0.845
159,6.36,P04,TEAM_B,836.5,127,12.5,,,827,93,846,127,0.807,0.86
159,6.36,P15,TEAM_B,944.5,132,25.0,,,931,98,958,132,0.456,0.854
160,6.4,P02,TEAM_B,885.5,198,0.0,,,873,152,898,198,0.895,0.843
160,6.4,P01,TEAM_A,297.5,151,0.0,,,286,116,309,151,0.895,0.578
160,6.4,P07,TEAM_B,786.5,282,0.0,,,768,225,805,282,0.895,0.568
160,6.4,P08,TEAM_A,909.5,268,0.0,,,894,224,925,268,0.894,1.0
160,6.4,P11,TEAM_A,749.0,275,0.0,,,731,225,767,275,0.873,0.87
160,6.4,P03,TEAM_A,773.5,171,0.0,,,762,125,785,171,0.873,1.0
160,6.4,P12,TEAM_B,1071.5,332,0.0,,,1058,301,1085,332,0.855,0.845
160,6.4,P04,TEAM_B,836.5,127,0.0,,,827,93,846,127,0.807,0.86
160,6.4,P15,TEAM_B,944.5,132,0.0,,,931,98,958,132,0.456,0.854
161,6.44,P02,TEAM_B,885.5,198,0.0,,,873,152,898,198,0.895,0.843
161,6.44,P01,TEAM_A,297.5,151,0.0,,,286,116,309,151,0.895,0.578
161,6.44,P07,TEAM_B,786.5,282,0.0,,,768,225,805,282,0.895,0.568
161,6.44,P08,TEAM_A,909.5,268,0.0,,,894,224,925,268,0.894,1.0
161,6.44,P11,TEAM_A,749.0,275,0.0,,,731,225,767,275,0.873,0.87
161,6.44,P03,TEAM_A,773.5,171,0.0,,,762,125,785,171,0.873,1.0
161,6.44,P12,TEAM_B,1071.5,332,0.0,,,1058,301,1085,332,0.855,0.845
161,6.44,P04,TEAM_B,836.5,127,0.0,,,827,93,846,127,0.807,0.86
161,6.44,P15,TEAM_B,944.5,132,0.0,,,931,98,958,132,0.456,0.854
162,6.48,P08,TEAM_A,908.0,270,62.5,,,893,224,923,270,0.901,1.0
162,6.48,P01,TEAM_A,299.5,151,50.0,,,287,115,312,151,0.9,0.58
162,6.48,P07,TEAM_A,791.5,284,134.63,,,773,231,810,284,0.893,0.59
162,6.48,P02,TEAM_B,886.5,197,35.36,,,874,150,899,197,0.892,0.711
162,6.48,P11,TEAM_A,745.0,278,125.0,,,728,227,762,278,0.887,0.872
162,6.48,P03,TEAM_A,767.0,171,162.5,,,755,124,779,171,0.872,1.0
162,6.48,P12,TEAM_B,1074.0,333,67.31,,,1060,303,1088,333,0.864,0.844
162,6.48,P04,TEAM_B,836.5,129,50.0,,,826,91,847,129,0.849,0.727
162,6.48,P15,TEAM_B,944.5,133,25.0,,,931,99,958,133,0.552,0.855
162,6.48,P13,TEAM_A,1043.0,266,24.41,,,1030,239,1056,266,0.402,0.571
163,6.52,P08,TEAM_A,908.0,270,0.0,,,893,224,923,270,0.901,1.0
163,6.52,P01,TEAM_A,299.5,151,0.0,,,287,115,312,151,0.9,0.58
163,6.52,P07,TEAM_A,791.5,284,0.0,,,773,231,810,284,0.893,0.59
163,6.52,P02,TEAM_B,886.5,197,0.0,,,874,150,899,197,0.892,0.711
163,6.52,P11,TEAM_A,745.0,278,0.0,,,728,227,762,278,0.887,0.872
163,6.52,P03,TEAM_A,767.0,171,0.0,,,755,124,779,171,0.872,1.0
163,6.52,P12,TEAM_B,1074.0,333,0.0,,,1060,303,1088,333,0.864,0.844
163,6.52,P04,TEAM_B,836.5,129,0.0,,,826,91,847,129,0.849,0.727
163,6.52,P15,TEAM_B,944.5,133,0.0,,,931,99,958,133,0.552,0.855
163,6.52,P13,TEAM_A,1043.0,266,0.0,,,1030,239,1056,266,0.402,0.571
164,6.56,P08,TEAM_A,908.0,270,0.0,,,893,224,923,270,0.901,1.0
164,6.56,P01,TEAM_A,299.5,151,0.0,,,287,115,312,151,0.9,0.58
164,6.56,P07,TEAM_A,791.5,284,0.0,,,773,231,810,284,0.893,0.59
164,6.56,P02,TEAM_B,886.5,197,0.0,,,874,150,899,197,0.892,0.711
164,6.56,P11,TEAM_A,745.0,278,0.0,,,728,227,762,278,0.887,0.872
164,6.56,P03,TEAM_A,767.0,171,0.0,,,755,124,779,171,0.872,1.0
164,6.56,P12,TEAM_B,1074.0,333,0.0,,,1060,303,1088,333,0.864,0.844
164,6.56,P04,TEAM_B,836.5,129,0.0,,,826,91,847,129,0.849,0.727
164,6.56,P15,TEAM_B,944.5,133,0.0,,,931,99,958,133,0.552,0.855
164,6.56,P13,TEAM_A,1043.0,266,0.0,,,1030,239,1056,266,0.402,0.571
165,6.6,P08,TEAM_A,905.5,270,62.5,,,889,225,922,270,0.903,1.0
165,6.6,P01,TEAM_A,300.5,151,25.0,,,288,115,313,151,0.899,0.583
165,6.6,P07,TEAM_A,797.0,284,137.5,,,780,235,814,284,0.896,0.7
165,6.6,P02,TEAM_B,886.0,197,12.5,,,874,149,898,197,0.889,0.846
165,6.6,P03,TEAM_A,764.0,168,106.07,,,754,121,774,168,0.887,1.0
165,6.6,P11,TEAM_A,741.5,279,91.0,,,724,229,759,279,0.887,0.869
165,6.6,P12,TEAM_B,1076.5,335,80.04,,,1062,304,1091,335,0.877,0.708
165,6.6,P04,TEAM_A,835.0,129,37.5,,,826,92,844,129,0.857,0.581
165,6.6,P15,TEAM_B,944.5,132,25.0,,,931,97,958,132,0.5,0.854
165,6.6,P13,TEAM_B,1044.0,270,103.08,,,1031,240,1057,270,0.385,0.571
166,6.64,P08,TEAM_A,905.5,270,0.0,,,889,225,922,270,0.903,1.0
166,6.64,P01,TEAM_A,300.5,151,0.0,,,288,115,313,151,0.899,0.583
166,6.64,P07,TEAM_A,797.0,284,0.0,,,780,235,814,284,0.896,0.7
166,6.64,P02,TEAM_B,886.0,197,0.0,,,874,149,898,197,0.889,0.846
166,6.64,P03,TEAM_A,764.0,168,0.0,,,754,121,774,168,0.887,1.0
166,6.64,P11,TEAM_A,741.5,279,0.0,,,724,229,759,279,0.887,0.869
166,6.64,P12,TEAM_B,1076.5,335,0.0,,,1062,304,1091,335,0.877,0.708
166,6.64,P04,TEAM_A,835.0,129,0.0,,,826,92,844,129,0.857,0.581
166,6.64,P15,TEAM_B,944.5,132,0.0,,,931,97,958,132,0.5,0.854
166,6.64,P13,TEAM_B,1044.0,270,0.0,,,1031,240,1057,270,0.385,0.571
167,6.68,P08,TEAM_A,905.5,270,0.0,,,889,225,922,270,0.903,1.0
167,6.68,P01,TEAM_A,300.5,151,0.0,,,288,115,313,151,0.899,0.583
167,6.68,P07,TEAM_A,797.0,284,0.0,,,780,235,814,284,0.896,0.7
167,6.68,P02,TEAM_B,886.0,197,0.0,,,874,149,898,197,0.889,0.846
167,6.68,P03,TEAM_A,764.0,168,0.0,,,754,121,774,168,0.887,1.0
167,6.68,P11,TEAM_A,741.5,279,0.0,,,724,229,759,279,0.887,0.869
167,6.68,P12,TEAM_B,1076.5,335,0.0,,,1062,304,1091,335,0.877,0.708
167,6.68,P04,TEAM_A,835.0,129,0.0,,,826,92,844,129,0.857,0.581
167,6.68,P15,TEAM_B,944.5,132,0.0,,,931,97,958,132,0.5,0.854
167,6.68,P13,TEAM_B,1044.0,270,0.0,,,1031,240,1057,270,0.385,0.571
168,6.72,P07,TEAM_A,799.5,300,404.85,,,782,241,817,300,0.908,0.561
168,6.72,P11,TEAM_A,734.5,279,175.0,,,713,230,756,279,0.903,1.0
168,6.72,P08,TEAM_A,898.5,271,176.78,,,879,226,918,271,0.901,1.0
168,6.72,P01,TEAM_A,301.0,151,12.5,,,289,115,313,151,0.895,0.582
168,6.72,P04,TEAM_A,830.0,129,125.0,,,816,91,844,129,0.888,0.57
168,6.72,P02,TEAM_B,885.5,195,51.54,,,875,147,896,195,0.874,0.84
168,6.72,P12,TEAM_B,1079.5,336,79.06,,,1066,307,1093,336,0.866,0.707
168,6.72,P03,TEAM_A,758.0,164,180.28,,,747,120,769,164,0.865,1.0
168,6.72,P13,TEAM_B,1045.5,270,37.5,,,1032,241,1059,270,0.375,0.713
168,6.72,P15,TEAM_B,944.5,132,0.0,,,931,98,958,132,0.352,0.854
169,6.76,P07,TEAM_A,799.5,300,0.0,,,782,241,817,300,0.908,0.561
169,6.76,P11,TEAM_A,734.5,279,0.0,,,713,230,756,279,0.903,1.0
169,6.76,P08,TEAM_A,898.5,271,0.0,,,879,226,918,271,0.901,1.0
169,6.76,P01,TEAM_A,301.0,151,0.0,,,289,115,313,151,0.895,0.582
169,6.76,P04,TEAM_A,830.0,129,0.0,,,816,91,844,129,0.888,0.57
169,6.76,P02,TEAM_B,885.5,195,0.0,,,875,147,896,195,0.874,0.84
169,6.76,P12,TEAM_B,1079.5,336,0.0,,,1066,307,1093,336,0.866,0.707
169,6.76,P03,TEAM_A,758.0,164,0.0,,,747,120,769,164,0.865,1.0
169,6.76,P13,TEAM_B,1045.5,270,0.0,,,1032,241,1059,270,0.375,0.713
169,6.76,P15,TEAM_B,944.5,132,0.0,,,931,98,958,132,0.352,0.854
170,6.8,P07,TEAM_A,799.5,300,0.0,,,782,241,817,300,0.908,0.561
170,6.8,P11,TEAM_A,734.5,279,0.0,,,713,230,756,279,0.903,1.0
170,6.8,P08,TEAM_A,898.5,271,0.0,,,879,226,918,271,0.901,1.0
170,6.8,P01,TEAM_A,301.0,151,0.0,,,289,115,313,151,0.895,0.582
170,6.8,P04,TEAM_A,830.0,129,0.0,,,816,91,844,129,0.888,0.57
170,6.8,P02,TEAM_B,885.5,195,0.0,,,875,147,896,195,0.874,0.84
170,6.8,P12,TEAM_B,1079.5,336,0.0,,,1066,307,1093,336,0.866,0.707
170,6.8,P03,TEAM_A,758.0,164,0.0,,,747,120,769,164,0.865,1.0
170,6.8,P13,TEAM_B,1045.5,270,0.0,,,1032,241,1059,270,0.375,0.713
170,6.8,P15,TEAM_B,944.5,132,0.0,,,931,98,958,132,0.352,0.854
171,6.84,P11,TEAM_A,730.5,285,180.28,,,709,232,752,285,0.914,0.869
171,6.84,P07,TEAM_B,802.0,305,139.75,,,783,247,821,305,0.913,0.595
171,6.84,P08,TEAM_A,895.5,271,75.0,,,877,227,914,271,0.898,1.0
171,6.84,P01,TEAM_A,302.0,150,35.36,,,290,114,314,150,0.892,0.581
171,6.84,P03,TEAM_A,751.5,163,164.41,,,737,118,766,163,0.888,0.72
171,6.84,P12,TEAM_B,1082.5,339,106.07,,,1069,309,1096,339,0.873,0.709
171,6.84,P02,TEAM_B,884.5,192,79.06,,,875,146,894,192,0.868,0.846
171,6.84,P04,TEAM_A,817.0,126,333.54,,,806,94,828,126,0.785,0.726
171,6.84,P14,TEAM_B,833.5,123,51.09,,,822,91,845,123,0.782,0.574
171,6.84,P13,TEAM_B,1047.0,271,45.07,,,1034,242,1060,271,0.455,0.715
171,6.84,P15,TEAM_B,944.5,133,25.0,,,931,99,958,133,0.426,0.855
172,6.88,P11,TEAM_A,730.5,285,0.0,,,709,232,752,285,0.914,0.869
172,6.88,P07,TEAM_B,802.0,305,0.0,,,783,247,821,305,0.913,0.595
172,6.88,P08,TEAM_A,895.5,271,0.0,,,877,227,914,271,0.898,1.0
172,6.88,P01,TEAM_A,302.0,150,0.0,,,290,114,314,150,0.892,0.581
172,6.88,P03,TEAM_A,751.5,163,0.0,,,737,118,766,163,0.888,0.72
172,6.88,P12,TEAM_B,1082.5,339,0.0,,,1069,309,1096,339,0.873,0.709
172,6.88,P02,TEAM_B,884.5,192,0.0,,,875,146,894,192,0.868,0.846
172,6.88,P04,TEAM_A,817.0,126,0.0,,,806,94,828,126,0.785,0.726
172,6.88,P14,TEAM_B,833.5,123,0.0,,,822,91,845,123,0.782,0.574
172,6.88,P13,TEAM_B,1047.0,271,0.0,,,1034,242,1060,271,0.455,0.715
172,6.88,P15,TEAM_B,944.5,133,0.0,,,931,99,958,133,0.426,0.855
173,6.92,P11,TEAM_A,730.5,285,0.0,,,709,232,752,285,0.914,0.869
173,6.92,P07,TEAM_B,802.0,305,0.0,,,783,247,821,305,0.913,0.595
173,6.92,P08,TEAM_A,895.5,271,0.0,,,877,227,914,271,0.898,1.0
173,6.92,P01,TEAM_A,302.0,150,0.0,,,290,114,314,150,0.892,0.581
173,6.92,P03,TEAM_A,751.5,163,0.0,,,737,118,766,163,0.888,0.72
173,6.92,P12,TEAM_B,1082.5,339,0.0,,,1069,309,1096,339,0.873,0.709
173,6.92,P02,TEAM_B,884.5,192,0.0,,,875,146,894,192,0.868,0.846
173,6.92,P04,TEAM_A,817.0,126,0.0,,,806,94,828,126,0.785,0.726
173,6.92,P14,TEAM_B,833.5,123,0.0,,,822,91,845,123,0.782,0.574
173,6.92,P13,TEAM_B,1047.0,271,0.0,,,1034,242,1060,271,0.455,0.715
173,6.92,P15,TEAM_B,944.5,133,0.0,,,931,99,958,133,0.426,0.855
174,6.96,P07,TEAM_A,806.0,307,111.8,,,788,253,824,307,0.91,0.542
174,6.96,P11,TEAM_A,727.5,289,125.0,,,708,234,747,289,0.907,0.862
174,6.96,P08,TEAM_A,893.5,270,55.9,,,877,225,910,270,0.904,1.0
174,6.96,P01,TEAM_A,302.5,151,27.95,,,291,114,314,151,0.895,0.72
174,6.96,P12,TEAM_B,1084.5,343,111.8,,,1071,311,1098,343,0.876,0.71
174,6.96,P03,TEAM_A,746.5,161,134.63,,,735,117,758,161,0.87,1.0
174,6.96,P02,TEAM_B,882.5,188,111.8,,,873,142,892,188,0.862,0.849
174,6.96,P14,TEAM_B,834.0,119,100.78,,,824,88,844,119,0.805,0.723
174,6.96,P04,TEAM_A,807.0,126,250.0,,,799,94,815,126,0.795,0.73
174,6.96,P15,TEAM_B,944.5,132,25.0,,,931,98,958,132,0.455,0.854
175,7.0,P07,TEAM_A,806.0,307,0.0,,,788,253,824,307,0.91,0.542
175,7.0,P11,TEAM_A,727.5,289,0.0,,,708,234,747,289,0.907,0.862
175,7.0,P08,TEAM_A,893.5,270,0.0,,,877,225,910,270,0.904,1.0
175,7.0,P01,TEAM_A,302.5,151,0.0,,,291,114,314,151,0.895,0.72
175,7.0,P12,TEAM_B,1084.5,343,0.0,,,1071,311,1098,343,0.876,0.71
175,7.0,P03,TEAM_A,746.5,161,0.0,,,735,117,758,161,0.87,1.0
175,7.0,P02,TEAM_B,882.5,188,0.0,,,873,142,892,188,0.862,0.849
175,7.0,P14,TEAM_B,834.0,119,0.0,,,824,88,844,119,0.805,0.723
175,7.0,P04,TEAM_A,807.0,126,0.0,,,799,94,815,126,0.795,0.73
175,7.0,P15,TEAM_B,944.5,132,0.0,,,931,98,958,132,0.455,0.854
176,7.04,P07,TEAM_A,806.0,307,0.0,,,788,253,824,307,0.91,0.542
176,7.04,P11,TEAM_A,727.5,289,0.0,,,708,234,747,289,0.907,0.862
176,7.04,P08,TEAM_A,893.5,270,0.0,,,877,225,910,270,0.904,1.0
176,7.04,P01,TEAM_A,302.5,151,0.0,,,291,114,314,151,0.895,0.72
176,7.04,P12,TEAM_B,1084.5,343,0.0,,,1071,311,1098,343,0.876,0.71
176,7.04,P03,TEAM_A,746.5,161,0.0,,,735,117,758,161,0.87,1.0
176,7.04,P02,TEAM_B,882.5,188,0.0,,,873,142,892,188,0.862,0.849
176,7.04,P14,TEAM_B,834.0,119,0.0,,,824,88,844,119,0.805,0.723
176,7.04,P04,TEAM_A,807.0,126,0.0,,,799,94,815,126,0.795,0.73
176,7.04,P15,TEAM_B,944.5,132,0.0,,,931,98,958,132,0.455,0.854
177,7.08,P11,TEAM_A,726.0,289,37.5,,,708,236,744,289,0.918,0.867
177,7.08,P07,TEAM_B,809.5,308,91.0,,,791,257,828,308,0.911,0.596
177,7.08,P08,TEAM_A,891.5,270,50.0,,,876,223,907,270,0.907,1.0
177,7.08,P01,TEAM_A,303.0,151,12.5,,,292,114,314,151,0.895,0.72
177,7.08,P03,TEAM_A,744.0,160,67.31,,,734,114,754,160,0.873,1.0
177,7.08,P02,TEAM_B,879.0,184,132.88,,,869,140,889,184,0.868,0.72
177,7.08,P14,TEAM_B,834.0,119,0.0,,,824,87,844,119,0.804,0.864
177,7.08,P04,TEAM_A,799.0,126,200.0,,,791,91,807,126,0.8,0.861
177,7.08,P15,TEAM_B,944.0,133,27.95,,,931,99,957,133,0.45,0.855
178,7.12,P11,TEAM_A,726.0,289,0.0,,,708,236,744,289,0.918,0.867
178,7.12,P07,TEAM_B,809.5,308,0.0,,,791,257,828,308,0.911,0.596
178,7.12,P08,TEAM_A,891.5,270,0.0,,,876,223,907,270,0.907,1.0
178,7.12,P01,TEAM_A,303.0,151,0.0,,,292,114,314,151,0.895,0.72
178,7.12,P03,TEAM_A,744.0,160,0.0,,,734,114,754,160,0.873,1.0
178,7.12,P02,TEAM_B,879.0,184,0.0,,,869,140,889,184,0.868,0.72
178,7.12,P14,TEAM_B,834.0,119,0.0,,,824,87,844,119,0.804,0.864
178,7.12,P04,TEAM_A,799.0,126,0.0,,,791,91,807,126,0.8,0.861
178,7.12,P15,TEAM_B,944.0,133,0.0,,,931,99,957,133,0.45,0.855
179,7.16,P11,TEAM_A,726.0,289,0.0,,,708,236,744,289,0.918,0.867
179,7.16,P07,TEAM_B,809.5,308,0.0,,,791,257,828,308,0.911,0.596
179,7.16,P08,TEAM_A,891.5,270,0.0,,,876,223,907,270,0.907,1.0
179,7.16,P01,TEAM_A,303.0,151,0.0,,,292,114,314,151,0.895,0.72
179,7.16,P03,TEAM_A,744.0,160,0.0,,,734,114,754,160,0.873,1.0
179,7.16,P02,TEAM_B,879.0,184,0.0,,,869,140,889,184,0.868,0.72
179,7.16,P14,TEAM_B,834.0,119,0.0,,,824,87,844,119,0.804,0.864
179,7.16,P04,TEAM_A,799.0,126,0.0,,,791,91,807,126,0.8,0.861
179,7.16,P15,TEAM_B,944.0,133,0.0,,,931,99,957,133,0.45,0.855
180,7.2,P07,TEAM_B,812.5,317,237.17,,,793,264,832,317,0.907,1.0
180,7.2,P11,TEAM_A,725.0,291,55.9,,,709,237,741,291,0.907,0.866
180,7.2,P01,TEAM_A,303.0,150,25.0,,,292,114,314,150,0.895,0.721
180,7.2,P08,TEAM_A,885.5,271,152.07,,,869,222,902,271,0.893,1.0
180,7.2,P03,TEAM_A,740.0,159,103.08,,,729,112,751,159,0.882,1.0
180,7.2,P02,TEAM_B,874.0,175,257.39,,,865,139,883,175,0.834,0.707
180,7.2,P04,TEAM_A,786.5,125,313.5,,,778,91,795,125,0.829,0.861
180,7.2,P14,TEAM_B,834.0,118,25.0,,,824,85,844,118,0.818,0.863
180,7.2,P15,TEAM_B,944.0,132,25.0,,,931,98,957,132,0.431,0.854
181,7.24,P07,TEAM_B,812.5,317,0.0,,,793,264,832,317,0.907,1.0
181,7.24,P11,TEAM_A,725.0,291,0.0,,,709,237,741,291,0.907,0.866
181,7.24,P01,TEAM_A,303.0,150,0.0,,,292,114,314,150,0.895,0.721
181,7.24,P08,TEAM_A,885.5,271,0.0,,,869,222,902,271,0.893,1.0
181,7.24,P03,TEAM_A,740.0,159,0.0,,,729,112,751,159,0.882,1.0
181,7.24,P02,TEAM_B,874.0,175,0.0,,,865,139,883,175,0.834,0.707
181,7.24,P04,TEAM_A,786.5,125,0.0,,,778,91,795,125,0.829,0.861
181,7.24,P14,TEAM_B,834.0,118,0.0,,,824,85,844,118,0.818,0.863
181,7.24,P15,TEAM_B,944.0,132,0.0,,,931,98,957,132,0.431,0.854
182,7.28,P07,TEAM_B,812.5,317,0.0,,,793,264,832,317,0.907,1.0
182,7.28,P11,TEAM_A,725.0,291,0.0,,,709,237,741,291,0.907,0.866
182,7.28,P01,TEAM_A,303.0,150,0.0,,,292,114,314,150,0.895,0.721
182,7.28,P08,TEAM_A,885.5,271,0.0,,,869,222,902,271,0.893,1.0
182,7.28,P03,TEAM_A,740.0,159,0.0,,,729,112,751,159,0.882,1.0
182,7.28,P02,TEAM_B,874.0,175,0.0,,,865,139,883,175,0.834,0.707
182,7.28,P04,TEAM_A,786.5,125,0.0,,,778,91,795,125,0.829,0.861
182,7.28,P14,TEAM_B,834.0,118,0.0,,,824,85,844,118,0.818,0.863
182,7.28,P15,TEAM_B,944.0,132,0.0,,,931,98,957,132,0.431,0.854
183,7.32,P07,TEAM_B,816.0,327,264.87,,,795,270,837,327,0.913,0.694
183,7.32,P11,TEAM_A,724.0,299,201.56,,,708,240,740,299,0.908,1.0
183,7.32,P01,TEAM_A,303.0,150,0.0,,,292,114,314,150,0.896,0.721
183,7.32,P08,TEAM_A,879.0,269,170.02,,,861,219,897,269,0.888,1.0
183,7.32,P03,TEAM_A,734.0,157,158.11,,,721,111,747,157,0.887,0.865
183,7.32,P02,TEAM_B,868.0,170,195.26,,,858,135,878,170,0.854,0.861
183,7.32,P04,TEAM_A,775.5,127,279.51,,,767,89,784,127,0.83,1.0
183,7.32,P14,TEAM_B,834.0,116,50.0,,,824,83,844,116,0.803,0.844
184,7.36,P07,TEAM_B,816.0,327,0.0,,,795,270,837,327,0.913,0.694
184,7.36,P11,TEAM_A,724.0,299,0.0,,,708,240,740,299,0.908,1.0
184,7.36,P01,TEAM_A,303.0,150,0.0,,,292,114,314,150,0.896,0.721
184,7.36,P08,TEAM_A,879.0,269,0.0,,,861,219,897,269,0.888,1.0
184,7.36,P03,TEAM_A,734.0,157,0.0,,,721,111,747,157,0.887,0.865
184,7.36,P02,TEAM_B,868.0,170,0.0,,,858,135,878,170,0.854,0.861
184,7.36,P04,TEAM_A,775.5,127,0.0,,,767,89,784,127,0.83,1.0
184,7.36,P14,TEAM_B,834.0,116,0.0,,,824,83,844,116,0.803,0.844
185,7.4,P07,TEAM_B,816.0,327,0.0,,,795,270,837,327,0.913,0.694
185,7.4,P11,TEAM_A,724.0,299,0.0,,,708,240,740,299,0.908,1.0
185,7.4,P01,TEAM_A,303.0,150,0.0,,,292,114,314,150,0.896,0.721
185,7.4,P08,TEAM_A,879.0,269,0.0,,,861,219,897,269,0.888,1.0
185,7.4,P03,TEAM_A,734.0,157,0.0,,,721,111,747,157,0.887,0.865
185,7.4,P02,TEAM_B,868.0,170,0.0,,,858,135,878,170,0.854,0.861
185,7.4,P04,TEAM_A,775.5,127,0.0,,,767,89,784,127,0.83,1.0
185,7.4,P14,TEAM_B,834.0,116,0.0,,,824,83,844,116,0.803,0.844
186,7.44,P11,TEAM_A,724.0,302,75.0,,,708,242,740,302,0.903,1.0
186,7.44,P08,TEAM_A,876.5,264,139.75,,,859,217,894,264,0.898,1.0
186,7.44,P01,TEAM_A,303.0,150,0.0,,,292,113,314,150,0.897,0.582
186,7.44,P07,TEAM_B,821.5,328,139.75,,,802,275,841,328,0.896,0.837
186,7.44,P03,TEAM_A,732.5,155,62.5,,,720,109,745,155,0.884,1.0
186,7.44,P04,TEAM_A,765.5,125,254.95,,,755,85,776,125,0.85,0.862
186,7.44,P02,TEAM_B,863.0,169,127.48,,,853,133,873,169,0.835,0.725
186,7.44,P14,TEAM_B,833.5,115,27.95,,,824,83,843,115,0.815,0.847
187,7.48,P11,TEAM_A,724.0,302,0.0,,,708,242,740,302,0.903,1.0
187,7.48,P08,TEAM_A,876.5,264,0.0,,,859,217,894,264,0.898,1.0
187,7.48,P01,TEAM_A,303.0,150,0.0,,,292,113,314,150,0.897,0.582
187,7.48,P07,TEAM_B,821.5,328,0.0,,,802,275,841,328,0.896,0.837
187,7.48,P03,TEAM_A,732.5,155,0.0,,,720,109,745,155,0.884,1.0
187,7.48,P04,TEAM_A,765.5,125,0.0,,,755,85,776,125,0.85,0.862
187,7.48,P02,TEAM_B,863.0,169,0.0,,,853,133,873,169,0.835,0.725
187,7.48,P14,TEAM_B,833.5,115,0.0,,,824,83,843,115,0.815,0.847
188,7.52,P11,TEAM_A,724.0,302,0.0,,,708,242,740,302,0.903,1.0
188,7.52,P08,TEAM_A,876.5,264,0.0,,,859,217,894,264,0.898,1.0
188,7.52,P01,TEAM_A,303.0,150,0.0,,,292,113,314,150,0.897,0.582
188,7.52,P07,TEAM_B,821.5,328,0.0,,,802,275,841,328,0.896,0.837
188,7.52,P03,TEAM_A,732.5,155,0.0,,,720,109,745,155,0.884,1.0
188,7.52,P04,TEAM_A,765.5,125,0.0,,,755,85,776,125,0.85,0.862
188,7.52,P02,TEAM_B,863.0,169,0.0,,,853,133,873,169,0.835,0.725
188,7.52,P14,TEAM_B,833.5,115,0.0,,,824,83,843,115,0.815,0.847
189,7.56,P11,TEAM_A,722.0,302,50.0,,,705,245,739,302,0.907,1.0
189,7.56,P07,TEAM_B,827.0,331,156.62,,,808,281,846,331,0.899,0.863
189,7.56,P08,TEAM_A,871.0,261,156.62,,,852,215,890,261,0.899,1.0
189,7.56,P01,TEAM_A,302.5,150,12.5,,,291,114,314,150,0.895,0.719
189,7.56,P03,TEAM_A,728.0,151,150.52,,,717,107,739,151,0.872,1.0
189,7.56,P02,TEAM_B,857.5,166,156.62,,,848,133,867,166,0.867,0.728
189,7.56,P04,TEAM_A,755.5,122,261.01,,,747,86,764,122,0.828,0.725
189,7.56,P14,TEAM_B,833.5,114,25.0,,,823,82,844,114,0.824,0.848
189,7.56,P15,TEAM_B,944.0,131,3.57,,,931,98,957,131,0.446,0.854
190,7.6,P11,TEAM_A,722.0,302,0.0,,,705,245,739,302,0.907,1.0
190,7.6,P07,TEAM_B,827.0,331,0.0,,,808,281,846,331,0.899,0.863
190,7.6,P08,TEAM_A,871.0,261,0.0,,,852,215,890,261,0.899,1.0
190,7.6,P01,TEAM_A,302.5,150,0.0,,,291,114,314,150,0.895,0.719
190,7.6,P03,TEAM_A,728.0,151,0.0,,,717,107,739,151,0.872,1.0
190,7.6,P02,TEAM_B,857.5,166,0.0,,,848,133,867,166,0.867,0.728
190,7.6,P04,TEAM_A,755.5,122,0.0,,,747,86,764,122,0.828,0.725
190,7.6,P14,TEAM_B,833.5,114,0.0,,,823,82,844,114,0.824,0.848
190,7.6,P15,TEAM_B,944.0,131,0.0,,,931,98,957,131,0.446,0.854
191,7.64,P11,TEAM_A,722.0,302,0.0,,,705,245,739,302,0.907,1.0
191,7.64,P07,TEAM_B,827.0,331,0.0,,,808,281,846,331,0.899,0.863
191,7.64,P08,TEAM_A,871.0,261,0.0,,,852,215,890,261,0.899,1.0
191,7.64,P01,TEAM_A,302.5,150,0.0,,,291,114,314,150,0.895,0.719
191,7.64,P03,TEAM_A,728.0,151,0.0,,,717,107,739,151,0.872,1.0
191,7.64,P02,TEAM_B,857.5,166,0.0,,,848,133,867,166,0.867,0.728
191,7.64,P04,TEAM_A,755.5,122,0.0,,,747,86,764,122,0.828,0.725
191,7.64,P14,TEAM_B,833.5,114,0.0,,,823,82,844,114,0.824,0.848
191,7.64,P15,TEAM_B,944.0,131,0.0,,,931,98,957,131,0.446,0.854
192,7.68,P11,TEAM_A,719.5,302,62.5,,,700,247,739,302,0.91,1.0
192,7.68,P07,TEAM_B,828.5,344,327.16,,,808,286,849,344,0.905,0.862
192,7.68,P01,TEAM_A,302.0,150,12.5,,,290,114,314,150,0.895,0.581
192,7.68,P08,TEAM_A,866.5,259,123.11,,,847,214,886,259,0.888,1.0
192,7.68,P03,TEAM_A,723.5,149,123.11,,,710,105,737,149,0.878,0.858
192,7.68,P02,TEAM_B,852.0,165,139.75,,,841,129,863,165,0.858,0.862
192,7.68,P04,TEAM_A,748.5,123,176.78,,,740,84,757,123,0.839,1.0
192,7.68,P14,TEAM_B,834.0,113,27.95,,,823,81,845,113,0.825,0.845
193,7.72,P11,TEAM_A,719.5,302,0.0,,,700,247,739,302,0.91,1.0
193,7.72,P07,TEAM_B,828.5,344,0.0,,,808,286,849,344,0.905,0.862
193,7.72,P01,TEAM_A,302.0,150,0.0,,,290,114,314,150,0.895,0.581
193,7.72,P08,TEAM_A,866.5,259,0.0,,,847,214,886,259,0.888,1.0
193,7.72,P03,TEAM_A,723.5,149,0.0,,,710,105,737,149,0.878,0.858
193,7.72,P02,TEAM_B,852.0,165,0.0,,,841,129,863,165,0.858,0.862
193,7.72,P04,TEAM_A,748.5,123,0.0,,,740,84,757,123,0.839,1.0
193,7.72,P14,TEAM_B,834.0,113,0.0,,,823,81,845,113,0.825,0.845
194,7.76,P11,TEAM_A,719.5,302,0.0,,,700,247,739,302,0.91,1.0
194,7.76,P07,TEAM_B,828.5,344,0.0,,,808,286,849,344,0.905,0.862
194,7.76,P01,TEAM_A,302.0,150,0.0,,,290,114,314,150,0.895,0.581
194,7.76,P08,TEAM_A,866.5,259,0.0,,,847,214,886,259,0.888,1.0
194,7.76,P03,TEAM_A,723.5,149,0.0,,,710,105,737,149,0.878,0.858
194,7.76,P02,TEAM_B,852.0,165,0.0,,,841,129,863,165,0.858,0.862
194,7.76,P04,TEAM_A,748.5,123,0.0,,,740,84,757,123,0.839,1.0
194,7.76,P14,TEAM_B,834.0,113,0.0,,,823,81,845,113,0.825,0.845
195,7.8,P11,TEAM_A,719.5,310,200.0,,,701,252,738,310,0.904,1.0
195,7.8,P08,TEAM_A,861.0,259,137.5,,,841,213,881,259,0.904,1.0
195,7.8,P07,TEAM_B,834.0,352,242.71,,,813,294,855,352,0.898,1.0
195,7.8,P01,TEAM_A,301.5,151,27.95,,,289,115,314,151,0.897,0.581
195,7.8,P03,TEAM_A,720.0,149,87.5,,,707,103,733,149,0.86,0.861
195,7.8,P02,TEAM_B,845.0,164,176.78,,,835,127,855,164,0.858,0.865
195,7.8,P14,TEAM_B,834.0,113,0.0,,,823,81,845,113,0.821,0.847
195,7.8,P04,TEAM_A,737.0,119,304.39,,,728,82,746,119,0.743,0.869
195,7.8,P13,TEAM_A,1056.5,285,19.23,,,1045,257,1068,285,0.547,0.573
195,7.8,P15,TEAM_B,944.0,132,6.25,,,931,99,957,132,0.366,0.854
196,7.84,P11,TEAM_A,719.5,310,0.0,,,701,252,738,310,0.904,1.0
196,7.84,P08,TEAM_A,861.0,259,0.0,,,841,213,881,259,0.904,1.0
196,7.84,P07,TEAM_B,834.0,352,0.0,,,813,294,855,352,0.898,1.0
196,7.84,P01,TEAM_A,301.5,151,0.0,,,289,115,314,151,0.897,0.581
196,7.84,P03,TEAM_A,720.0,149,0.0,,,707,103,733,149,0.86,0.861
196,7.84,P02,TEAM_B,845.0,164,0.0,,,835,127,855,164,0.858,0.865
196,7.84,P14,TEAM_B,834.0,113,0.0,,,823,81,845,113,0.821,0.847
196,7.84,P04,TEAM_A,737.0,119,0.0,,,728,82,746,119,0.743,0.869
196,7.84,P13,TEAM_A,1056.5,285,0.0,,,1045,257,1068,285,0.547,0.573
196,7.84,P15,TEAM_B,944.0,132,0.0,,,931,99,957,132,0.366,0.854
197,7.88,P11,TEAM_A,719.5,310,0.0,,,701,252,738,310,0.904,1.0
197,7.88,P08,TEAM_A,861.0,259,0.0,,,841,213,881,259,0.904,1.0
197,7.88,P07,TEAM_B,834.0,352,0.0,,,813,294,855,352,0.898,1.0
197,7.88,P01,TEAM_A,301.5,151,0.0,,,289,115,314,151,0.897,0.581
197,7.88,P03,TEAM_A,720.0,149,0.0,,,707,103,733,149,0.86,0.861
197,7.88,P02,TEAM_B,845.0,164,0.0,,,835,127,855,164,0.858,0.865
197,7.88,P14,TEAM_B,834.0,113,0.0,,,823,81,845,113,0.821,0.847
197,7.88,P04,TEAM_A,737.0,119,0.0,,,728,82,746,119,0.743,0.869
197,7.88,P13,TEAM_A,1056.5,285,0.0,,,1045,257,1068,285,0.547,0.573
197,7.88,P15,TEAM_B,944.0,132,0.0,,,931,99,957,132,0.366,0.854
198,7.92,P07,TEAM_B,838.5,353,115.24,,,817,300,860,353,0.906,1.0
198,7.92,P08,TEAM_A,859.5,258,45.07,,,841,210,878,258,0.901,1.0
198,7.92,P11,TEAM_A,718.5,312,55.9,,,701,257,736,312,0.901,1.0
198,7.92,P01,TEAM_A,301.0,151,12.5,,,288,116,314,151,0.898,0.58
198,7.92,P03,TEAM_A,720.0,143,150.0,,,708,83,732,143,0.891,1.0
198,7.92,P02,TEAM_B,840.0,164,125.0,,,830,126,850,164,0.847,0.853
198,7.92,P14,TEAM_B,834.0,113,0.0,,,823,81,845,113,0.831,0.847
198,7.92,P13,TEAM_B,1058.5,286,55.9,,,1047,258,1070,286,0.591,0.568
198,7.92,P15,TEAM_B,944.0,132,0.0,,,931,99,957,132,0.451,0.854
199,7.96,P07,TEAM_B,838.5,353,0.0,,,817,300,860,353,0.906,1.0
199,7.96,P08,TEAM_A,859.5,258,0.0,,,841,210,878,258,0.901,1.0
199,7.96,P11,TEAM_A,718.5,312,0.0,,,701,257,736,312,0.901,1.0
199,7.96,P01,TEAM_A,301.0,151,0.0,,,288,116,314,151,0.898,0.58
199,7.96,P03,TEAM_A,720.0,143,0.0,,,708,83,732,143,0.891,1.0
199,7.96,P02,TEAM_B,840.0,164,0.0,,,830,126,850,164,0.847,0.853
199,7.96,P14,TEAM_B,834.0,113,0.0,,,823,81,845,113,0.831,0.847
199,7.96,P13,TEAM_B,1058.5,286,0.0,,,1047,258,1070,286,0.591,0.568
199,7.96,P15,TEAM_B,944.0,132,0.0,,,931,99,957,132,0.451,0.854
200,8.0,P07,TEAM_B,838.5,353,0.0,,,817,300,860,353,0.906,1.0
200,8.0,P08,TEAM_A,859.5,258,0.0,,,841,210,878,258,0.901,1.0
200,8.0,P11,TEAM_A,718.5,312,0.0,,,701,257,736,312,0.901,1.0
200,8.0,P01,TEAM_A,301.0,151,0.0,,,288,116,314,151,0.898,0.58
200,8.0,P03,TEAM_A,720.0,143,0.0,,,708,83,732,143,0.891,1.0
200,8.0,P02,TEAM_B,840.0,164,0.0,,,830,126,850,164,0.847,0.853
200,8.0,P14,TEAM_B,834.0,113,0.0,,,823,81,845,113,0.831,0.847
200,8.0,P13,TEAM_B,1058.5,286,0.0,,,1047,258,1070,286,0.591,0.568
200,8.0,P15,TEAM_B,944.0,132,0.0,,,931,99,957,132,0.451,0.854
201,8.04,P11,TEAM_A,718.5,313,25.0,,,701,260,736,313,0.917,1.0
201,8.04,P07,TEAM_B,840.5,354,55.9,,,817,303,864,354,0.908,1.0
201,8.04,P01,TEAM_A,299.5,151,37.5,,,287,116,312,151,0.899,0.578
201,8.04,P03,TEAM_A,717.0,141,90.14,,,706,82,728,141,0.889,1.0
201,8.04,P08,TEAM_A,856.5,256,90.14,,,838,207,875,256,0.889,1.0
201,8.04,P02,TEAM_B,833.5,162,170.02,,,822,124,845,162,0.869,0.735
201,8.04,P14,TEAM_B,834.0,113,0.0,,,823,80,845,113,0.822,0.844
201,8.04,P13,TEAM_B,1059.5,287,35.36,,,1048,258,1071,287,0.57,0.57
201,8.04,P15,TEAM_B,944.0,132,0.0,,,931,98,957,132,0.431,0.854
202,8.08,P11,TEAM_A,718.5,313,0.0,,,701,260,736,313,0.917,1.0
202,8.08,P07,TEAM_B,840.5,354,0.0,,,817,303,864,354,0.908,1.0
202,8.08,P01,TEAM_A,299.5,151,0.0,,,287,116,312,151,0.899,0.578
202,8.08,P03,TEAM_A,717.0,141,0.0,,,706,82,728,141,0.889,1.0
202,8.08,P08,TEAM_A,856.5,256,0.0,,,838,207,875,256,0.889,1.0
202,8.08,P02,TEAM_B,833.5,162,0.0,,,822,124,845,162,0.869,0.735
202,8.08,P14,TEAM_B,834.0,113,0.0,,,823,80,845,113,0.822,0.844
202,8.08,P13,TEAM_B,1059.5,287,0.0,,,1048,258,1071,287,0.57,0.57
202,8.08,P15,TEAM_B,944.0,132,0.0,,,931,98,957,132,0.431,0.854
203,8.12,P11,TEAM_A,718.5,313,0.0,,,701,260,736,313,0.917,1.0
203,8.12,P07,TEAM_B,840.5,354,0.0,,,817,303,864,354,0.908,1.0
203,8.12,P01,TEAM_A,299.5,151,0.0,,,287,116,312,151,0.899,0.578
203,8.12,P03,TEAM_A,717.0,141,0.0,,,706,82,728,141,0.889,1.0
203,8.12,P08,TEAM_A,856.5,256,0.0,,,838,207,875,256,0.889,1.0
203,8.12,P02,TEAM_B,833.5,162,0.0,,,822,124,845,162,0.869,0.735
203,8.12,P14,TEAM_B,834.0,113,0.0,,,823,80,845,113,0.822,0.844
203,8.12,P13,TEAM_B,1059.5,287,0.0,,,1048,258,1071,287,0.57,0.57
203,8.12,P15,TEAM_B,944.0,132,0.0,,,931,98,957,132,0.431,0.854
204,8.16,P07,TEAM_B,844.5,361,201.56,,,819,307,870,361,0.915,1.0
204,8.16,P11,TEAM_A,719.0,316,76.03,,,702,262,736,316,0.908,1.0
204,8.16,P08,TEAM_A,852.0,257,115.24,,,833,205,871,257,0.892,1.0
204,8.16,P01,TEAM_A,298.0,151,37.5,,,286,116,310,151,0.891,0.579
204,8.16,P02,TEAM_B,826.0,161,189.16,,,816,123,836,161,0.873,0.727
204,8.16,P03,TEAM_A,714.5,139,80.04,,,703,94,726,139,0.818,1.0
204,8.16,P04,TEAM_A,704.0,122,118.34,,,692,80,716,122,0.791,1.0
204,8.16,P14,TEAM_B,834.5,112,27.95,,,824,80,845,112,0.777,0.845
204,8.16,P13,TEAM_B,1060.5,289,55.9,,,1049,260,1072,289,0.682,0.568
204,8.16,P15,TEAM_B,944.5,132,12.5,,,931,99,958,132,0.501,0.854
205,8.2,P07,TEAM_B,844.5,361,0.0,,,819,307,870,361,0.915,1.0
205,8.2,P11,TEAM_A,719.0,316,0.0,,,702,262,736,316,0.908,1.0
205,8.2,P08,TEAM_A,852.0,257,0.0,,,833,205,871,257,0.892,1.0
205,8.2,P01,TEAM_A,298.0,151,0.0,,,286,116,310,151,0.891,0.579
205,8.2,P02,TEAM_B,826.0,161,0.0,,,816,123,836,161,0.873,0.727
205,8.2,P03,TEAM_A,714.5,139,0.0,,,703,94,726,139,0.818,1.0
205,8.2,P04,TEAM_A,704.0,122,0.0,,,692,80,716,122,0.791,1.0
205,8.2,P14,TEAM_B,834.5,112,0.0,,,824,80,845,112,0.777,0.845
205,8.2,P13,TEAM_B,1060.5,289,0.0,,,1049,260,1072,289,0.682,0.568
205,8.2,P15,TEAM_B,944.5,132,0.0,,,931,99,958,132,0.501,0.854
206,8.24,P07,TEAM_B,844.5,361,0.0,,,819,307,870,361,0.915,1.0
206,8.24,P11,TEAM_A,719.0,316,0.0,,,702,262,736,316,0.908,1.0
206,8.24,P08,TEAM_A,852.0,257,0.0,,,833,205,871,257,0.892,1.0
206,8.24,P01,TEAM_A,298.0,151,0.0,,,286,116,310,151,0.891,0.579
206,8.24,P02,TEAM_B,826.0,161,0.0,,,816,123,836,161,0.873,0.727
206,8.24,P03,TEAM_A,714.5,139,0.0,,,703,94,726,139,0.818,1.0
206,8.24,P04,TEAM_A,704.0,122,0.0,,,692,80,716,122,0.791,1.0
206,8.24,P14,TEAM_B,834.5,112,0.0,,,824,80,845,112,0.777,0.845
206,8.24,P13,TEAM_B,1060.5,289,0.0,,,1049,260,1072,289,0.682,0.568
206,8.24,P15,TEAM_B,944.5,132,0.0,,,931,99,958,132,0.501,0.854
207,8.28,P11,TEAM_A,719.5,323,175.45,,,702,265,737,323,0.909,1.0
207,8.28,P07,TEAM_B,849.5,363,134.63,,,825,311,874,363,0.909,1.0
207,8.28,P08,TEAM_A,850.0,255,70.71,,,832,202,868,255,0.903,1.0
207,8.28,P01,TEAM_A,296.0,151,50.0,,,285,116,307,151,0.893,0.576
207,8.28,P03,TEAM_A,714.5,138,25.0,,,704,94,725,138,0.858,1.0
207,8.28,P02,TEAM_B,821.0,161,125.0,,,811,121,831,161,0.849,0.723
207,8.28,P04,TEAM_A,697.0,119,190.39,,,688,81,706,119,0.796,1.0
207,8.28,P14,TEAM_B,834.5,112,0.0,,,824,80,845,112,0.774,0.848
207,8.28,P13,TEAM_B,1060.5,290,25.0,,,1049,261,1072,290,0.724,0.566
207,8.28,P15,TEAM_B,944.5,132,0.0,,,931,99,958,132,0.61,0.854
208,8.32,P11,TEAM_A,719.5,323,0.0,,,702,265,737,323,0.909,1.0
208,8.32,P07,TEAM_B,849.5,363,0.0,,,825,311,874,363,0.909,1.0
208,8.32,P08,TEAM_A,850.0,255,0.0,,,832,202,868,255,0.903,1.0
208,8.32,P01,TEAM_A,296.0,151,0.0,,,285,116,307,151,0.893,0.576
208,8.32,P03,TEAM_A,714.5,138,0.0,,,704,94,725,138,0.858,1.0
208,8.32,P02,TEAM_B,821.0,161,0.0,,,811,121,831,161,0.849,0.723
208,8.32,P04,TEAM_A,697.0,119,0.0,,,688,81,706,119,0.796,1.0
208,8.32,P14,TEAM_B,834.5,112,0.0,,,824,80,845,112,0.774,0.848
208,8.32,P13,TEAM_B,1060.5,290,0.0,,,1049,261,1072,290,0.724,0.566
208,8.32,P15,TEAM_B,944.5,132,0.0,,,931,99,958,132,0.61,0.854
209,8.36,P11,TEAM_A,719.5,323,0.0,,,702,265,737,323,0.909,1.0
209,8.36,P07,TEAM_B,849.5,363,0.0,,,825,311,874,363,0.909,1.0
209,8.36,P08,TEAM_A,850.0,255,0.0,,,832,202,868,255,0.903,1.0
209,8.36,P01,TEAM_A,296.0,151,0.0,,,285,116,307,151,0.893,0.576
209,8.36,P03,TEAM_A,714.5,138,0.0,,,704,94,725,138,0.858,1.0
209,8.36,P02,TEAM_B,821.0,161,0.0,,,811,121,831,161,0.849,0.723
209,8.36,P04,TEAM_A,697.0,119,0.0,,,688,81,706,119,0.796,1.0
209,8.36,P14,TEAM_B,834.5,112,0.0,,,824,80,845,112,0.774,0.848
209,8.36,P13,TEAM_B,1060.5,290,0.0,,,1049,261,1072,290,0.724,0.566
209,8.36,P15,TEAM_B,944.5,132,0.0,,,931,99,958,132,0.61,0.854
210,8.4,P11,TEAM_A,720.5,327,103.08,,,702,268,739,327,0.914,1.0
210,8.4,P07,TEAM_B,856.0,367,190.8,,,833,316,879,367,0.91,1.0
210,8.4,P01,TEAM_A,295.5,151,12.5,,,284,116,307,151,0.899,0.719
210,8.4,P08,TEAM_A,847.5,253,80.04,,,830,198,865,253,0.886,1.0
210,8.4,P03,TEAM_A,713.0,134,106.8,,,702,90,724,134,0.878,1.0
210,8.4,P02,TEAM_B,810.5,159,267.22,,,798,118,823,159,0.876,0.862
210,8.4,P04,TEAM_A,689.0,116,213.6,,,680,80,698,116,0.825,1.0
210,8.4,P14,TEAM_B,834.0,112,12.5,,,824,80,844,112,0.794,0.85
210,8.4,P13,TEAM_A,1060.5,291,25.0,,,1049,263,1072,291,0.723,0.576
210,8.4,P15,TEAM_B,944.5,132,0.0,,,931,99,958,132,0.542,0.854
211,8.44,P11,TEAM_A,720.5,327,0.0,,,702,268,739,327,0.914,1.0
211,8.44,P07,TEAM_B,856.0,367,0.0,,,833,316,879,367,0.91,1.0
211,8.44,P01,TEAM_A,295.5,151,0.0,,,284,116,307,151,0.899,0.719
211,8.44,P08,TEAM_A,847.5,253,0.0,,,830,198,865,253,0.886,1.0
211,8.44,P03,TEAM_A,713.0,134,0.0,,,702,90,724,134,0.878,1.0
211,8.44,P02,TEAM_B,810.5,159,0.0,,,798,118,823,159,0.876,0.862
211,8.44,P04,TEAM_A,689.0,116,0.0,,,680,80,698,116,0.825,1.0
211,8.44,P14,TEAM_B,834.0,112,0.0,,,824,80,844,112,0.794,0.85
211,8.44,P13,TEAM_A,1060.5,291,0.0,,,1049,263,1072,291,0.723,0.576
211,8.44,P15,TEAM_B,944.5,132,0.0,,,931,99,958,132,0.542,0.854
212,8.48,P11,TEAM_A,720.5,327,0.0,,,702,268,739,327,0.914,1.0
212,8.48,P07,TEAM_B,856.0,367,0.0,,,833,316,879,367,0.91,1.0
212,8.48,P01,TEAM_A,295.5,151,0.0,,,284,116,307,151,0.899,0.719
212,8.48,P08,TEAM_A,847.5,253,0.0,,,830,198,865,253,0.886,1.0
212,8.48,P03,TEAM_A,713.0,134,0.0,,,702,90,724,134,0.878,1.0
212,8.48,P02,TEAM_B,810.5,159,0.0,,,798,118,823,159,0.876,0.862
212,8.48,P04,TEAM_A,689.0,116,0.0,,,680,80,698,116,0.825,1.0
212,8.48,P14,TEAM_B,834.0,112,0.0,,,824,80,844,112,0.794,0.85
212,8.48,P13,TEAM_A,1060.5,291,0.0,,,1049,263,1072,291,0.723,0.576
212,8.48,P15,TEAM_B,944.5,132,0.0,,,931,99,958,132,0.542,0.854
213,8.52,P11,TEAM_A,723.5,328,79.06,,,704,272,743,328,0.917,1.0
213,8.52,P01,TEAM_A,295.0,151,12.5,,,284,115,306,151,0.901,0.58
213,8.52,P08,TEAM_A,845.0,243,257.69,,,828,196,862,243,0.883,1.0
213,8.52,P03,TEAM_A,712.0,132,55.9,,,701,88,723,132,0.881,1.0
213,8.52,P02,TEAM_B,804.5,159,150.0,,,794,117,815,159,0.877,0.871
213,8.52,P04,TEAM_A,678.0,119,285.04,,,668,82,688,119,0.846,1.0
213,8.52,P14,TEAM_B,834.0,110,50.0,,,824,79,844,110,0.8,0.85
213,8.52,P13,TEAM_A,1060.5,292,25.0,,,1048,264,1073,292,0.759,0.574
213,8.52,P15,TEAM_B,944.5,132,0.0,,,931,99,958,132,0.476,0.854
214,8.56,P11,TEAM_A,723.5,328,0.0,,,704,272,743,328,0.917,1.0
214,8.56,P01,TEAM_A,295.0,151,0.0,,,284,115,306,151,0.901,0.58
214,8.56,P08,TEAM_A,845.0,243,0.0,,,828,196,862,243,0.883,1.0
214,8.56,P03,TEAM_A,712.0,132,0.0,,,701,88,723,132,0.881,1.0
214,8.56,P02,TEAM_B,804.5,159,0.0,,,794,117,815,159,0.877,0.871
214,8.56,P04,TEAM_A,678.0,119,0.0,,,668,82,688,119,0.846,1.0
214,8.56,P14,TEAM_B,834.0,110,0.0,,,824,79,844,110,0.8,0.85
214,8.56,P13,TEAM_A,1060.5,292,0.0,,,1048,264,1073,292,0.759,0.574
214,8.56,P15,TEAM_B,944.5,132,0.0,,,931,99,958,132,0.476,0.854
215,8.6,P11,TEAM_A,723.5,328,0.0,,,704,272,743,328,0.917,1.0
215,8.6,P01,TEAM_A,295.0,151,0.0,,,284,115,306,151,0.901,0.58
215,8.6,P08,TEAM_A,845.0,243,0.0,,,828,196,862,243,0.883,1.0
215,8.6,P03,TEAM_A,712.0,132,0.0,,,701,88,723,132,0.881,1.0
215,8.6,P02,TEAM_B,804.5,159,0.0,,,794,117,815,159,0.877,0.871
215,8.6,P04,TEAM_A,678.0,119,0.0,,,668,82,688,119,0.846,1.0
215,8.6,P14,TEAM_B,834.0,110,0.0,,,824,79,844,110,0.8,0.85
215,8.6,P13,TEAM_A,1060.5,292,0.0,,,1048,264,1073,292,0.759,0.574
215,8.6,P15,TEAM_B,944.5,132,0.0,,,931,99,958,132,0.476,0.854
216,8.64,P11,TEAM_A,726.5,330,90.14,,,708,275,745,330,0.909,1.0
216,8.64,P03,TEAM_A,711.0,132,25.0,,,700,87,722,132,0.898,1.0
216,8.64,P01,TEAM_B,294.5,151,12.5,,,283,115,306,151,0.898,0.56
216,8.64,P08,TEAM_A,841.0,243,100.0,,,823,195,859,243,0.889,1.0
216,8.64,P02,TEAM_B,799.5,158,127.48,,,789,115,810,158,0.857,0.729
216,8.64,P04,TEAM_A,672.5,119,137.5,,,663,83,682,119,0.811,1.0
216,8.64,P14,TEAM_B,835.0,109,35.36,,,825,79,845,109,0.802,0.851
216,8.64,P13,TEAM_B,1061.5,293,35.36,,,1049,264,1074,293,0.723,0.568
216,8.64,P15,TEAM_B,944.5,132,0.0,,,931,99,958,132,0.504,0.855
217,8.68,P11,TEAM_A,726.5,330,0.0,,,708,275,745,330,0.909,1.0
217,8.68,P03,TEAM_A,711.0,132,0.0,,,700,87,722,132,0.898,1.0
217,8.68,P01,TEAM_B,294.5,151,0.0,,,283,115,306,151,0.898,0.56
217,8.68,P08,TEAM_A,841.0,243,0.0,,,823,195,859,243,0.889,1.0
217,8.68,P02,TEAM_B,799.5,158,0.0,,,789,115,810,158,0.857,0.729
217,8.68,P04,TEAM_A,672.5,119,0.0,,,663,83,682,119,0.811,1.0
217,8.68,P14,TEAM_B,835.0,109,0.0,,,825,79,845,109,0.802,0.851
217,8.68,P13,TEAM_B,1061.5,293,0.0,,,1049,264,1074,293,0.723,0.568
217,8.68,P15,TEAM_B,944.5,132,0.0,,,931,99,958,132,0.504,0.855
218,8.72,P11,TEAM_A,726.5,330,0.0,,,708,275,745,330,0.909,1.0
218,8.72,P03,TEAM_A,711.0,132,0.0,,,700,87,722,132,0.898,1.0
218,8.72,P01,TEAM_B,294.5,151,0.0,,,283,115,306,151,0.898,0.56
218,8.72,P08,TEAM_A,841.0,243,0.0,,,823,195,859,243,0.889,1.0
218,8.72,P02,TEAM_B,799.5,158,0.0,,,789,115,810,158,0.857,0.729
218,8.72,P04,TEAM_A,672.5,119,0.0,,,663,83,682,119,0.811,1.0
218,8.72,P14,TEAM_B,835.0,109,0.0,,,825,79,845,109,0.802,0.851
218,8.72,P13,TEAM_B,1061.5,293,0.0,,,1049,264,1074,293,0.723,0.568
218,8.72,P15,TEAM_B,944.5,132,0.0,,,931,99,958,132,0.504,0.855
219,8.76,P11,TEAM_A,730.5,342,316.23,,,712,280,749,342,0.905,1.0
219,8.76,P03,TEAM_A,710.5,130,51.54,,,700,86,721,130,0.899,1.0
219,8.76,P01,TEAM_B,293.5,151,25.0,,,282,114,305,151,0.896,0.558
219,8.76,P08,TEAM_A,837.5,241,100.78,,,819,194,856,241,0.891,1.0
219,8.76,P02,TEAM_B,789.5,155,261.01,,,778,114,801,155,0.867,0.862
219,8.76,P04,TEAM_A,664.0,121,218.3,,,654,83,674,121,0.844,1.0
219,8.76,P14,TEAM_B,835.0,108,25.0,,,825,80,845,108,0.804,0.849
219,8.76,P13,TEAM_A,1062.0,296,76.03,,,1049,266,1075,296,0.755,0.575
219,8.76,P15,TEAM_B,944.5,132,0.0,,,931,99,958,132,0.48,0.855
220,8.8,P11,TEAM_A,730.5,342,0.0,,,712,280,749,342,0.905,1.0
220,8.8,P03,TEAM_A,710.5,130,0.0,,,700,86,721,130,0.899,1.0
220,8.8,P01,TEAM_B,293.5,151,0.0,,,282,114,305,151,0.896,0.558
220,8.8,P08,TEAM_A,837.5,241,0.0,,,819,194,856,241,0.891,1.0
220,8.8,P02,TEAM_B,789.5,155,0.0,,,778,114,801,155,0.867,0.862
220,8.8,P04,TEAM_A,664.0,121,0.0,,,654,83,674,121,0.844,1.0
220,8.8,P14,TEAM_B,835.0,108,0.0,,,825,80,845,108,0.804,0.849
220,8.8,P13,TEAM_A,1062.0,296,0.0,,,1049,266,1075,296,0.755,0.575
220,8.8,P15,TEAM_B,944.5,132,0.0,,,931,99,958,132,0.48,0.855
221,8.84,P11,TEAM_A,730.5,342,0.0,,,712,280,749,342,0.905,1.0
221,8.84,P03,TEAM_A,710.5,130,0.0,,,700,86,721,130,0.899,1.0
221,8.84,P01,TEAM_B,293.5,151,0.0,,,282,114,305,151,0.896,0.558
221,8.84,P08,TEAM_A,837.5,241,0.0,,,819,194,856,241,0.891,1.0
221,8.84,P02,TEAM_B,789.5,155,0.0,,,778,114,801,155,0.867,0.862
221,8.84,P04,TEAM_A,664.0,121,0.0,,,654,83,674,121,0.844,1.0
221,8.84,P14,TEAM_B,835.0,108,0.0,,,825,80,845,108,0.804,0.849
221,8.84,P13,TEAM_A,1062.0,296,0.0,,,1049,266,1075,296,0.755,0.575
221,8.84,P15,TEAM_B,944.5,132,0.0,,,931,99,958,132,0.48,0.855
222,8.88,P11,TEAM_A,731.5,347,127.48,,,712,285,751,347,0.901,1.0
222,8.88,P03,TEAM_A,711.0,128,51.54,,,700,84,722,128,0.899,1.0
222,8.88,P01,TEAM_A,291.5,150,55.9,,,281,114,302,150,0.897,0.579
222,8.88,P08,TEAM_A,836.0,238,83.85,,,818,192,854,238,0.88,1.0
222,8.88,P02,TEAM_B,784.0,156,139.75,,,774,113,794,156,0.879,0.857
222,8.88,P04,TEAM_A,658.5,124,156.62,,,648,84,669,124,0.872,1.0
222,8.88,P14,TEAM_B,836.0,108,25.0,,,826,80,846,108,0.787,0.845
222,8.88,P15,TEAM_B,944.5,132,0.0,,,931,99,958,132,0.496,0.855
222,8.88,P13,TEAM_A,1062.5,295,27.95,,,1049,267,1076,295,0.421,0.576
223,8.92,P11,TEAM_A,731.5,347,0.0,,,712,285,751,347,0.901,1.0
223,8.92,P03,TEAM_A,711.0,128,0.0,,,700,84,722,128,0.899,1.0
223,8.92,P01,TEAM_A,291.5,150,0.0,,,281,114,302,150,0.897,0.579
223,8.92,P08,TEAM_A,836.0,238,0.0,,,818,192,854,238,0.88,1.0
223,8.92,P02,TEAM_B,784.0,156,0.0,,,774,113,794,156,0.879,0.857
223,8.92,P04,TEAM_A,658.5,124,0.0,,,648,84,669,124,0.872,1.0
223,8.92,P14,TEAM_B,836.0,108,0.0,,,826,80,846,108,0.787,0.845
223,8.92,P15,TEAM_B,944.5,132,0.0,,,931,99,958,132,0.496,0.855
223,8.92,P13,TEAM_A,1062.5,295,0.0,,,1049,267,1076,295,0.421,0.576
224,8.96,P11,TEAM_A,731.5,347,0.0,,,712,285,751,347,0.901,1.0
224,8.96,P03,TEAM_A,711.0,128,0.0,,,700,84,722,128,0.899,1.0
224,8.96,P01,TEAM_A,291.5,150,0.0,,,281,114,302,150,0.897,0.579
224,8.96,P08,TEAM_A,836.0,238,0.0,,,818,192,854,238,0.88,1.0
224,8.96,P02,TEAM_B,784.0,156,0.0,,,774,113,794,156,0.879,0.857
224,8.96,P04,TEAM_A,658.5,124,0.0,,,648,84,669,124,0.872,1.0
224,8.96,P14,TEAM_B,836.0,108,0.0,,,826,80,846,108,0.787,0.845
224,8.96,P15,TEAM_B,944.5,132,0.0,,,931,99,958,132,0.496,0.855
224,8.96,P13,TEAM_A,1062.5,295,0.0,,,1049,267,1076,295,0.421,0.576
225,9.0,P11,TEAM_A,737.0,348,139.75,,,718,289,756,348,0.901,1.0
225,9.0,P01,TEAM_B,291.0,150,12.5,,,280,114,302,150,0.896,0.56
225,9.0,P03,TEAM_A,711.5,126,51.54,,,701,83,722,126,0.889,1.0
225,9.0,P02,TEAM_B,774.0,156,250.0,,,762,110,786,156,0.884,0.853
225,9.0,P08,TEAM_A,833.5,238,62.5,,,816,189,851,238,0.878,1.0
225,9.0,P04,TEAM_A,653.5,127,145.77,,,644,85,663,127,0.863,1.0
225,9.0,P14,TEAM_B,836.5,108,12.5,,,826,80,847,108,0.819,0.853
225,9.0,P15,TEAM_B,944.5,133,25.0,,,931,99,958,133,0.535,0.854
225,9.0,P13,TEAM_A,1065.0,297,80.04,,,1052,270,1078,297,0.431,0.575
226,9.04,P11,TEAM_A,737.0,348,0.0,,,718,289,756,348,0.901,1.0
226,9.04,P01,TEAM_B,291.0,150,0.0,,,280,114,302,150,0.896,0.56
226,9.04,P03,TEAM_A,711.5,126,0.0,,,701,83,722,126,0.889,1.0
226,9.04,P02,TEAM_B,774.0,156,0.0,,,762,110,786,156,0.884,0.853
226,9.04,P08,TEAM_A,833.5,238,0.0,,,816,189,851,238,0.878,1.0
226,9.04,P04,TEAM_A,653.5,127,0.0,,,644,85,663,127,0.863,1.0
226,9.04,P14,TEAM_B,836.5,108,0.0,,,826,80,847,108,0.819,0.853
226,9.04,P15,TEAM_B,944.5,133,0.0,,,931,99,958,133,0.535,0.854
226,9.04,P13,TEAM_A,1065.0,297,0.0,,,1052,270,1078,297,0.431,0.575
227,9.08,P11,TEAM_A,737.0,348,0.0,,,718,289,756,348,0.901,1.0
227,9.08,P01,TEAM_B,291.0,150,0.0,,,280,114,302,150,0.896,0.56
227,9.08,P03,TEAM_A,711.5,126,0.0,,,701,83,722,126,0.889,1.0
227,9.08,P02,TEAM_B,774.0,156,0.0,,,762,110,786,156,0.884,0.853
227,9.08,P08,TEAM_A,833.5,238,0.0,,,816,189,851,238,0.878,1.0
227,9.08,P04,TEAM_A,653.5,127,0.0,,,644,85,663,127,0.863,1.0
227,9.08,P14,TEAM_B,836.5,108,0.0,,,826,80,847,108,0.819,0.853
227,9.08,P15,TEAM_B,944.5,133,0.0,,,931,99,958,133,0.535,0.854
227,9.08,P13,TEAM_A,1065.0,297,0.0,,,1052,270,1078,297,0.431,0.575
228,9.12,P11,TEAM_A,740.5,349,91.0,,,722,294,759,349,0.911,1.0
228,9.12,P01,TEAM_A,289.5,150,37.5,,,278,115,301,150,0.892,0.58
228,9.12,P03,TEAM_A,712.0,124,51.54,,,701,83,723,124,0.885,0.866
228,9.12,P02,TEAM_B,765.0,155,226.38,,,753,111,777,155,0.882,0.719
228,9.12,P08,TEAM_A,831.0,236,80.04,,,813,186,849,236,0.877,1.0
228,9.12,P04,TEAM_A,648.5,130,145.77,,,638,87,659,130,0.87,1.0
228,9.12,P14,TEAM_B,839.5,107,79.06,,,830,79,849,107,0.769,0.853
228,9.12,P13,TEAM_B,1068.0,298,79.06,,,1056,271,1080,298,0.496,0.568
228,9.12,P15,TEAM_B,944.5,132,25.0,,,931,98,958,132,0.475,0.854
229,9.16,P11,TEAM_A,740.5,349,0.0,,,722,294,759,349,0.911,1.0
229,9.16,P01,TEAM_A,289.5,150,0.0,,,278,115,301,150,0.892,0.58
229,9.16,P03,TEAM_A,712.0,124,0.0,,,701,83,723,124,0.885,0.866
229,9.16,P02,TEAM_B,765.0,155,0.0,,,753,111,777,155,0.882,0.719
229,9.16,P08,TEAM_A,831.0,236,0.0,,,813,186,849,236,0.877,1.0
229,9.16,P04,TEAM_A,648.5,130,0.0,,,638,87,659,130,0.87,1.0
229,9.16,P14,TEAM_B,839.5,107,0.0,,,830,79,849,107,0.769,0.853
229,9.16,P13,TEAM_B,1068.0,298,0.0,,,1056,271,1080,298,0.496,0.568
229,9.16,P15,TEAM_B,944.5,132,0.0,,,931,98,958,132,0.475,0.854
230,9.2,P11,TEAM_A,740.5,349,0.0,,,722,294,759,349,0.911,1.0
230,9.2,P01,TEAM_A,289.5,150,0.0,,,278,115,301,150,0.892,0.58
230,9.2,P03,TEAM_A,712.0,124,0.0,,,701,83,723,124,0.885,0.866
230,9.2,P02,TEAM_B,765.0,155,0.0,,,753,111,777,155,0.882,0.719
230,9.2,P08,TEAM_A,831.0,236,0.0,,,813,186,849,236,0.877,1.0
230,9.2,P04,TEAM_A,648.5,130,0.0,,,638,87,659,130,0.87,1.0
230,9.2,P14,TEAM_B,839.5,107,0.0,,,830,79,849,107,0.769,0.853
230,9.2,P13,TEAM_B,1068.0,298,0.0,,,1056,271,1080,298,0.496,0.568
230,9.2,P15,TEAM_B,944.5,132,0.0,,,931,98,958,132,0.475,0.854
231,9.24,P11,TEAM_A,743.0,349,62.5,,,723,298,763,349,0.913,1.0
231,9.24,P02,TEAM_B,761.5,155,87.5,,,751,110,772,155,0.891,0.861
231,9.24,P01,TEAM_B,289.0,150,12.5,,,277,115,301,150,0.889,0.56
231,9.24,P03,TEAM_A,713.0,122,55.9,,,701,83,725,122,0.888,1.0
231,9.24,P08,TEAM_A,829.5,236,37.5,,,812,184,847,236,0.887,1.0
231,9.24,P04,TEAM_A,644.5,131,103.08,,,634,90,655,131,0.876,1.0
231,9.24,P14,TEAM_B,839.5,108,25.0,,,830,80,849,108,0.637,0.848
231,9.24,P15,TEAM_B,944.5,133,25.0,,,931,98,958,133,0.433,0.854
232,9.28,P11,TEAM_A,743.0,349,0.0,,,723,298,763,349,0.913,1.0
232,9.28,P02,TEAM_B,761.5,155,0.0,,,751,110,772,155,0.891,0.861
232,9.28,P01,TEAM_B,289.0,150,0.0,,,277,115,301,150,0.889,0.56
232,9.28,P03,TEAM_A,713.0,122,0.0,,,701,83,725,122,0.888,1.0
232,9.28,P08,TEAM_A,829.5,236,0.0,,,812,184,847,236,0.887,1.0
232,9.28,P04,TEAM_A,644.5,131,0.0,,,634,90,655,131,0.876,1.0
232,9.28,P14,TEAM_B,839.5,108,0.0,,,830,80,849,108,0.637,0.848
232,9.28,P15,TEAM_B,944.5,133,0.0,,,931,98,958,133,0.433,0.854
233,9.32,P11,TEAM_A,743.0,349,0.0,,,723,298,763,349,0.913,1.0
233,9.32,P02,TEAM_B,761.5,155,0.0,,,751,110,772,155,0.891,0.861
233,9.32,P01,TEAM_B,289.0,150,0.0,,,277,115,301,150,0.889,0.56
233,9.32,P03,TEAM_A,713.0,122,0.0,,,701,83,725,122,0.888,1.0
233,9.32,P08,TEAM_A,829.5,236,0.0,,,812,184,847,236,0.887,1.0
233,9.32,P04,TEAM_A,644.5,131,0.0,,,634,90,655,131,0.876,1.0
233,9.32,P14,TEAM_B,839.5,108,0.0,,,830,80,849,108,0.637,0.848
233,9.32,P15,TEAM_B,944.5,133,0.0,,,931,98,958,133,0.433,0.854
234,9.36,P11,TEAM_A,747.5,351,123.11,,,724,301,771,351,0.91,1.0
234,9.36,P02,TEAM_B,753.0,152,225.35,,,740,108,766,152,0.892,0.862
234,9.36,P01,TEAM_A,288.5,149,27.95,,,276,116,301,149,0.89,0.582
234,9.36,P08,TEAM_A,829.5,233,75.0,,,813,182,846,233,0.89,1.0
234,9.36,P04,TEAM_A,637.0,133,194.05,,,626,91,648,133,0.882,1.0
234,9.36,P03,TEAM_A,714.5,120,62.5,,,703,83,726,120,0.872,1.0
234,9.36,P14,TEAM_B,841.5,108,50.0,,,832,80,851,108,0.679,0.844
234,9.36,P13,TEAM_B,1070.5,300,20.01,,,1059,273,1082,300,0.491,0.568
234,9.36,P15,TEAM_B,944.5,132,25.0,,,931,98,958,132,0.38,0.854
235,9.4,P11,TEAM_A,747.5,351,0.0,,,724,301,771,351,0.91,1.0
235,9.4,P02,TEAM_B,753.0,152,0.0,,,740,108,766,152,0.892,0.862
235,9.4,P01,TEAM_A,288.5,149,0.0,,,276,116,301,149,0.89,0.582
235,9.4,P08,TEAM_A,829.5,233,0.0,,,813,182,846,233,0.89,1.0
235,9.4,P04,TEAM_A,637.0,133,0.0,,,626,91,648,133,0.882,1.0
235,9.4,P03,TEAM_A,714.5,120,0.0,,,703,83,726,120,0.872,1.0
235,9.4,P14,TEAM_B,841.5,108,0.0,,,832,80,851,108,0.679,0.844
235,9.4,P13,TEAM_B,1070.5,300,0.0,,,1059,273,1082,300,0.491,0.568
235,9.4,P15,TEAM_B,944.5,132,0.0,,,931,98,958,132,0.38,0.854
236,9.44,P11,TEAM_A,747.5,351,0.0,,,724,301,771,351,0.91,1.0
236,9.44,P02,TEAM_B,753.0,152,0.0,,,740,108,766,152,0.892,0.862
236,9.44,P01,TEAM_A,288.5,149,0.0,,,276,116,301,149,0.89,0.582
236,9.44,P08,TEAM_A,829.5,233,0.0,,,813,182,846,233,0.89,1.0
236,9.44,P04,TEAM_A,637.0,133,0.0,,,626,91,648,133,0.882,1.0
236,9.44,P03,TEAM_A,714.5,120,0.0,,,703,83,726,120,0.872,1.0
236,9.44,P14,TEAM_B,841.5,108,0.0,,,832,80,851,108,0.679,0.844
236,9.44,P13,TEAM_B,1070.5,300,0.0,,,1059,273,1082,300,0.491,0.568
236,9.44,P15,TEAM_B,944.5,132,0.0,,,931,98,958,132,0.38,0.854
237,9.48,P11,TEAM_A,752.0,352,115.24,,,727,302,777,352,0.908,0.865
237,9.48,P02,TEAM_B,746.0,151,176.78,,,730,109,762,151,0.896,0.717
237,9.48,P08,TEAM_A,830.5,232,35.36,,,814,179,847,232,0.892,1.0
237,9.48,P01,TEAM_A,286.0,149,62.5,,,274,116,298,149,0.892,0.578
237,9.48,P04,TEAM_A,633.5,135,100.78,,,623,92,644,135,0.882,1.0
237,9.48,P03,TEAM_A,716.0,121,45.07,,,704,83,728,121,0.848,1.0
237,9.48,P13,TEAM_B,1070.5,302,50.0,,,1059,274,1082,302,0.6,0.568
237,9.48,P14,TEAM_B,843.0,108,37.5,,,833,81,853,108,0.506,0.842
238,9.52,P11,TEAM_A,752.0,352,0.0,,,727,302,777,352,0.908,0.865
238,9.52,P02,TEAM_B,746.0,151,0.0,,,730,109,762,151,0.896,0.717
238,9.52,P08,TEAM_A,830.5,232,0.0,,,814,179,847,232,0.892,1.0
238,9.52,P01,TEAM_A,286.0,149,0.0,,,274,116,298,149,0.892,0.578
238,9.52,P04,TEAM_A,633.5,135,0.0,,,623,92,644,135,0.882,1.0
238,9.52,P03,TEAM_A,716.0,121,0.0,,,704,83,728,121,0.848,1.0
238,9.52,P13,TEAM_B,1070.5,302,0.0,,,1059,274,1082,302,0.6,0.568
238,9.52,P14,TEAM_B,843.0,108,0.0,,,833,81,853,108,0.506,0.842
239,9.56,P11,TEAM_A,752.0,352,0.0,,,727,302,777,352,0.908,0.865
239,9.56,P02,TEAM_B,746.0,151,0.0,,,730,109,762,151,0.896,0.717
239,9.56,P08,TEAM_A,830.5,232,0.0,,,814,179,847,232,0.892,1.0
239,9.56,P01,TEAM_A,286.0,149,0.0,,,274,116,298,149,0.892,0.578
239,9.56,P04,TEAM_A,633.5,135,0.0,,,623,92,644,135,0.882,1.0
239,9.56,P03,TEAM_A,716.0,121,0.0,,,704,83,728,121,0.848,1.0
239,9.56,P13,TEAM_B,1070.5,302,0.0,,,1059,274,1082,302,0.6,0.568
239,9.56,P14,TEAM_B,843.0,108,0.0,,,833,81,853,108,0.506,0.842
240,9.6,P11,TEAM_A,763.0,354,279.51,,,741,304,785,354,0.9,0.723
240,9.6,P08,TEAM_A,829.0,227,130.5,,,812,178,846,227,0.889,1.0
240,9.6,P01,TEAM_B,285.0,149,25.0,,,273,116,297,149,0.888,0.562
240,9.6,P02,TEAM_B,741.5,151,112.5,,,728,110,755,151,0.877,0.86
240,9.6,P04,TEAM_A,630.5,136,79.06,,,621,94,640,136,0.872,1.0
240,9.6,P03,TEAM_A,717.0,120,35.36,,,705,83,729,120,0.838,1.0
240,9.6,P13,TEAM_B,1071.0,302,12.5,,,1059,274,1083,302,0.592,0.57
240,9.6,P15,TEAM_B,944.5,133,6.25,,,931,99,958,133,0.53,0.854
240,9.6,P14,TEAM_B,846.0,109,79.06,,,835,81,857,109,0.424,0.848
241,9.64,P11,TEAM_A,763.0,354,0.0,,,741,304,785,354,0.9,0.723
241,9.64,P08,TEAM_A,829.0,227,0.0,,,812,178,846,227,0.889,1.0
241,9.64,P01,TEAM_B,285.0,149,0.0,,,273,116,297,149,0.888,0.562
241,9.64,P02,TEAM_B,741.5,151,0.0,,,728,110,755,151,0.877,0.86
241,9.64,P04,TEAM_A,630.5,136,0.0,,,621,94,640,136,0.872,1.0
241,9.64,P03,TEAM_A,717.0,120,0.0,,,705,83,729,120,0.838,1.0
241,9.64,P13,TEAM_B,1071.0,302,0.0,,,1059,274,1083,302,0.592,0.57
241,9.64,P15,TEAM_B,944.5,133,0.0,,,931,99,958,133,0.53,0.854
241,9.64,P14,TEAM_B,846.0,109,0.0,,,835,81,857,109,0.424,0.848
242,9.68,P11,TEAM_A,763.0,354,0.0,,,741,304,785,354,0.9,0.723
242,9.68,P08,TEAM_A,829.0,227,0.0,,,812,178,846,227,0.889,1.0
242,9.68,P01,TEAM_B,285.0,149,0.0,,,273,116,297,149,0.888,0.562
242,9.68,P02,TEAM_B,741.5,151,0.0,,,728,110,755,151,0.877,0.86
242,9.68,P04,TEAM_A,630.5,136,0.0,,,621,94,640,136,0.872,1.0
242,9.68,P03,TEAM_A,717.0,120,0.0,,,705,83,729,120,0.838,1.0
242,9.68,P13,TEAM_B,1071.0,302,0.0,,,1059,274,1083,302,0.592,0.57
242,9.68,P15,TEAM_B,944.5,133,0.0,,,931,99,958,133,0.53,0.854
242,9.68,P14,TEAM_B,846.0,109,0.0,,,835,81,857,109,0.424,0.848
243,9.72,P11,TEAM_A,771.0,363,301.04,,,751,308,791,363,0.911,1.0
243,9.72,P02,TEAM_B,737.5,151,100.0,,,723,107,752,151,0.902,0.863
243,9.72,P08,TEAM_A,830.0,225,55.9,,,812,178,848,225,0.9,1.0
243,9.72,P01,TEAM_B,284.0,150,35.36,,,273,116,295,150,0.888,0.564
243,9.72,P04,TEAM_A,627.0,139,115.24,,,618,95,636,139,0.874,1.0
243,9.72,P03,TEAM_A,717.0,120,0.0,,,704,82,730,120,0.833,1.0
243,9.72,P15,TEAM_B,944.5,133,0.0,,,931,99,958,133,0.619,0.854
244,9.76,P11,TEAM_A,771.0,363,0.0,,,751,308,791,363,0.911,1.0
244,9.76,P02,TEAM_B,737.5,151,0.0,,,723,107,752,151,0.902,0.863
244,9.76,P08,TEAM_A,830.0,225,0.0,,,812,178,848,225,0.9,1.0
244,9.76,P01,TEAM_B,284.0,150,0.0,,,273,116,295,150,0.888,0.564
244,9.76,P04,TEAM_A,627.0,139,0.0,,,618,95,636,139,0.874,1.0
244,9.76,P03,TEAM_A,717.0,120,0.0,,,704,82,730,120,0.833,1.0
244,9.76,P15,TEAM_B,944.5,133,0.0,,,931,99,958,133,0.619,0.854
245,9.8,P11,TEAM_A,771.0,363,0.0,,,751,308,791,363,0.911,1.0
245,9.8,P02,TEAM_B,737.5,151,0.0,,,723,107,752,151,0.902,0.863
245,9.8,P08,TEAM_A,830.0,225,0.0,,,812,178,848,225,0.9,1.0
245,9.8,P01,TEAM_B,284.0,150,0.0,,,273,116,295,150,0.888,0.564
245,9.8,P04,TEAM_A,627.0,139,0.0,,,618,95,636,139,0.874,1.0
245,9.8,P03,TEAM_A,717.0,120,0.0,,,704,82,730,120,0.833,1.0
245,9.8,P15,TEAM_B,944.5,133,0.0,,,931,99,958,133,0.619,0.854
246,9.84,P11,TEAM_A,773.5,364,67.31,,,751,311,796,364,0.904,0.727
246,9.84,P02,TEAM_B,735.5,152,55.9,,,721,107,750,152,0.903,0.716
246,9.84,P08,TEAM_A,831.0,224,35.36,,,813,178,849,224,0.889,1.0
246,9.84,P01,TEAM_A,283.0,149,35.36,,,273,115,293,149,0.888,0.576
246,9.84,P04,TEAM_A,623.5,141,100.78,,,614,95,633,141,0.882,1.0
246,9.84,P03,TEAM_A,717.5,119,27.95,,,705,82,730,119,0.824,1.0
246,9.84,P15,TEAM_B,945.0,133,12.5,,,931,99,959,133,0.653,0.854
247,9.88,P11,TEAM_A,773.5,364,0.0,,,751,311,796,364,0.904,0.727
247,9.88,P02,TEAM_B,735.5,152,0.0,,,721,107,750,152,0.903,0.716
247,9.88,P08,TEAM_A,831.0,224,0.0,,,813,178,849,224,0.889,1.0
247,9.88,P01,TEAM_A,283.0,149,0.0,,,273,115,293,149,0.888,0.576
247,9.88,P04,TEAM_A,623.5,141,0.0,,,614,95,633,141,0.882,1.0
247,9.88,P03,TEAM_A,717.5,119,0.0,,,705,82,730,119,0.824,1.0
247,9.88,P15,TEAM_B,945.0,133,0.0,,,931,99,959,133,0.653,0.854
248,9.92,P11,TEAM_A,773.5,364,0.0,,,751,311,796,364,0.904,0.727
248,9.92,P02,TEAM_B,735.5,152,0.0,,,721,107,750,152,0.903,0.716
248,9.92,P08,TEAM_A,831.0,224,0.0,,,813,178,849,224,0.889,1.0
248,9.92,P01,TEAM_A,283.0,149,0.0,,,273,115,293,149,0.888,0.576
248,9.92,P04,TEAM_A,623.5,141,0.0,,,614,95,633,141,0.882,1.0
248,9.92,P03,TEAM_A,717.5,119,0.0,,,705,82,730,119,0.824,1.0
248,9.92,P15,TEAM_B,945.0,133,0.0,,,931,99,959,133,0.653,0.854
249,9.96,P11,TEAM_A,780.0,368,190.8,,,756,316,804,368,0.914,1.0
249,9.96,P02,TEAM_B,733.5,153,55.9,,,719,110,748,153,0.897,0.711
249,9.96,P01,TEAM_A,283.0,149,0.0,,,273,115,293,149,0.889,0.576
249,9.96,P08,TEAM_A,833.5,221,97.63,,,816,178,851,221,0.87,1.0
249,9.96,P04,TEAM_A,620.0,142,91.0,,,610,98,630,142,0.862,1.0
249,9.96,P03,TEAM_A,719.5,120,55.9,,,708,83,731,120,0.813,1.0
249,9.96,P15,TEAM_B,944.5,133,12.5,,,931,98,958,133,0.618,0.854
249,9.96,P14,TEAM_B,854.5,111,31.19,,,843,85,866,111,0.527,0.849
249,9.96,P16,TEAM_A,264.0,389,0,,,242,341,286,389,0.38,0.848
250,10.0,P11,TEAM_A,780.0,368,0.0,,,756,316,804,368,0.914,1.0
250,10.0,P02,TEAM_B,733.5,153,0.0,,,719,110,748,153,0.897,0.711
250,10.0,P01,TEAM_A,283.0,149,0.0,,,273,115,293,149,0.889,0.576
250,10.0,P08,TEAM_A,833.5,221,0.0,,,816,178,851,221,0.87,1.0
250,10.0,P04,TEAM_A,620.0,142,0.0,,,610,98,630,142,0.862,1.0
250,10.0,P03,TEAM_A,719.5,120,0.0,,,708,83,731,120,0.813,1.0
250,10.0,P15,TEAM_B,944.5,133,0.0,,,931,98,958,133,0.618,0.854
250,10.0,P14,TEAM_B,854.5,111,0.0,,,843,85,866,111,0.527,0.849
250,10.0,P16,TEAM_A,264.0,389,0.0,,,242,341,286,389,0.38,0.848
251,10.04,P11,TEAM_A,780.0,368,0.0,,,756,316,804,368,0.914,1.0
251,10.04,P02,TEAM_B,733.5,153,0.0,,,719,110,748,153,0.897,0.711
251,10.04,P01,TEAM_A,283.0,149,0.0,,,273,115,293,149,0.889,0.576
251,10.04,P08,TEAM_A,833.5,221,0.0,,,816,178,851,221,0.87,1.0
251,10.04,P04,TEAM_A,620.0,142,0.0,,,610,98,630,142,0.862,1.0
251,10.04,P03,TEAM_A,719.5,120,0.0,,,708,83,731,120,0.813,1.0
251,10.04,P15,TEAM_B,944.5,133,0.0,,,931,98,958,133,0.618,0.854
251,10.04,P14,TEAM_B,854.5,111,0.0,,,843,85,866,111,0.527,0.849
251,10.04,P16,TEAM_A,264.0,389,0.0,,,242,341,286,389,0.38,0.848
252,10.08,P11,TEAM_A,788.5,369,213.97,,,767,317,810,369,0.906,0.863
252,10.08,P02,TEAM_B,733.5,153,0.0,,,720,110,747,153,0.891,1.0
252,10.08,P01,TEAM_B,282.0,149,25.0,,,272,114,292,149,0.889,0.566
252,10.08,P04,TEAM_A,615.5,144,123.11,,,606,99,625,144,0.866,1.0
252,10.08,P08,TEAM_A,835.0,220,45.07,,,818,177,852,220,0.862,1.0
252,10.08,P03,TEAM_A,721.5,118,70.71,,,709,81,734,118,0.841,1.0
252,10.08,P14,TEAM_B,855.5,115,103.08,,,844,89,867,115,0.623,0.847
252,10.08,P15,TEAM_B,944.5,132,25.0,,,930,98,959,132,0.567,0.855
252,10.08,P16,TEAM_A,263.5,391,51.54,,,241,342,286,391,0.475,0.861
252,10.08,P17,TEAM_B,1052.5,156,0,,,1039,117,1066,156,0.373,0.71
253,10.12,P11,TEAM_A,788.5,369,0.0,,,767,317,810,369,0.906,0.863
253,10.12,P02,TEAM_B,733.5,153,0.0,,,720,110,747,153,0.891,1.0
253,10.12,P01,TEAM_B,282.0,149,0.0,,,272,114,292,149,0.889,0.566
253,10.12,P04,TEAM_A,615.5,144,0.0,,,606,99,625,144,0.866,1.0
253,10.12,P08,TEAM_A,835.0,220,0.0,,,818,177,852,220,0.862,1.0
253,10.12,P03,TEAM_A,721.5,118,0.0,,,709,81,734,118,0.841,1.0
253,10.12,P14,TEAM_B,855.5,115,0.0,,,844,89,867,115,0.623,0.847
253,10.12,P15,TEAM_B,944.5,132,0.0,,,930,98,959,132,0.567,0.855
253,10.12,P16,TEAM_A,263.5,391,0.0,,,241,342,286,391,0.475,0.861
253,10.12,P17,TEAM_B,1052.5,156,0.0,,,1039,117,1066,156,0.373,0.71
254,10.16,P11,TEAM_A,788.5,369,0.0,,,767,317,810,369,0.906,0.863
254,10.16,P02,TEAM_B,733.5,153,0.0,,,720,110,747,153,0.891,1.0
254,10.16,P01,TEAM_B,282.0,149,0.0,,,272,114,292,149,0.889,0.566
254,10.16,P04,TEAM_A,615.5,144,0.0,,,606,99,625,144,0.866,1.0
254,10.16,P08,TEAM_A,835.0,220,0.0,,,818,177,852,220,0.862,1.0
254,10.16,P03,TEAM_A,721.5,118,0.0,,,709,81,734,118,0.841,1.0
254,10.16,P14,TEAM_B,855.5,115,0.0,,,844,89,867,115,0.623,0.847
254,10.16,P15,TEAM_B,944.5,132,0.0,,,930,98,959,132,0.567,0.855
254,10.16,P16,TEAM_A,263.5,391,0.0,,,241,342,286,391,0.475,0.861
254,10.16,P17,TEAM_B,1052.5,156,0.0,,,1039,117,1066,156,0.373,0.71
255,10.2,P11,TEAM_A,795.5,369,175.0,,,775,319,816,369,0.912,0.861
255,10.2,P02,TEAM_B,733.5,155,50.0,,,720,110,747,155,0.888,0.856
255,10.2,P01,TEAM_B,281.0,148,35.36,,,271,113,291,148,0.888,0.566
255,10.2,P04,TEAM_A,610.5,144,125.0,,,601,98,620,144,0.875,1.0
255,10.2,P08,TEAM_A,835.5,220,12.5,,,819,175,852,220,0.863,1.0
255,10.2,P03,TEAM_A,723.5,118,50.0,,,711,82,736,118,0.854,1.0
255,10.2,P15,TEAM_B,944.5,132,0.0,,,930,98,959,132,0.621,0.855
255,10.2,P16,TEAM_A,263.5,394,75.0,,,241,345,286,394,0.55,1.0
255,10.2,P14,TEAM_B,859.0,116,91.0,,,848,91,870,116,0.523,0.569
255,10.2,P17,TEAM_B,1053.0,156,12.5,,,1040,117,1066,156,0.44,0.711
256,10.24,P11,TEAM_A,795.5,369,0.0,,,775,319,816,369,0.912,0.861
256,10.24,P02,TEAM_B,733.5,155,0.0,,,720,110,747,155,0.888,0.856
256,10.24,P01,TEAM_B,281.0,148,0.0,,,271,113,291,148,0.888,0.566
256,10.24,P04,TEAM_A,610.5,144,0.0,,,601,98,620,144,0.875,1.0
256,10.24,P08,TEAM_A,835.5,220,0.0,,,819,175,852,220,0.863,1.0
256,10.24,P03,TEAM_A,723.5,118,0.0,,,711,82,736,118,0.854,1.0
256,10.24,P15,TEAM_B,944.5,132,0.0,,,930,98,959,132,0.621,0.855
256,10.24,P16,TEAM_A,263.5,394,0.0,,,241,345,286,394,0.55,1.0
256,10.24,P14,TEAM_B,859.0,116,0.0,,,848,91,870,116,0.523,0.569
256,10.24,P17,TEAM_B,1053.0,156,0.0,,,1040,117,1066,156,0.44,0.711
257,10.28,P11,TEAM_A,795.5,369,0.0,,,775,319,816,369,0.912,0.861
257,10.28,P02,TEAM_B,733.5,155,0.0,,,720,110,747,155,0.888,0.856
257,10.28,P01,TEAM_B,281.0,148,0.0,,,271,113,291,148,0.888,0.566
257,10.28,P04,TEAM_A,610.5,144,0.0,,,601,98,620,144,0.875,1.0
257,10.28,P08,TEAM_A,835.5,220,0.0,,,819,175,852,220,0.863,1.0
257,10.28,P03,TEAM_A,723.5,118,0.0,,,711,82,736,118,0.854,1.0
257,10.28,P15,TEAM_B,944.5,132,0.0,,,930,98,959,132,0.621,0.855
257,10.28,P16,TEAM_A,263.5,394,0.0,,,241,345,286,394,0.55,1.0
257,10.28,P14,TEAM_B,859.0,116,0.0,,,848,91,870,116,0.523,0.569
257,10.28,P17,TEAM_B,1053.0,156,0.0,,,1040,117,1066,156,0.44,0.711
258,10.32,P11,TEAM_A,799.5,370,103.08,,,776,321,823,370,0.913,0.714
258,10.32,P01,TEAM_B,280.0,148,25.0,,,270,114,290,148,0.888,0.565
258,10.32,P08,TEAM_A,836.0,220,12.5,,,820,173,852,220,0.886,1.0
258,10.32,P02,TEAM_B,733.5,157,50.0,,,719,112,748,157,0.885,0.724
258,10.32,P03,TEAM_A,727.0,118,87.5,,,715,82,739,118,0.833,1.0
258,10.32,P04,TEAM_A,608.5,145,55.9,,,600,100,617,145,0.83,1.0
258,10.32,P15,TEAM_B,944.0,132,12.5,,,930,98,958,132,0.624,0.855
258,10.32,P17,TEAM_B,1053.0,156,0.0,,,1040,118,1066,156,0.491,0.711
259,10.36,P11,TEAM_A,799.5,370,0.0,,,776,321,823,370,0.913,0.714
259,10.36,P01,TEAM_B,280.0,148,0.0,,,270,114,290,148,0.888,0.565
259,10.36,P08,TEAM_A,836.0,220,0.0,,,820,173,852,220,0.886,1.0
259,10.36,P02,TEAM_B,733.5,157,0.0,,,719,112,748,157,0.885,0.724
259,10.36,P03,TEAM_A,727.0,118,0.0,,,715,82,739,118,0.833,1.0
259,10.36,P04,TEAM_A,608.5,145,0.0,,,600,100,617,145,0.83,1.0
259,10.36,P15,TEAM_B,944.0,132,0.0,,,930,98,958,132,0.624,0.855
259,10.36,P17,TEAM_B,1053.0,156,0.0,,,1040,118,1066,156,0.491,0.711
260,10.4,P11,TEAM_A,799.5,370,0.0,,,776,321,823,370,0.913,0.714
260,10.4,P01,TEAM_B,280.0,148,0.0,,,270,114,290,148,0.888,0.565
260,10.4,P08,TEAM_A,836.0,220,0.0,,,820,173,852,220,0.886,1.0
260,10.4,P02,TEAM_B,733.5,157,0.0,,,719,112,748,157,0.885,0.724
260,10.4,P03,TEAM_A,727.0,118,0.0,,,715,82,739,118,0.833,1.0
260,10.4,P04,TEAM_A,608.5,145,0.0,,,600,100,617,145,0.83,1.0
260,10.4,P15,TEAM_B,944.0,132,0.0,,,930,98,958,132,0.624,0.855
260,10.4,P17,TEAM_B,1053.0,156,0.0,,,1040,118,1066,156,0.491,0.711
261,10.44,P11,TEAM_A,805.0,370,137.5,,,780,322,830,370,0.902,0.714
261,10.44,P02,TEAM_B,734.0,157,12.5,,,719,113,749,157,0.889,0.865
261,10.44,P08,TEAM_A,836.0,219,25.0,,,820,171,852,219,0.888,1.0
261,10.44,P01,TEAM_A,279.5,149,27.95,,,269,114,290,149,0.887,0.577
261,10.44,P04,TEAM_A,605.0,148,115.24,,,596,102,614,148,0.832,1.0
261,10.44,P03,TEAM_A,728.0,117,35.36,,,716,82,740,117,0.829,1.0
261,10.44,P14,TEAM_B,863.0,119,31.25,,,852,93,874,119,0.62,0.571
261,10.44,P15,TEAM_B,944.0,132,0.0,,,930,98,958,132,0.604,0.855
261,10.44,P17,TEAM_B,1053.5,156,12.5,,,1040,118,1067,156,0.504,0.711
262,10.48,P11,TEAM_A,805.0,370,0.0,,,780,322,830,370,0.902,0.714
262,10.48,P02,TEAM_B,734.0,157,0.0,,,719,113,749,157,0.889,0.865
262,10.48,P08,TEAM_A,836.0,219,0.0,,,820,171,852,219,0.888,1.0
262,10.48,P01,TEAM_A,279.5,149,0.0,,,269,114,290,149,0.887,0.577
262,10.48,P04,TEAM_A,605.0,148,0.0,,,596,102,614,148,0.832,1.0
262,10.48,P03,TEAM_A,728.0,117,0.0,,,716,82,740,117,0.829,1.0
262,10.48,P14,TEAM_B,863.0,119,0.0,,,852,93,874,119,0.62,0.571
262,10.48,P15,TEAM_B,944.0,132,0.0,,,930,98,958,132,0.604,0.855
262,10.48,P17,TEAM_B,1053.5,156,0.0,,,1040,118,1067,156,0.504,0.711
263,10.52,P11,TEAM_A,805.0,370,0.0,,,780,322,830,370,0.902,0.714
263,10.52,P02,TEAM_B,734.0,157,0.0,,,719,113,749,157,0.889,0.865
263,10.52,P08,TEAM_A,836.0,219,0.0,,,820,171,852,219,0.888,1.0
263,10.52,P01,TEAM_A,279.5,149,0.0,,,269,114,290,149,0.887,0.577
263,10.52,P04,TEAM_A,605.0,148,0.0,,,596,102,614,148,0.832,1.0
263,10.52,P03,TEAM_A,728.0,117,0.0,,,716,82,740,117,0.829,1.0
263,10.52,P14,TEAM_B,863.0,119,0.0,,,852,93,874,119,0.62,0.571
263,10.52,P15,TEAM_B,944.0,132,0.0,,,930,98,958,132,0.604,0.855
263,10.52,P17,TEAM_B,1053.5,156,0.0,,,1040,118,1067,156,0.504,0.711
264,10.56,P11,TEAM_A,815.0,371,251.25,,,793,323,837,371,0.9,0.862
264,10.56,P02,TEAM_B,736.0,158,55.9,,,721,115,751,158,0.89,0.718
264,10.56,P08,TEAM_A,836.5,219,12.5,,,821,170,852,219,0.888,1.0
264,10.56,P01,TEAM_A,278.5,149,25.0,,,267,115,290,149,0.883,0.579
264,10.56,P03,TEAM_A,728.0,116,25.0,,,715,82,741,116,0.841,1.0
264,10.56,P04,TEAM_A,599.5,154,203.49,,,591,102,608,154,0.832,1.0
264,10.56,P15,TEAM_B,944.5,132,12.5,,,930,98,959,132,0.661,0.855
264,10.56,P14,TEAM_B,866.5,121,100.78,,,855,94,878,121,0.661,0.717
264,10.56,P17,TEAM_B,1054.0,156,12.5,,,1041,118,1067,156,0.536,0.713
265,10.6,P11,TEAM_A,815.0,371,0.0,,,793,323,837,371,0.9,0.862
265,10.6,P02,TEAM_B,736.0,158,0.0,,,721,115,751,158,0.89,0.718
265,10.6,P08,TEAM_A,836.5,219,0.0,,,821,170,852,219,0.888,1.0
265,10.6,P01,TEAM_A,278.5,149,0.0,,,267,115,290,149,0.883,0.579
265,10.6,P03,TEAM_A,728.0,116,0.0,,,715,82,741,116,0.841,1.0
265,10.6,P04,TEAM_A,599.5,154,0.0,,,591,102,608,154,0.832,1.0
265,10.6,P15,TEAM_B,944.5,132,0.0,,,930,98,959,132,0.661,0.855
265,10.6,P14,TEAM_B,866.5,121,0.0,,,855,94,878,121,0.661,0.717
265,10.6,P17,TEAM_B,1054.0,156,0.0,,,1041,118,1067,156,0.536,0.713
266,10.64,P11,TEAM_A,815.0,371,0.0,,,793,323,837,371,0.9,0.862
266,10.64,P02,TEAM_B,736.0,158,0.0,,,721,115,751,158,0.89,0.718
266,10.64,P08,TEAM_A,836.5,219,0.0,,,821,170,852,219,0.888,1.0
266,10.64,P01,TEAM_A,278.5,149,0.0,,,267,115,290,149,0.883,0.579
266,10.64,P03,TEAM_A,728.0,116,0.0,,,715,82,741,116,0.841,1.0
266,10.64,P04,TEAM_A,599.5,154,0.0,,,591,102,608,154,0.832,1.0
266,10.64,P15,TEAM_B,944.5,132,0.0,,,930,98,959,132,0.661,0.855
266,10.64,P14,TEAM_B,866.5,121,0.0,,,855,94,878,121,0.661,0.717
266,10.64,P17,TEAM_B,1054.0,156,0.0,,,1041,118,1067,156,0.536,0.713
267,10.68,P02,TEAM_B,738.5,161,97.63,,,725,115,752,161,0.89,0.711
267,10.68,P01,TEAM_A,278.0,149,12.5,,,266,116,290,149,0.885,0.577
267,10.68,P08,TEAM_A,836.5,218,25.0,,,821,169,852,218,0.885,1.0
267,10.68,P04,TEAM_A,598.0,154,37.5,,,589,102,607,154,0.852,1.0
267,10.68,P03,TEAM_A,729.5,116,37.5,,,717,81,742,116,0.829,1.0
267,10.68,P15,TEAM_B,944.5,133,25.0,,,930,98,959,133,0.692,0.855
267,10.68,P14,TEAM_B,868.5,122,55.9,,,858,95,879,122,0.599,0.711
267,10.68,P17,TEAM_B,1054.0,156,0.0,,,1041,118,1067,156,0.546,0.713
268,10.72,P02,TEAM_B,738.5,161,0.0,,,725,115,752,161,0.89,0.711
268,10.72,P01,TEAM_A,278.0,149,0.0,,,266,116,290,149,0.885,0.577
268,10.72,P08,TEAM_A,836.5,218,0.0,,,821,169,852,218,0.885,1.0
268,10.72,P04,TEAM_A,598.0,154,0.0,,,589,102,607,154,0.852,1.0
268,10.72,P03,TEAM_A,729.5,116,0.0,,,717,81,742,116,0.829,1.0
268,10.72,P15,TEAM_B,944.5,133,0.0,,,930,98,959,133,0.692,0.855
268,10.72,P14,TEAM_B,868.5,122,0.0,,,858,95,879,122,0.599,0.711
268,10.72,P17,TEAM_B,1054.0,156,0.0,,,1041,118,1067,156,0.546,0.713
269,10.76,P02,TEAM_B,738.5,161,0.0,,,725,115,752,161,0.89,0.711
269,10.76,P01,TEAM_A,278.0,149,0.0,,,266,116,290,149,0.885,0.577
269,10.76,P08,TEAM_A,836.5,218,0.0,,,821,169,852,218,0.885,1.0
269,10.76,P04,TEAM_A,598.0,154,0.0,,,589,102,607,154,0.852,1.0
269,10.76,P03,TEAM_A,729.5,116,0.0,,,717,81,742,116,0.829,1.0
269,10.76,P15,TEAM_B,944.5,133,0.0,,,930,98,959,133,0.692,0.855
269,10.76,P14,TEAM_B,868.5,122,0.0,,,858,95,879,122,0.599,0.711
269,10.76,P17,TEAM_B,1054.0,156,0.0,,,1041,118,1067,156,0.546,0.713
270,10.8,P02,TEAM_B,740.0,165,106.8,,,728,117,752,165,0.89,0.85
270,10.8,P08,TEAM_A,837.5,218,25.0,,,822,169,853,218,0.888,1.0
270,10.8,P01,TEAM_B,277.5,150,27.95,,,265,117,290,150,0.886,0.564
270,10.8,P04,TEAM_A,595.0,154,75.0,,,585,104,605,154,0.868,1.0
270,10.8,P03,TEAM_A,732.5,116,75.0,,,719,81,746,116,0.834,1.0
270,10.8,P15,TEAM_B,944.5,132,25.0,,,930,99,959,132,0.674,0.855
270,10.8,P13,TEAM_A,1070.0,299,2.82,,,1058,271,1082,299,0.554,0.573
270,10.8,P16,TEAM_A,264.5,392,4.3,,,244,341,285,392,0.548,0.85
270,10.8,P17,TEAM_B,1054.0,156,0.0,,,1041,118,1067,156,0.466,0.713
270,10.8,P14,TEAM_B,872.5,122,100.0,,,863,97,882,122,0.41,0.851
271,10.84,P02,TEAM_B,740.0,165,0.0,,,728,117,752,165,0.89,0.85
271,10.84,P08,TEAM_A,837.5,218,0.0,,,822,169,853,218,0.888,1.0
271,10.84,P01,TEAM_B,277.5,150,0.0,,,265,117,290,150,0.886,0.564
271,10.84,P04,TEAM_A,595.0,154,0.0,,,585,104,605,154,0.868,1.0
271,10.84,P03,TEAM_A,732.5,116,0.0,,,719,81,746,116,0.834,1.0
271,10.84,P15,TEAM_B,944.5,132,0.0,,,930,99,959,132,0.674,0.855
271,10.84,P13,TEAM_A,1070.0,299,0.0,,,1058,271,1082,299,0.554,0.573
271,10.84,P16,TEAM_A,264.5,392,0.0,,,244,341,285,392,0.548,0.85
271,10.84,P17,TEAM_B,1054.0,156,0.0,,,1041,118,1067,156,0.466,0.713
271,10.84,P14,TEAM_B,872.5,122,0.0,,,863,97,882,122,0.41,0.851
272,10.88,P02,TEAM_B,740.0,165,0.0,,,728,117,752,165,0.89,0.85
272,10.88,P08,TEAM_A,837.5,218,0.0,,,822,169,853,218,0.888,1.0
272,10.88,P01,TEAM_B,277.5,150,0.0,,,265,117,290,150,0.886,0.564
272,10.88,P04,TEAM_A,595.0,154,0.0,,,585,104,605,154,0.868,1.0
272,10.88,P03,TEAM_A,732.5,116,0.0,,,719,81,746,116,0.834,1.0
272,10.88,P15,TEAM_B,944.5,132,0.0,,,930,99,959,132,0.674,0.855
272,10.88,P13,TEAM_A,1070.0,299,0.0,,,1058,271,1082,299,0.554,0.573
272,10.88,P16,TEAM_A,264.5,392,0.0,,,244,341,285,392,0.548,0.85
272,10.88,P17,TEAM_B,1054.0,156,0.0,,,1041,118,1067,156,0.466,0.713
272,10.88,P14,TEAM_B,872.5,122,0.0,,,863,97,882,122,0.41,0.851
273,10.92,P08,TEAM_A,837.5,217,25.0,,,822,170,853,217,0.89,1.0
273,10.92,P01,TEAM_B,275.5,150,50.0,,,263,116,288,150,0.888,0.565
273,10.92,P02,TEAM_B,740.0,167,50.0,,,729,119,751,167,0.879,0.848
273,10.92,P04,TEAM_A,590.5,155,115.24,,,580,106,601,155,0.875,1.0
273,10.92,P03,TEAM_A,733.5,117,35.36,,,719,82,748,117,0.842,0.866
273,10.92,P16,TEAM_A,262.5,393,55.9,,,242,341,283,393,0.756,0.847
273,10.92,P15,TEAM_B,944.5,133,25.0,,,930,98,959,133,0.701,0.855
273,10.92,P14,TEAM_B,874.5,125,90.14,,,865,98,884,125,0.608,0.718
273,10.92,P13,TEAM_B,1069.0,298,35.36,,,1058,270,1080,298,0.505,0.567
273,10.92,P17,TEAM_B,1053.0,156,25.0,,,1040,118,1066,156,0.443,0.711
274,10.96,P08,TEAM_A,837.5,217,0.0,,,822,170,853,217,0.89,1.0
274,10.96,P01,TEAM_B,275.5,150,0.0,,,263,116,288,150,0.888,0.565
274,10.96,P02,TEAM_B,740.0,167,0.0,,,729,119,751,167,0.879,0.848
274,10.96,P04,TEAM_A,590.5,155,0.0,,,580,106,601,155,0.875,1.0
274,10.96,P03,TEAM_A,733.5,117,0.0,,,719,82,748,117,0.842,0.866
274,10.96,P16,TEAM_A,262.5,393,0.0,,,242,341,283,393,0.756,0.847
274,10.96,P15,TEAM_B,944.5,133,0.0,,,930,98,959,133,0.701,0.855
274,10.96,P14,TEAM_B,874.5,125,0.0,,,865,98,884,125,0.608,0.718
274,10.96,P13,TEAM_B,1069.0,298,0.0,,,1058,270,1080,298,0.505,0.567
274,10.96,P17,TEAM_B,1053.0,156,0.0,,,1040,118,1066,156,0.443,0.711
275,11.0,P08,TEAM_A,837.5,217,0.0,,,822,170,853,217,0.89,1.0
275,11.0,P01,TEAM_B,275.5,150,0.0,,,263,116,288,150,0.888,0.565
275,11.0,P02,TEAM_B,740.0,167,0.0,,,729,119,751,167,0.879,0.848
275,11.0,P04,TEAM_A,590.5,155,0.0,,,580,106,601,155,0.875,1.0
275,11.0,P03,TEAM_A,733.5,117,0.0,,,719,82,748,117,0.842,0.866
275,11.0,P16,TEAM_A,262.5,393,0.0,,,242,341,283,393,0.756,0.847
275,11.0,P15,TEAM_B,944.5,133,0.0,,,930,98,959,133,0.701,0.855
275,11.0,P14,TEAM_B,874.5,125,0.0,,,865,98,884,125,0.608,0.718
275,11.0,P13,TEAM_B,1069.0,298,0.0,,,1058,270,1080,298,0.505,0.567
275,11.0,P17,TEAM_B,1053.0,156,0.0,,,1040,118,1066,156,0.443,0.711
276,11.04,P08,TEAM_A,838.5,217,25.0,,,822,170,855,217,0.893,1.0
276,11.04,P01,TEAM_B,274.5,150,25.0,,,263,116,286,150,0.886,0.568
276,11.04,P02,TEAM_B,740.0,168,25.0,,,729,119,751,168,0.875,0.842
276,11.04,P04,TEAM_A,587.5,156,79.06,,,578,107,597,156,0.864,1.0
276,11.04,P03,TEAM_A,736.5,118,79.06,,,721,83,752,118,0.853,0.729
276,11.04,P15,TEAM_B,945.0,133,12.5,,,931,98,959,133,0.677,0.855
276,11.04,P14,TEAM_B,875.5,128,79.06,,,866,99,885,128,0.674,0.719
276,11.04,P16,TEAM_A,263.5,396,79.06,,,243,343,284,396,0.507,0.857
276,11.04,P17,TEAM_B,1052.5,157,27.95,,,1039,117,1066,157,0.428,0.71
276,11.04,P13,TEAM_B,1068.5,296,51.54,,,1057,269,1080,296,0.408,0.565
277,11.08,P08,TEAM_A,838.5,217,0.0,,,822,170,855,217,0.893,1.0
277,11.08,P01,TEAM_B,274.5,150,0.0,,,263,116,286,150,0.886,0.568
277,11.08,P02,TEAM_B,740.0,168,0.0,,,729,119,751,168,0.875,0.842
277,11.08,P04,TEAM_A,587.5,156,0.0,,,578,107,597,156,0.864,1.0
277,11.08,P03,TEAM_A,736.5,118,0.0,,,721,83,752,118,0.853,0.729
277,11.08,P15,TEAM_B,945.0,133,0.0,,,931,98,959,133,0.677,0.855
277,11.08,P14,TEAM_B,875.5,128,0.0,,,866,99,885,128,0.674,0.719
277,11.08,P16,TEAM_A,263.5,396,0.0,,,243,343,284,396,0.507,0.857
277,11.08,P17,TEAM_B,1052.5,157,0.0,,,1039,117,1066,157,0.428,0.71
277,11.08,P13,TEAM_B,1068.5,296,0.0,,,1057,269,1080,296,0.408,0.565
278,11.12,P08,TEAM_A,838.5,217,0.0,,,822,170,855,217,0.893,1.0
278,11.12,P01,TEAM_B,274.5,150,0.0,,,263,116,286,150,0.886,0.568
278,11.12,P02,TEAM_B,740.0,168,0.0,,,729,119,751,168,0.875,0.842
278,11.12,P04,TEAM_A,587.5,156,0.0,,,578,107,597,156,0.864,1.0
278,11.12,P03,TEAM_A,736.5,118,0.0,,,721,83,752,118,0.853,0.729
278,11.12,P15,TEAM_B,945.0,133,0.0,,,931,98,959,133,0.677,0.855
278,11.12,P14,TEAM_B,875.5,128,0.0,,,866,99,885,128,0.674,0.719
278,11.12,P16,TEAM_A,263.5,396,0.0,,,243,343,284,396,0.507,0.857
278,11.12,P17,TEAM_B,1052.5,157,0.0,,,1039,117,1066,157,0.428,0.71
278,11.12,P13,TEAM_B,1068.5,296,0.0,,,1057,269,1080,296,0.408,0.565
279,11.16,P08,TEAM_A,839.5,218,35.36,,,822,171,857,218,0.891,1.0
279,11.16,P01,TEAM_B,273.5,151,35.36,,,262,116,285,151,0.889,0.567
279,11.16,P04,TEAM_A,584.0,155,91.0,,,575,108,593,155,0.879,1.0
279,11.16,P02,TEAM_B,739.5,166,51.54,,,729,120,750,166,0.869,0.721
279,11.16,P03,TEAM_A,742.5,118,150.0,,,731,82,754,118,0.843,0.868
279,11.16,P14,TEAM_B,878.5,128,75.0,,,869,100,888,128,0.735,0.718
279,11.16,P15,TEAM_B,944.5,133,12.5,,,931,99,958,133,0.672,0.855
279,11.16,P13,TEAM_A,1067.0,295,45.07,,,1056,266,1078,295,0.593,0.573
279,11.16,P16,TEAM_A,263.5,396,0.0,,,242,343,285,396,0.471,0.855
279,11.16,P17,TEAM_B,1053.0,157,12.5,,,1040,117,1066,157,0.448,0.71
280,11.2,P08,TEAM_A,839.5,218,0.0,,,822,171,857,218,0.891,1.0
280,11.2,P01,TEAM_B,273.5,151,0.0,,,262,116,285,151,0.889,0.567
280,11.2,P04,TEAM_A,584.0,155,0.0,,,575,108,593,155,0.879,1.0
280,11.2,P02,TEAM_B,739.5,166,0.0,,,729,120,750,166,0.869,0.721
280,11.2,P03,TEAM_A,742.5,118,0.0,,,731,82,754,118,0.843,0.868
280,11.2,P14,TEAM_B,878.5,128,0.0,,,869,100,888,128,0.735,0.718
280,11.2,P15,TEAM_B,944.5,133,0.0,,,931,99,958,133,0.672,0.855
280,11.2,P13,TEAM_A,1067.0,295,0.0,,,1056,266,1078,295,0.593,0.573
280,11.2,P16,TEAM_A,263.5,396,0.0,,,242,343,285,396,0.471,0.855
280,11.2,P17,TEAM_B,1053.0,157,0.0,,,1040,117,1066,157,0.448,0.71
281,11.24,P08,TEAM_A,839.5,218,0.0,,,822,171,857,218,0.891,1.0
281,11.24,P01,TEAM_B,273.5,151,0.0,,,262,116,285,151,0.889,0.567
281,11.24,P04,TEAM_A,584.0,155,0.0,,,575,108,593,155,0.879,1.0
281,11.24,P02,TEAM_B,739.5,166,0.0,,,729,120,750,166,0.869,0.721
281,11.24,P03,TEAM_A,742.5,118,0.0,,,731,82,754,118,0.843,0.868
281,11.24,P14,TEAM_B,878.5,128,0.0,,,869,100,888,128,0.735,0.718
281,11.24,P15,TEAM_B,944.5,133,0.0,,,931,99,958,133,0.672,0.855
281,11.24,P13,TEAM_A,1067.0,295,0.0,,,1056,266,1078,295,0.593,0.573
281,11.24,P16,TEAM_A,263.5,396,0.0,,,242,343,285,396,0.471,0.855
281,11.24,P17,TEAM_B,1053.0,157,0.0,,,1040,117,1066,157,0.448,0.71
282,11.28,P01,TEAM_B,273.5,151,0.0,,,262,115,285,151,0.889,0.568
282,11.28,P04,TEAM_A,580.5,157,100.78,,,570,109,591,157,0.884,1.0
282,11.28,P08,TEAM_A,842.5,216,90.14,,,826,172,859,216,0.883,1.0
282,11.28,P02,TEAM_B,738.5,171,127.48,,,728,120,749,171,0.86,0.704
282,11.28,P03,TEAM_A,746.0,119,91.0,,,735,82,757,119,0.844,1.0
282,11.28,P13,TEAM_A,1065.0,295,50.0,,,1053,266,1077,295,0.751,0.574
282,11.28,P16,TEAM_A,261.5,394,70.71,,,240,341,283,394,0.712,0.857
282,11.28,P14,TEAM_B,880.5,129,55.9,,,871,102,890,129,0.65,0.711
282,11.28,P15,TEAM_B,944.5,133,0.0,,,931,99,958,133,0.625,0.855
282,11.28,P17,TEAM_B,1053.0,157,0.0,,,1040,117,1066,157,0.423,0.712
283,11.32,P01,TEAM_B,273.5,151,0.0,,,262,115,285,151,0.889,0.568
283,11.32,P04,TEAM_A,580.5,157,0.0,,,570,109,591,157,0.884,1.0
283,11.32,P08,TEAM_A,842.5,216,0.0,,,826,172,859,216,0.883,1.0
283,11.32,P02,TEAM_B,738.5,171,0.0,,,728,120,749,171,0.86,0.704
283,11.32,P03,TEAM_A,746.0,119,0.0,,,735,82,757,119,0.844,1.0
283,11.32,P13,TEAM_A,1065.0,295,0.0,,,1053,266,1077,295,0.751,0.574
283,11.32,P16,TEAM_A,261.5,394,0.0,,,240,341,283,394,0.712,0.857
283,11.32,P14,TEAM_B,880.5,129,0.0,,,871,102,890,129,0.65,0.711
283,11.32,P15,TEAM_B,944.5,133,0.0,,,931,99,958,133,0.625,0.855
283,11.32,P17,TEAM_B,1053.0,157,0.0,,,1040,117,1066,157,0.423,0.712
284,11.36,P01,TEAM_B,273.5,151,0.0,,,262,115,285,151,0.889,0.568
284,11.36,P04,TEAM_A,580.5,157,0.0,,,570,109,591,157,0.884,1.0
284,11.36,P08,TEAM_A,842.5,216,0.0,,,826,172,859,216,0.883,1.0
284,11.36,P02,TEAM_B,738.5,171,0.0,,,728,120,749,171,0.86,0.704
284,11.36,P03,TEAM_A,746.0,119,0.0,,,735,82,757,119,0.844,1.0
284,11.36,P13,TEAM_A,1065.0,295,0.0,,,1053,266,1077,295,0.751,0.574
284,11.36,P16,TEAM_A,261.5,394,0.0,,,240,341,283,394,0.712,0.857
284,11.36,P14,TEAM_B,880.5,129,0.0,,,871,102,890,129,0.65,0.711
284,11.36,P15,TEAM_B,944.5,133,0.0,,,931,99,958,133,0.625,0.855
284,11.36,P17,TEAM_B,1053.0,157,0.0,,,1040,117,1066,157,0.423,0.712
285,11.4,P01,TEAM_B,273.0,150,27.95,,,262,115,284,150,0.885,0.567
285,11.4,P02,TEAM_B,734.5,175,141.42,,,723,122,746,175,0.876,0.846
285,11.4,P04,TEAM_A,577.5,159,90.14,,,568,112,587,159,0.863,1.0
285,11.4,P03,TEAM_A,748.5,119,62.5,,,736,83,761,119,0.85,1.0
285,11.4,P08,TEAM_A,845.5,219,106.07,,,830,172,861,219,0.831,1.0
285,11.4,P16,TEAM_A,261.5,396,50.0,,,242,341,281,396,0.669,0.853
285,11.4,P14,TEAM_B,883.5,131,90.14,,,873,103,894,131,0.601,0.574
285,11.4,P15,TEAM_B,944.5,133,0.0,,,931,99,958,133,0.533,0.855
285,11.4,P13,TEAM_A,1064.5,294,27.95,,,1053,265,1076,294,0.517,0.573
286,11.44,P01,TEAM_B,273.0,150,0.0,,,262,115,284,150,0.885,0.567
286,11.44,P02,TEAM_B,734.5,175,0.0,,,723,122,746,175,0.876,0.846
286,11.44,P04,TEAM_A,577.5,159,0.0,,,568,112,587,159,0.863,1.0
286,11.44,P03,TEAM_A,748.5,119,0.0,,,736,83,761,119,0.85,1.0
286,11.44,P08,TEAM_A,845.5,219,0.0,,,830,172,861,219,0.831,1.0
286,11.44,P16,TEAM_A,261.5,396,0.0,,,242,341,281,396,0.669,0.853
286,11.44,P14,TEAM_B,883.5,131,0.0,,,873,103,894,131,0.601,0.574
286,11.44,P15,TEAM_B,944.5,133,0.0,,,931,99,958,133,0.533,0.855
286,11.44,P13,TEAM_A,1064.5,294,0.0,,,1053,265,1076,294,0.517,0.573
287,11.48,P01,TEAM_B,273.0,150,0.0,,,262,115,284,150,0.885,0.567
287,11.48,P02,TEAM_B,734.5,175,0.0,,,723,122,746,175,0.876,0.846
287,11.48,P04,TEAM_A,577.5,159,0.0,,,568,112,587,159,0.863,1.0
287,11.48,P03,TEAM_A,748.5,119,0.0,,,736,83,761,119,0.85,1.0
287,11.48,P08,TEAM_A,845.5,219,0.0,,,830,172,861,219,0.831,1.0
287,11.48,P16,TEAM_A,261.5,396,0.0,,,242,341,281,396,0.669,0.853
287,11.48,P14,TEAM_B,883.5,131,0.0,,,873,103,894,131,0.601,0.574
287,11.48,P15,TEAM_B,944.5,133,0.0,,,931,99,958,133,0.533,0.855
287,11.48,P13,TEAM_A,1064.5,294,0.0,,,1053,265,1076,294,0.517,0.573
288,11.52,P02,TEAM_B,732.5,175,50.0,,,722,125,743,175,0.891,0.854
288,11.52,P01,TEAM_B,272.5,150,12.5,,,261,114,284,150,0.883,0.566
288,11.52,P08,TEAM_A,847.0,218,45.07,,,830,173,864,218,0.867,1.0
288,11.52,P04,TEAM_A,576.0,159,37.5,,,567,113,585,159,0.863,1.0
288,11.52,P03,TEAM_A,753.0,119,112.5,,,741,83,765,119,0.85,0.866
288,11.52,P14,TEAM_B,884.5,134,79.06,,,874,104,895,134,0.704,0.841
288,11.52,P16,TEAM_A,260.0,394,62.5,,,241,340,279,394,0.692,1.0
288,11.52,P15,TEAM_B,944.5,133,0.0,,,931,99,958,133,0.607,0.855
289,11.56,P02,TEAM_B,732.5,175,0.0,,,722,125,743,175,0.891,0.854
289,11.56,P01,TEAM_B,272.5,150,0.0,,,261,114,284,150,0.883,0.566
289,11.56,P08,TEAM_A,847.0,218,0.0,,,830,173,864,218,0.867,1.0
289,11.56,P04,TEAM_A,576.0,159,0.0,,,567,113,585,159,0.863,1.0
289,11.56,P03,TEAM_A,753.0,119,0.0,,,741,83,765,119,0.85,0.866
289,11.56,P14,TEAM_B,884.5,134,0.0,,,874,104,895,134,0.704,0.841
289,11.56,P16,TEAM_A,260.0,394,0.0,,,241,340,279,394,0.692,1.0
289,11.56,P15,TEAM_B,944.5,133,0.0,,,931,99,958,133,0.607,0.855
290,11.6,P02,TEAM_B,732.5,175,0.0,,,722,125,743,175,0.891,0.854
290,11.6,P01,TEAM_B,272.5,150,0.0,,,261,114,284,150,0.883,0.566
290,11.6,P08,TEAM_A,847.0,218,0.0,,,830,173,864,218,0.867,1.0
290,11.6,P04,TEAM_A,576.0,159,0.0,,,567,113,585,159,0.863,1.0
290,11.6,P03,TEAM_A,753.0,119,0.0,,,741,83,765,119,0.85,0.866
290,11.6,P14,TEAM_B,884.5,134,0.0,,,874,104,895,134,0.704,0.841
290,11.6,P16,TEAM_A,260.0,394,0.0,,,241,340,279,394,0.692,1.0
290,11.6,P15,TEAM_B,944.5,133,0.0,,,931,99,958,133,0.607,0.855
291,11.64,P02,TEAM_B,730.0,175,62.5,,,718,124,742,175,0.9,0.854
291,11.64,P01,TEAM_B,271.5,150,25.0,,,261,114,282,150,0.885,0.564
291,11.64,P08,TEAM_A,848.0,219,35.36,,,831,174,865,219,0.873,1.0
291,11.64,P04,TEAM_A,575.0,164,127.48,,,565,113,585,164,0.871,1.0
291,11.64,P03,TEAM_A,757.5,118,115.24,,,747,83,768,118,0.849,0.863
291,11.64,P16,TEAM_A,261.5,392,62.5,,,240,339,283,392,0.716,0.858
291,11.64,P15,TEAM_B,944.5,133,0.0,,,931,99,958,133,0.624,0.855
291,11.64,P14,TEAM_B,888.0,133,91.0,,,877,105,899,133,0.617,0.707
291,11.64,P13,TEAM_B,1062.5,293,13.98,,,1050,263,1075,293,0.527,0.57
292,11.68,P02,TEAM_B,730.0,175,0.0,,,718,124,742,175,0.9,0.854
292,11.68,P01,TEAM_B,271.5,150,0.0,,,261,114,282,150,0.885,0.564
292,11.68,P08,TEAM_A,848.0,219,0.0,,,831,174,865,219,0.873,1.0
292,11.68,P04,TEAM_A,575.0,164,0.0,,,565,113,585,164,0.871,1.0
292,11.68,P03,TEAM_A,757.5,118,0.0,,,747,83,768,118,0.849,0.863
292,11.68,P16,TEAM_A,261.5,392,0.0,,,240,339,283,392,0.716,0.858
292,11.68,P15,TEAM_B,944.5,133,0.0,,,931,99,958,133,0.624,0.855
292,11.68,P14,TEAM_B,888.0,133,0.0,,,877,105,899,133,0.617,0.707
292,11.68,P13,TEAM_B,1062.5,293,0.0,,,1050,263,1075,293,0.527,0.57
293,11.72,P02,TEAM_B,730.0,175,0.0,,,718,124,742,175,0.9,0.854
293,11.72,P01,TEAM_B,271.5,150,0.0,,,261,114,282,150,0.885,0.564
293,11.72,P08,TEAM_A,848.0,219,0.0,,,831,174,865,219,0.873,1.0
293,11.72,P04,TEAM_A,575.0,164,0.0,,,565,113,585,164,0.871,1.0
293,11.72,P03,TEAM_A,757.5,118,0.0,,,747,83,768,118,0.849,0.863
293,11.72,P16,TEAM_A,261.5,392,0.0,,,240,339,283,392,0.716,0.858
293,11.72,P15,TEAM_B,944.5,133,0.0,,,931,99,958,133,0.624,0.855
293,11.72,P14,TEAM_B,888.0,133,0.0,,,877,105,899,133,0.617,0.707
293,11.72,P13,TEAM_B,1062.5,293,0.0,,,1050,263,1075,293,0.527,0.57
294,11.76,P02,TEAM_B,723.5,175,162.5,,,709,125,738,175,0.906,0.865
294,11.76,P01,TEAM_B,271.0,149,27.95,,,260,114,282,149,0.884,0.567
294,11.76,P04,TEAM_A,575.0,165,25.0,,,565,115,585,165,0.87,1.0
294,11.76,P03,TEAM_A,759.5,121,90.14,,,748,84,771,121,0.85,0.861
294,11.76,P08,TEAM_A,851.5,219,87.5,,,834,175,869,219,0.847,1.0
294,11.76,P16,TEAM_A,262.5,396,103.08,,,241,341,284,396,0.826,0.86
294,11.76,P15,TEAM_B,944.5,133,0.0,,,931,99,958,133,0.608,0.855
294,11.76,P13,TEAM_B,1062.0,293,12.5,,,1049,262,1075,293,0.582,0.572
294,11.76,P14,TEAM_B,891.0,134,79.06,,,882,105,900,134,0.371,0.85
295,11.8,P02,TEAM_B,723.5,175,0.0,,,709,125,738,175,0.906,0.865
295,11.8,P01,TEAM_B,271.0,149,0.0,,,260,114,282,149,0.884,0.567
295,11.8,P04,TEAM_A,575.0,165,0.0,,,565,115,585,165,0.87,1.0
295,11.8,P03,TEAM_A,759.5,121,0.0,,,748,84,771,121,0.85,0.861
295,11.8,P08,TEAM_A,851.5,219,0.0,,,834,175,869,219,0.847,1.0
295,11.8,P16,TEAM_A,262.5,396,0.0,,,241,341,284,396,0.826,0.86
295,11.8,P15,TEAM_B,944.5,133,0.0,,,931,99,958,133,0.608,0.855
295,11.8,P13,TEAM_B,1062.0,293,0.0,,,1049,262,1075,293,0.582,0.572
295,11.8,P14,TEAM_B,891.0,134,0.0,,,882,105,900,134,0.371,0.85
296,11.84,P02,TEAM_B,723.5,175,0.0,,,709,125,738,175,0.906,0.865
296,11.84,P01,TEAM_B,271.0,149,0.0,,,260,114,282,149,0.884,0.567
296,11.84,P04,TEAM_A,575.0,165,0.0,,,565,115,585,165,0.87,1.0
296,11.84,P03,TEAM_A,759.5,121,0.0,,,748,84,771,121,0.85,0.861
296,11.84,P08,TEAM_A,851.5,219,0.0,,,834,175,869,219,0.847,1.0
296,11.84,P16,TEAM_A,262.5,396,0.0,,,241,341,284,396,0.826,0.86
296,11.84,P15,TEAM_B,944.5,133,0.0,,,931,99,958,133,0.608,0.855
296,11.84,P13,TEAM_B,1062.0,293,0.0,,,1049,262,1075,293,0.582,0.572
296,11.84,P14,TEAM_B,891.0,134,0.0,,,882,105,900,134,0.371,0.85
297,11.88,P02,TEAM_B,719.5,175,100.0,,,705,125,734,175,0.896,0.858
297,11.88,P01,TEAM_A,270.0,149,25.0,,,259,115,281,149,0.88,0.571
297,11.88,P04,TEAM_A,575.5,165,12.5,,,565,116,586,165,0.873,1.0
297,11.88,P08,TEAM_A,854.0,222,97.63,,,836,175,872,222,0.86,1.0
297,11.88,P03,TEAM_A,761.5,123,70.71,,,749,85,774,123,0.857,1.0
297,11.88,P16,TEAM_A,262.5,396,0.0,,,241,340,284,396,0.814,0.855
297,11.88,P15,TEAM_B,944.5,132,25.0,,,931,99,958,132,0.612,0.855
297,11.88,P13,TEAM_B,1061.5,293,12.5,,,1048,262,1075,293,0.584,0.714
297,11.88,P14,TEAM_B,892.0,134,25.0,,,882,105,902,134,0.537,0.721
298,11.92,P02,TEAM_B,719.5,175,0.0,,,705,125,734,175,0.896,0.858
298,11.92,P01,TEAM_A,270.0,149,0.0,,,259,115,281,149,0.88,0.571
298,11.92,P04,TEAM_A,575.5,165,0.0,,,565,116,586,165,0.873,1.0
298,11.92,P08,TEAM_A,854.0,222,0.0,,,836,175,872,222,0.86,1.0
298,11.92,P03,TEAM_A,761.5,123,0.0,,,749,85,774,123,0.857,1.0
298,11.92,P16,TEAM_A,262.5,396,0.0,,,241,340,284,396,0.814,0.855
298,11.92,P15,TEAM_B,944.5,132,0.0,,,931,99,958,132,0.612,0.855
298,11.92,P13,TEAM_B,1061.5,293,0.0,,,1048,262,1075,293,0.584,0.714
298,11.92,P14,TEAM_B,892.0,134,0.0,,,882,105,902,134,0.537,0.721
299,11.96,P02,TEAM_B,719.5,175,0.0,,,705,125,734,175,0.896,0.858
299,11.96,P01,TEAM_A,270.0,149,0.0,,,259,115,281,149,0.88,0.571
299,11.96,P04,TEAM_A,575.5,165,0.0,,,565,116,586,165,0.873,1.0
299,11.96,P08,TEAM_A,854.0,222,0.0,,,836,175,872,222,0.86,1.0
299,11.96,P03,TEAM_A,761.5,123,0.0,,,749,85,774,123,0.857,1.0
299,11.96,P16,TEAM_A,262.5,396,0.0,,,241,340,284,396,0.814,0.855
299,11.96,P15,TEAM_B,944.5,132,0.0,,,931,99,958,132,0.612,0.855
299,11.96,P13,TEAM_B,1061.5,293,0.0,,,1048,262,1075,293,0.584,0.714
299,11.96,P14,TEAM_B,892.0,134,0.0,,,882,105,902,134,0.537,0.721
